ticker,timestamp,price,T,sigma_implied,sigma_logit,near_boundary,is_jump_window
0x04787bbd66241501604f377f11b897879c1593b019bb3363dac0a73e99b4a131,2024-03-22 00:00:02+00:00,0.07,0.774811709382209,3.8213867006084192,58.70025653776373,False,False
0x04787bbd66241501604f377f11b897879c1593b019bb3363dac0a73e99b4a131,2024-03-23 00:00:03+00:00,0.065,0.7720738269069891,3.9060088890990565,64.26999406168747,False,False
0x04787bbd66241501604f377f11b897879c1593b019bb3363dac0a73e99b4a131,2024-03-24 00:00:03+00:00,0.075,0.769335976119857,3.7614641661811663,54.21930329630509,False,False
0x04787bbd66241501604f377f11b897879c1593b019bb3363dac0a73e99b4a131,2024-03-25 00:00:03+00:00,0.075,0.7665981253327249,3.7681750807624743,54.31603720017981,False,False
0x04787bbd66241501604f377f11b897879c1593b019bb3363dac0a73e99b4a131,2024-03-26 00:00:02+00:00,0.075,0.7638603062336806,3.7749219649815404,54.4132895853195,False,False
0x04787bbd66241501604f377f11b897879c1593b019bb3363dac0a73e99b4a131,2024-03-27 00:00:03+00:00,0.075,0.7611224237584607,3.781705377618874,54.511068506218,False,False
0x04787bbd66241501604f377f11b897879c1593b019bb3363dac0a73e99b4a131,2024-03-28 00:00:03+00:00,0.075,0.7583845729713287,3.788525411738891,54.60937530434437,False,False
0x04787bbd66241501604f377f11b897879c1593b019bb3363dac0a73e99b4a131,2024-03-29 00:00:02+00:00,0.075,0.7556467538722843,3.795382398194556,54.70821474875035,False,False
0x04787bbd66241501604f377f11b897879c1593b019bb3363dac0a73e99b4a131,2024-03-30 00:00:02+00:00,0.075,0.7529089030851522,3.802276832059564,54.807593975633345,False,False
0x04787bbd66241501604f377f11b897879c1593b019bb3363dac0a73e99b4a131,2024-03-31 00:00:03+00:00,0.075,0.7501710206099323,3.809209055278426,54.90751791392325,False,False
0x04787bbd66241501604f377f11b897879c1593b019bb3363dac0a73e99b4a131,2024-04-01 00:00:02+00:00,0.075,0.747433201510888,3.816179171547375,55.00798805834054,False,False
0x04787bbd66241501604f377f11b897879c1593b019bb3363dac0a73e99b4a131,2024-04-02 00:00:03+00:00,0.08,0.7446953190356681,3.75249593402303,50.98499910357378,False,False
0x04787bbd66241501604f377f11b897879c1593b019bb3363dac0a73e99b4a131,2024-04-03 00:00:03+00:00,0.095,0.741957468248536,3.5668447325345487,41.48699892450769,False,False
0x04787bbd66241501604f377f11b897879c1593b019bb3363dac0a73e99b4a131,2024-04-04 00:00:03+00:00,0.095,0.7392196174614039,3.5734438967635906,41.563755705304914,False,False
0x04787bbd66241501604f377f11b897879c1593b019bb3363dac0a73e99b4a131,2024-04-05 00:00:03+00:00,0.115,0.7364817666742718,3.357985901421756,32.994211755556435,False,False
0x04787bbd66241501604f377f11b897879c1593b019bb3363dac0a73e99b4a131,2024-04-06 00:00:03+00:00,0.135,0.7337439158871397,3.171250618743281,27.15693101043272,False,False
0x04787bbd66241501604f377f11b897879c1593b019bb3363dac0a73e99b4a131,2024-04-07 00:00:02+00:00,0.135,0.7310060967880955,3.1771836720560866,27.207738574661413,False,False
0x04787bbd66241501604f377f11b897879c1593b019bb3363dac0a73e99b4a131,2024-04-08 00:00:03+00:00,0.135,0.7282682143128755,3.1831502891891357,27.258833561885126,False,False
0x04787bbd66241501604f377f11b897879c1593b019bb3363dac0a73e99b4a131,2024-04-09 00:00:03+00:00,0.135,0.7255303635257434,3.189150578596731,27.310216900849763,False,False
0x04787bbd66241501604f377f11b897879c1593b019bb3363dac0a73e99b4a131,2024-04-10 00:00:03+00:00,0.14,0.7227925127386113,3.150245390453642,26.164828824365795,False,False
0x04787bbd66241501604f377f11b897879c1593b019bb3363dac0a73e99b4a131,2024-04-11 00:00:03+00:00,0.2,0.7200546619514792,2.697394097018186,16.85871310636366,False,False
0x04787bbd66241501604f377f11b897879c1593b019bb3363dac0a73e99b4a131,2024-04-12 00:00:03+00:00,0.225,0.7173168111643471,2.5436391947576302,14.587178177821535,False,False
0x04787bbd66241501604f377f11b897879c1593b019bb3363dac0a73e99b4a131,2024-04-13 00:00:02+00:00,0.235,0.7145789920653028,2.4888342501192264,13.844162147791554,False,False
0x04787bbd66241501604f377f11b897879c1593b019bb3363dac0a73e99b4a131,2024-04-14 00:00:03+00:00,0.24,0.7118411095900828,2.464497244718951,13.511498052187232,False,False
0x04787bbd66241501604f377f11b897879c1593b019bb3363dac0a73e99b4a131,2024-04-15 00:00:03+00:00,0.235,0.7091032588029508,2.4984252257670003,13.897512033191491,False,False
0x04787bbd66241501604f377f11b897879c1593b019bb3363dac0a73e99b4a131,2024-04-16 00:00:03+00:00,0.23,0.7063654080158187,2.5330061289720356,14.302688475279703,False,False
0x04787bbd66241501604f377f11b897879c1593b019bb3363dac0a73e99b4a131,2024-04-17 00:00:03+00:00,0.3,0.7036275572286866,2.161727151786963,10.293938818033157,False,False
0x04787bbd66241501604f377f11b897879c1593b019bb3363dac0a73e99b4a131,2024-04-18 00:00:03+00:00,0.265,0.7008897064415545,2.3440626373309583,12.034720253271509,False,False
0x04787bbd66241501604f377f11b897879c1593b019bb3363dac0a73e99b4a131,2024-04-19 00:00:03+00:00,0.3,0.6981518556544224,2.170187956910507,10.334228366240511,False,False
0x04787bbd66241501604f377f11b897879c1593b019bb3363dac0a73e99b4a131,2024-04-20 00:00:02+00:00,0.3,0.6954140365553781,2.174455734997796,10.354551119037124,False,False
0x04787bbd66241501604f377f11b897879c1593b019bb3363dac0a73e99b4a131,2024-04-21 00:00:03+00:00,0.305,0.6926761540801581,2.1546109158819786,10.164457676056037,False,False
0x04787bbd66241501604f377f11b897879c1593b019bb3363dac0a73e99b4a131,2024-04-22 00:00:03+00:00,0.32,0.6899383032930261,2.088305363560411,9.59699156047983,False,False
0x04787bbd66241501604f377f11b897879c1593b019bb3363dac0a73e99b4a131,2024-04-23 00:00:02+00:00,0.32,0.6872004841939818,2.0924611515720324,9.616089850974413,False,False
0x04787bbd66241501604f377f11b897879c1593b019bb3363dac0a73e99b4a131,2024-04-24 00:00:03+00:00,0.325,0.6844626017187618,2.073658069514768,9.452572396648515,False,False
0x04787bbd66241501604f377f11b897879c1593b019bb3363dac0a73e99b4a131,2024-04-25 00:00:03+00:00,0.64,0.6817247509316298,1.0564899217167538,4.585459729673411,False,False
0x04787bbd66241501604f377f11b897879c1593b019bb3363dac0a73e99b4a131,2024-04-26 00:00:02+00:00,0.365,0.6789869318325855,1.9078431434041117,8.231444907363226,False,False
0x04787bbd66241501604f377f11b897879c1593b019bb3363dac0a73e99b4a131,2024-04-27 00:00:03+00:00,0.37,0.6762490493573656,1.891102655486759,8.1128385048767,False,False
0x04787bbd66241501604f377f11b897879c1593b019bb3363dac0a73e99b4a131,2024-04-28 00:00:03+00:00,0.355,0.6735111985702334,1.957640900403324,8.549583580754772,False,False
0x04787bbd66241501604f377f11b897879c1593b019bb3363dac0a73e99b4a131,2024-04-29 00:00:03+00:00,0.35,0.6707733477831014,1.9831041980410038,8.716941529850567,False,False
0x04787bbd66241501604f377f11b897879c1593b019bb3363dac0a73e99b4a131,2024-04-30 00:00:04+00:00,0.355,0.6680354653078815,1.965647692826042,8.584551557270629,False,False
0x04787bbd66241501604f377f11b897879c1593b019bb3363dac0a73e99b4a131,2024-05-01 00:00:03+00:00,0.375,0.6652976462088371,1.8860897942837582,8.047316455610702,False,False
0x04787bbd66241501604f377f11b897879c1593b019bb3363dac0a73e99b4a131,2024-05-02 00:00:03+00:00,0.39,0.6625597954217051,1.829788624645136,7.691419187243111,False,False
0x04787bbd66241501604f377f11b897879c1593b019bb3363dac0a73e99b4a131,2024-05-03 00:00:03+00:00,0.375,0.659821944634573,1.8938997244439828,8.080638824294327,False,False
0x04787bbd66241501604f377f11b897879c1593b019bb3363dac0a73e99b4a131,2024-05-04 00:00:03+00:00,0.245,0.6570840938474408,2.535334747418678,13.706364359609017,False,False
0x04787bbd66241501604f377f11b897879c1593b019bb3363dac0a73e99b4a131,2024-05-05 00:00:03+00:00,0.225,0.6543462430603088,2.663220998010042,15.27295195991422,False,False
0x04787bbd66241501604f377f11b897879c1593b019bb3363dac0a73e99b4a131,2024-05-06 00:00:02+00:00,0.255,0.6516084239612645,2.4875979188197648,13.094343565309986,False,False
0x04787bbd66241501604f377f11b897879c1593b019bb3363dac0a73e99b4a131,2024-05-07 00:00:02+00:00,0.255,0.6488705731741323,2.4928404918878027,13.121939686210304,False,False
0x04787bbd66241501604f377f11b897879c1593b019bb3363dac0a73e99b4a131,2024-05-08 00:00:03+00:00,0.255,0.6461326906989124,2.4981164124564152,13.149711343368418,False,False
0x04787bbd66241501604f377f11b897879c1593b019bb3363dac0a73e99b4a131,2024-05-09 00:00:03+00:00,0.255,0.6433948399117804,2.503425912136289,13.177659755948357,False,False
0x04787bbd66241501604f377f11b897879c1593b019bb3363dac0a73e99b4a131,2024-05-10 00:00:03+00:00,0.265,0.6406569891246483,2.451778708726622,12.587748472476559,False,False
0x04787bbd66241501604f377f11b897879c1593b019bb3363dac0a73e99b4a131,2024-05-11 00:00:04+00:00,0.27,0.6379191066494283,2.429144756196434,12.324427986790633,False,False
0x04787bbd66241501604f377f11b897879c1593b019bb3363dac0a73e99b4a131,2024-05-12 00:00:03+00:00,0.27,0.635181287550384,2.434374293001684,12.35096039067318,False,False
0x04787bbd66241501604f377f11b897879c1593b019bb3363dac0a73e99b4a131,2024-05-13 00:00:04+00:00,0.275,0.6324434050751642,2.4120557694145695,12.098085363834832,False,False
0x04787bbd66241501604f377f11b897879c1593b019bb3363dac0a73e99b4a131,2024-05-14 00:00:03+00:00,0.275,0.6297055859761198,2.4172936219369925,12.124356724448866,False,False
0x04787bbd66241501604f377f11b897879c1593b019bb3363dac0a73e99b4a131,2024-05-15 00:00:04+00:00,0.285,0.6269677035008999,2.3684002440144525,11.62262418851406,False,False
0x04787bbd66241501604f377f11b897879c1593b019bb3363dac0a73e99b4a131,2024-05-16 00:00:04+00:00,0.235,0.6242298527137679,2.662863039416142,14.812198800812917,False,False
0x04787bbd66241501604f377f11b897879c1593b019bb3363dac0a73e99b4a131,2024-05-17 00:00:03+00:00,0.235,0.6214920336147236,2.668721864232588,14.844788564775904,False,False
0x04787bbd66241501604f377f11b897879c1593b019bb3363dac0a73e99b4a131,2024-05-18 00:00:03+00:00,0.24,0.6187541828275914,2.643387279330142,14.492254820888935,False,False
0x04787bbd66241501604f377f11b897879c1593b019bb3363dac0a73e99b4a131,2024-05-19 00:00:03+00:00,0.235,0.6160163320404594,2.68055661087011,14.910619445807873,False,False
0x04787bbd66241501604f377f11b897879c1593b019bb3363dac0a73e99b4a131,2024-05-20 00:00:03+00:00,0.235,0.6132784812533273,2.686533334066814,14.943865020535748,False,False
0x04787bbd66241501604f377f11b897879c1593b019bb3363dac0a73e99b4a131,2024-05-21 00:00:03+00:00,0.235,0.6105406304661951,2.6925502145081492,14.97733397028591,False,False
0x04787bbd66241501604f377f11b897879c1593b019bb3363dac0a73e99b4a131,2024-05-22 00:00:03+00:00,0.245,0.607802779679063,2.636115560954816,14.25119914018011,False,False
0x04787bbd66241501604f377f11b897879c1593b019bb3363dac0a73e99b4a131,2024-05-23 00:00:03+00:00,0.245,0.605064928891931,2.6420728927904036,14.283405286067866,False,False
0x04787bbd66241501604f377f11b897879c1593b019bb3363dac0a73e99b4a131,2024-05-24 00:00:03+00:00,0.275,0.6023270781047988,2.471621618762546,12.396848244577033,False,False
0x04787bbd66241501604f377f11b897879c1593b019bb3363dac0a73e99b4a131,2024-05-25 00:00:03+00:00,0.305,0.5995892273176667,2.31583206871662,10.925024501552635,False,False
0x04787bbd66241501604f377f11b897879c1593b019bb3363dac0a73e99b4a131,2024-05-26 00:00:03+00:00,0.295,0.5968513765305347,2.373515483079085,11.412503825359225,False,False
0x04787bbd66241501604f377f11b897879c1593b019bb3363dac0a73e99b4a131,2024-05-27 00:00:03+00:00,0.29,0.5941135257434026,2.4057951236509925,11.6842890900971,False,False
0x04787bbd66241501604f377f11b897879c1593b019bb3363dac0a73e99b4a131,2024-05-28 00:00:03+00:00,0.295,0.5913756749562704,2.3844786631908916,11.465217757859797,False,False
0x04787bbd66241501604f377f11b897879c1593b019bb3363dac0a73e99b4a131,2024-05-29 00:00:04+00:00,0.31,0.5886377924810505,2.311454744023275,10.806240037509468,False,False
0x04787bbd66241501604f377f11b897879c1593b019bb3363dac0a73e99b4a131,2024-05-30 00:00:03+00:00,0.32,0.5858999733820063,2.2661434244505743,10.414262060894183,False,False
0x04787bbd66241501604f377f11b897879c1593b019bb3363dac0a73e99b4a131,2024-05-31 00:00:03+00:00,0.315,0.5831621225948741,2.296695499342619,10.643936968335622,False,False
0x04787bbd66241501604f377f11b897879c1593b019bb3363dac0a73e99b4a131,2024-06-01 00:00:03+00:00,0.32,0.580424271807742,2.2768076894461102,10.463270631645727,False,False
0x04787bbd66241501604f377f11b897879c1593b019bb3363dac0a73e99b4a131,2024-06-02 00:00:03+00:00,0.32,0.57768642102061,2.282196591809687,10.488035807948929,False,False
0x04787bbd66241501604f377f11b897879c1593b019bb3363dac0a73e99b4a131,2024-06-03 00:00:03+00:00,0.32,0.5749485702334778,2.2876239406601155,10.512977668474797,False,False
0x04787bbd66241501604f377f11b897879c1593b019bb3363dac0a73e99b4a131,2024-06-04 00:00:02+00:00,0.285,0.5722107511344335,2.479132138532764,12.166026934279296,False,False
0x04787bbd66241501604f377f11b897879c1593b019bb3363dac0a73e99b4a131,2024-06-05 00:00:02+00:00,0.255,0.5694729003473015,2.6609517448602107,14.006852190341943,False,False
0x04787bbd66241501604f377f11b897879c1593b019bb3363dac0a73e99b4a131,2024-06-06 00:00:03+00:00,0.285,0.5667350178720816,2.4910799034785907,12.22465907730875,False,False
0x04787bbd66241501604f377f11b897879c1593b019bb3363dac0a73e99b4a131,2024-06-07 00:00:02+00:00,0.235,0.5639971987730372,2.801448372462993,15.583080920389337,False,False
0x04787bbd66241501604f377f11b897879c1593b019bb3363dac0a73e99b4a131,2024-06-08 00:00:02+00:00,0.275,0.5612593479859052,2.560450506690864,12.842384986537247,False,False
0x04787bbd66241501604f377f11b897879c1593b019bb3363dac0a73e99b4a131,2024-06-09 00:00:03+00:00,0.285,0.5585214655106853,2.5093298201761383,12.314218231756291,False,False
0x04787bbd66241501604f377f11b897879c1593b019bb3363dac0a73e99b4a131,2024-06-10 00:00:04+00:00,0.295,0.5557835830354653,2.459644330918107,11.826634599918773,False,False
0x04787bbd66241501604f377f11b897879c1593b019bb3363dac0a73e99b4a131,2024-06-11 00:00:02+00:00,0.305,0.5530457956245088,2.4113121070884938,11.375455157865284,False,False
0x04787bbd66241501604f377f11b897879c1593b019bb3363dac0a73e99b4a131,2024-06-12 00:00:03+00:00,0.295,0.550307913149289,2.4718510091477044,11.885327607393696,False,False
0x04787bbd66241501604f377f11b897879c1593b019bb3363dac0a73e99b4a131,2024-06-13 00:00:03+00:00,0.255,0.5475700623621568,2.7136490589197755,14.284242973653246,False,False
0x04787bbd66241501604f377f11b897879c1593b019bb3363dac0a73e99b4a131,2024-06-14 00:00:03+00:00,0.215,0.5448322115750247,2.989490537552215,17.71287535210911,False,False
0x04787bbd66241501604f377f11b897879c1593b019bb3363dac0a73e99b4a131,2024-06-15 00:00:04+00:00,0.195,0.5420943290998048,3.1475337399402092,20.051178467528008,False,False
0x04787bbd66241501604f377f11b897879c1593b019bb3363dac0a73e99b4a131,2024-06-16 00:00:04+00:00,0.195,0.5393564783126727,3.1555122938779694,20.102005375874946,False,False
0x04787bbd66241501604f377f11b897879c1593b019bb3363dac0a73e99b4a131,2024-06-17 00:00:04+00:00,0.185,0.5366186275255406,3.2439402080099606,21.51510666894353,False,False
0x04787bbd66241501604f377f11b897879c1593b019bb3363dac0a73e99b4a131,2024-06-18 00:00:03+00:00,0.185,0.5338808084264963,3.2522472722847593,21.57020243597917,False,False
0x04787bbd66241501604f377f11b897879c1593b019bb3363dac0a73e99b4a131,2024-06-19 00:00:03+00:00,0.19,0.5311429576393643,3.2197889867047946,20.92130595649639,False,False
0x04787bbd66241501604f377f11b897879c1593b019bb3363dac0a73e99b4a131,2024-06-20 00:00:04+00:00,0.195,0.5284050751641443,3.1880442162068117,20.30924807266642,False,False
0x04787bbd66241501604f377f11b897879c1593b019bb3363dac0a73e99b4a131,2024-06-21 00:00:03+00:00,0.195,0.5256672560651,3.196335538252133,20.362067451837127,False,False
0x04787bbd66241501604f377f11b897879c1593b019bb3363dac0a73e99b4a131,2024-06-22 00:00:02+00:00,0.195,0.5229294369660558,3.2046918897146544,20.415301097083322,False,False
0x04787bbd66241501604f377f11b897879c1593b019bb3363dac0a73e99b4a131,2024-06-23 00:00:03+00:00,0.195,0.5201915544908358,3.213114320794505,20.46895569864313,False,False
0x04787bbd66241501604f377f11b897879c1593b019bb3363dac0a73e99b4a131,2024-06-24 00:00:03+00:00,0.195,0.5174537037037037,3.2216034106517752,20.52303494602182,False,False
0x04787bbd66241501604f377f11b897879c1593b019bb3363dac0a73e99b4a131,2024-06-25 00:00:03+00:00,0.195,0.5147158529165716,3.230160142869581,20.577545105077757,False,False
0x04787bbd66241501604f377f11b897879c1593b019bb3363dac0a73e99b4a131,2024-06-26 00:00:03+00:00,0.19,0.5119780021294394,3.2794987801040953,21.30928382133915,False,False
0x04787bbd66241501604f377f11b897879c1593b019bb3363dac0a73e99b4a131,2024-06-27 00:00:02+00:00,0.19,0.5092401830303952,3.2883027188501996,21.366489401235864,False,False
0x04787bbd66241501604f377f11b897879c1593b019bb3363dac0a73e99b4a131,2024-06-28 00:00:03+00:00,0.195,0.5065023005551753,3.256245310016483,20.743719127354566,False,False
0x04787bbd66241501604f377f11b897879c1593b019bb3363dac0a73e99b4a131,2024-06-29 00:00:02+00:00,0.195,0.5037644814561311,3.265081711833083,20.80001090513192,False,False
0x04787bbd66241501604f377f11b897879c1593b019bb3363dac0a73e99b4a131,2024-06-30 00:00:02+00:00,0.195,0.5010266306689989,3.2739905472860698,20.856764117127376,False,False
0x04787bbd66241501604f377f11b897879c1593b019bb3363dac0a73e99b4a131,2024-07-01 00:00:02+00:00,0.195,0.4982887798818668,3.2829727067258134,20.913984435265572,False,False
0x04787bbd66241501604f377f11b897879c1593b019bb3363dac0a73e99b4a131,2024-07-02 00:00:03+00:00,0.195,0.4955508974066469,3.2920293067769384,20.971678972937973,False,False
0x04787bbd66241501604f377f11b897879c1593b019bb3363dac0a73e99b4a131,2024-07-03 00:00:02+00:00,0.155,0.4928130783076026,3.660768008140279,27.95012794915273,False,False
0x04787bbd66241501604f377f11b897879c1593b019bb3363dac0a73e99b4a131,2024-07-04 00:00:03+00:00,0.175,0.4900751958323827,3.482356062009498,24.12021514811774,False,False
0x04787bbd66241501604f377f11b897879c1593b019bb3363dac0a73e99b4a131,2024-07-05 00:00:02+00:00,0.18,0.4873373767333384,3.447574170182398,23.35754857847153,False,False
0x04787bbd66241501604f377f11b897879c1593b019bb3363dac0a73e99b4a131,2024-07-06 00:00:02+00:00,0.095,0.4845995259462063,4.4134907165305695,51.33458233824448,False,False
0x04787bbd66241501604f377f11b897879c1593b019bb3363dac0a73e99b4a131,2024-07-07 00:00:02+00:00,0.115,0.4818616751590742,4.151439134983626,40.79036241693565,False,False
0x04787bbd66241501604f377f11b897879c1593b019bb3363dac0a73e99b4a131,2024-07-08 00:00:02+00:00,0.11,0.4791238243719421,4.228222825898023,43.18920149027602,False,False
0x04787bbd66241501604f377f11b897879c1593b019bb3363dac0a73e99b4a131,2024-07-09 00:00:02+00:00,0.115,0.47638597358481,4.175229815056184,41.024120020203235,False,False
0x04787bbd66241501604f377f11b897879c1593b019bb3363dac0a73e99b4a131,2024-07-10 00:00:03+00:00,0.125,0.4736480911095901,4.063280859793177,37.14999643239476,False,False
0x04787bbd66241501604f377f11b897879c1593b019bb3363dac0a73e99b4a131,2024-07-11 00:00:03+00:00,0.125,0.470910240322458,4.075075606457356,37.25783411618154,False,False
0x04787bbd66241501604f377f11b897879c1593b019bb3363dac0a73e99b4a131,2024-07-12 00:00:02+00:00,0.065,0.4681724212234137,5.016025422229756,82.53435495236127,False,False
0x04787bbd66241501604f377f11b897879c1593b019bb3363dac0a73e99b4a131,2024-07-13 00:00:03+00:00,0.08,0.4654345387481938,4.7465738066000975,64.49149193750132,False,False
0x04787bbd66241501604f377f11b897879c1593b019bb3363dac0a73e99b4a131,2024-07-14 00:00:02+00:00,0.065,0.4626967196491495,5.045618753365085,83.02128759136298,False,False
0x04787bbd66241501604f377f11b897879c1593b019bb3363dac0a73e99b4a131,2024-07-15 00:00:03+00:00,0.095,0.4599588371739296,4.530167146902081,52.69167952197826,False,False
0x04787bbd66241501604f377f11b897879c1593b019bb3363dac0a73e99b4a131,2024-07-16 00:00:02+00:00,0.105,0.4572210180748853,4.39729459816344,46.79217449495547,False,False
0x04787bbd66241501604f377f11b897879c1593b019bb3363dac0a73e99b4a131,2024-07-17 00:00:01+00:00,0.075,0.454483198975841,4.893910617038707,70.54285574109848,False,False
0x04787bbd66241501604f377f11b897879c1593b019bb3363dac0a73e99b4a131,2024-07-18 00:00:02+00:00,0.07,0.4517453165006211,5.004633125570093,76.87608487818883,False,False
0x04787bbd66241501604f377f11b897879c1593b019bb3363dac0a73e99b4a131,2024-07-19 00:00:01+00:00,0.055,0.4490074974015768,5.34751849771847,102.88635878246214,False,False
0x04787bbd66241501604f377f11b897879c1593b019bb3363dac0a73e99b4a131,2024-07-20 00:00:01+00:00,0.07,0.4462696466144447,5.035242613443323,77.3462767041985,False,False
0x04787bbd66241501604f377f11b897879c1593b019bb3363dac0a73e99b4a131,2024-07-21 00:00:01+00:00,0.065,0.4435317958273126,5.153476060609646,84.79598618855854,False,False
0x04787bbd66241501604f377f11b897879c1593b019bb3363dac0a73e99b4a131,2024-07-22 00:00:01+00:00,0.075,0.4407939450401805,4.96932200768418,71.62986677742963,False,False
0x04787bbd66241501604f377f11b897879c1593b019bb3363dac0a73e99b4a131,2024-07-23 00:00:01+00:00,0.075,0.43805609425304837,4.984826951341503,71.85336146077842,False,False
0x04787bbd66241501604f377f11b897879c1593b019bb3363dac0a73e99b4a131,2024-07-24 00:00:01+00:00,0.09,0.4353182434659163,4.736545461447739,57.83327791755481,False,False
0x04787bbd66241501604f377f11b897879c1593b019bb3363dac0a73e99b4a131,2024-07-25 00:00:01+00:00,0.075,0.4325803926787842,5.016277277941735,72.30669950186284,False,False
0x04787bbd66241501604f377f11b897879c1593b019bb3363dac0a73e99b4a131,2024-07-26 00:00:02+00:00,0.075,0.4298425102035643,5.032227512098372,72.53661278700356,False,False
0x04787bbd66241501604f377f11b897879c1593b019bb3363dac0a73e99b4a131,2024-07-27 00:00:02+00:00,0.065,0.42710465941643216,5.2516465325444415,86.41129629855106,False,False
0x04787bbd66241501604f377f11b897879c1593b019bb3363dac0a73e99b4a131,2024-07-28 00:00:02+00:00,0.065,0.4243668086293001,5.26856009425693,86.68959431109717,False,False
0x04787bbd66241501604f377f11b897879c1593b019bb3363dac0a73e99b4a131,2024-07-29 00:00:02+00:00,0.065,0.421628957842168,5.2856381321892725,86.97059863742118,False,False
0x04787bbd66241501604f377f11b897879c1593b019bb3363dac0a73e99b4a131,2024-07-30 00:00:01+00:00,0.065,0.41889113874312367,5.302883128919061,87.25435012618775,False,False
0x04787bbd66241501604f377f11b897879c1593b019bb3363dac0a73e99b4a131,2024-07-31 00:00:02+00:00,0.06,0.4161532562679038,5.433363385506581,96.33623023947841,False,False
0x04787bbd66241501604f377f11b897879c1593b019bb3363dac0a73e99b4a131,2024-08-01 00:00:02+00:00,0.065,0.41341540548077166,5.337886245098292,87.83029609376045,False,False
0x04787bbd66241501604f377f11b897879c1593b019bb3363dac0a73e99b4a131,2024-08-02 00:00:01+00:00,0.0375,0.41067758638172736,6.109195150926676,169.25908643260055,True,False
0x04787bbd66241501604f377f11b897879c1593b019bb3363dac0a73e99b4a131,2024-08-03 00:00:02+00:00,0.0235,0.40793970390650747,6.725118699132079,293.0622261063537,True,False
0x04787bbd66241501604f377f11b897879c1593b019bb3363dac0a73e99b4a131,2024-08-04 00:00:01+00:00,0.0265,0.40520188480746316,6.597890737540472,255.75450330127518,True,False
0x04787bbd66241501604f377f11b897879c1593b019bb3363dac0a73e99b4a131,2024-08-05 00:00:01+00:00,0.0275,0.4024640340203311,6.5734222818279,245.79284063857534,True,False
0x04787bbd66241501604f377f11b897879c1593b019bb3363dac0a73e99b4a131,2024-08-06 00:00:01+00:00,0.0325,0.399726183233199,6.380744269839731,202.9256774347758,True,False
0x04787bbd66241501604f377f11b897879c1593b019bb3363dac0a73e99b4a131,2024-08-07 00:00:01+00:00,0.023,0.39698833244606685,6.844101604472949,304.57485668074185,True,False
0x04787bbd66241501604f377f11b897879c1593b019bb3363dac0a73e99b4a131,2024-08-08 00:00:01+00:00,0.026,0.3942504816589348,6.713160613839876,265.0908471742172,True,False
0x04787bbd66241501604f377f11b897879c1593b019bb3363dac0a73e99b4a131,2024-08-09 00:00:02+00:00,0.027,0.39151259918371484,6.68829625669018,254.5885674961052,True,False
0x04787bbd66241501604f377f11b897879c1593b019bb3363dac0a73e99b4a131,2024-08-10 00:00:02+00:00,0.025,0.38877474839658277,6.810375546650632,279.4000224266926,True,False
0x04787bbd66241501604f377f11b897879c1593b019bb3363dac0a73e99b4a131,2024-08-11 00:00:01+00:00,0.025,0.38603692929753847,6.834482869539863,280.38904080163536,True,False
0x04787bbd66241501604f377f11b897879c1593b019bb3363dac0a73e99b4a131,2024-08-12 00:00:01+00:00,0.0245,0.38329907851040634,6.884736665839507,288.0673088981896,True,False
0x04787bbd66241501604f377f11b897879c1593b019bb3363dac0a73e99b4a131,2024-08-13 00:00:02+00:00,0.019,0.38056119603518646,7.230553790709324,387.92605776647486,True,False
0x04787bbd66241501604f377f11b897879c1593b019bb3363dac0a73e99b4a131,2024-08-14 00:00:02+00:00,0.021,0.37782334524805433,7.131116002086155,346.86103419846074,True,False
0x04787bbd66241501604f377f11b897879c1593b019bb3363dac0a73e99b4a131,2024-08-15 00:00:02+00:00,0.0265,0.37508549446092226,6.857656272219804,265.82381301546855,True,False
0x04787bbd66241501604f377f11b897879c1593b019bb3363dac0a73e99b4a131,2024-08-16 00:00:02+00:00,0.0255,0.37234764367379014,6.933167358355905,279.0035054017004,True,False
0x04787bbd66241501604f377f11b897879c1593b019bb3363dac0a73e99b4a131,2024-08-17 00:00:02+00:00,0.0235,0.3696097928866581,7.065228425280821,307.88327506098943,True,False
0x04787bbd66241501604f377f11b897879c1593b019bb3363dac0a73e99b4a131,2024-08-18 00:00:02+00:00,0.0235,0.36687194209952595,7.0915422208177095,309.02995809252366,True,False
0x04787bbd66241501604f377f11b897879c1593b019bb3363dac0a73e99b4a131,2024-08-19 00:00:02+00:00,0.0375,0.3641340913123938,6.487895236177558,179.75121000665095,True,False
0x04787bbd66241501604f377f11b897879c1593b019bb3363dac0a73e99b4a131,2024-08-20 00:00:01+00:00,0.036,0.3613962722133496,6.569376492999287,189.29738626669223,True,False
0x04787bbd66241501604f377f11b897879c1593b019bb3363dac0a73e99b4a131,2024-08-21 00:00:02+00:00,0.035,0.35865838973812963,6.6336563019757335,196.4072924345147,True,False
0x04787bbd66241501604f377f11b897879c1593b019bb3363dac0a73e99b4a131,2024-08-22 00:00:02+00:00,0.029,0.35592053895099757,6.918111528660036,245.68029861358843,True,False
0x04787bbd66241501604f377f11b897879c1593b019bb3363dac0a73e99b4a131,2024-08-23 00:00:02+00:00,0.029,0.35318268816386544,6.944874153807905,246.63070967747095,True,False
0x04787bbd66241501604f377f11b897879c1593b019bb3363dac0a73e99b4a131,2024-08-24 00:00:02+00:00,0.014,0.3504448373767333,7.922764817951431,573.9470311468727,True,False
0x04787bbd66241501604f377f11b897879c1593b019bb3363dac0a73e99b4a131,2024-08-25 00:00:01+00:00,0.0195,0.3477070182776891,7.530629408802656,393.8665206816332,True,False
0x04787bbd66241501604f377f11b897879c1593b019bb3363dac0a73e99b4a131,2024-08-26 00:00:02+00:00,0.02,0.34496913580246913,7.527255271636058,384.0436363079622,True,False
0x04787bbd66241501604f377f11b897879c1593b019bb3363dac0a73e99b4a131,2024-08-27 00:00:01+00:00,0.02,0.3422313167034248,7.557303970033277,385.5767331649631,True,False
0x04787bbd66241501604f377f11b897879c1593b019bb3363dac0a73e99b4a131,2024-08-28 00:00:01+00:00,0.0185,0.33949346591629276,7.690421577867525,423.53383970302076,True,False
0x04787bbd66241501604f377f11b897879c1593b019bb3363dac0a73e99b4a131,2024-08-29 00:00:02+00:00,0.0165,0.3367555834410728,7.871130988165634,485.0414252231907,True,False
0x04787bbd66241501604f377f11b897879c1593b019bb3363dac0a73e99b4a131,2024-08-30 00:00:02+00:00,0.016,0.33401773265394075,7.943337884674488,504.53111564243443,True,False
0x04787bbd66241501604f377f11b897879c1593b019bb3363dac0a73e99b4a131,2024-08-31 00:00:02+00:00,0.0105,0.3312798818668086,8.511482446638205,819.2191772312331,True,False
0x04787bbd66241501604f377f11b897879c1593b019bb3363dac0a73e99b4a131,2024-09-01 00:00:02+00:00,0.0085,0.32854203107967656,8.80697929103138,1044.997691083786,True,False
0x04787bbd66241501604f377f11b897879c1593b019bb3363dac0a73e99b4a131,2024-09-02 00:00:02+00:00,0.0095,0.32580418029254443,8.707181551938724,925.3361196566035,True,False
0x04787bbd66241501604f377f11b897879c1593b019bb3363dac0a73e99b4a131,2024-09-03 00:00:02+00:00,0.009,0.3230663295054123,8.8109505286034,987.8854724300257,True,False
0x04787bbd66241501604f377f11b897879c1593b019bb3363dac0a73e99b4a131,2024-09-04 00:00:02+00:00,0.008,0.32032847871828024,8.993633712070068,1133.2703770249582,True,False
0x04787bbd66241501604f377f11b897879c1593b019bb3363dac0a73e99b4a131,2024-09-05 00:00:02+00:00,0.0065,0.3175906279311481,9.284823301309126,1437.779923550637,True,False
0x04787bbd66241501604f377f11b897879c1593b019bb3363dac0a73e99b4a131,2024-09-06 00:00:02+00:00,0.0065,0.314852777144016,9.325104727604227,1444.0176110261666,True,False
0x04787bbd66241501604f377f11b897879c1593b019bb3363dac0a73e99b4a131,2024-09-07 00:00:02+00:00,0.0055,0.3121149263568839,9.5669141903936,1749.0587669260206,True,False
0x04787bbd66241501604f377f11b897879c1593b019bb3363dac0a73e99b4a131,2024-09-08 00:00:02+00:00,0.0065,0.3093770755697518,9.407265844904837,1456.7404815771495,True,False
0x04787bbd66241501604f377f11b897879c1593b019bb3363dac0a73e99b4a131,2024-09-09 00:00:01+00:00,0.0065,0.30663925647070756,9.449168761300328,1463.2292611668659,True,False
0x04787bbd66241501604f377f11b897879c1593b019bb3363dac0a73e99b4a131,2024-09-10 00:00:02+00:00,0.0045,0.3039013739954876,9.935577230427944,2217.8865406390855,True,False
0x04787bbd66241501604f377f11b897879c1593b019bb3363dac0a73e99b4a131,2024-09-11 00:00:01+00:00,0.004,0.3011635548964433,10.120113834181753,2540.1892154070665,True,False
0x04787bbd66241501604f377f11b897879c1593b019bb3363dac0a73e99b4a131,2024-09-12 00:00:02+00:00,0.0025,0.2984256724212234,10.710556542783586,4294.960017156324,True,False
0x04787bbd66241501604f377f11b897879c1593b019bb3363dac0a73e99b4a131,2024-09-13 00:00:02+00:00,0.0035,0.2956878216340913,10.371090223307945,2973.576151762008,True,False
0x04787bbd66241501604f377f11b897879c1593b019bb3363dac0a73e99b4a131,2024-09-14 00:00:02+00:00,0.002,0.29294997084695923,11.063016997990548,5542.59368636801,True,False
0x04787bbd66241501604f377f11b897879c1593b019bb3363dac0a73e99b4a131,2024-09-15 00:00:02+00:00,0.0035,0.2902121200598271,10.468473509817537,3001.4976732327536,True,False
0x04787bbd66241501604f377f11b897879c1593b019bb3363dac0a73e99b4a131,2024-09-16 00:00:02+00:00,0.002,0.287474269272695,11.167882085708975,5595.131305465418,True,False
0x04787bbd66241501604f377f11b897879c1593b019bb3363dac0a73e99b4a131,2024-09-17 00:00:02+00:00,0.0015,0.2847364184855629,11.545023418606094,7708.244646039789,True,False
0x04787bbd66241501604f377f11b897879c1593b019bb3363dac0a73e99b4a131,2024-09-18 00:00:02+00:00,0.0035,0.2819985676984308,10.61983282108547,3044.8950816673987,True,False
0x0b7c6545b913133ccde713feb3599cae65325030bbe3e1bdf99943e5f5ef3464,2023-12-09 00:00:02+00:00,0.51,0.14510602834182573,3.025790727874035,12.108006113941716,False,False
0x0b7c6545b913133ccde713feb3599cae65325030bbe3e1bdf99943e5f5ef3464,2023-12-10 00:00:02+00:00,0.05,0.14236817755469364,9.720426133149434,204.64055017156704,False,False
0x0b7c6545b913133ccde713feb3599cae65325030bbe3e1bdf99943e5f5ef3464,2023-12-11 00:00:02+00:00,0.035,0.13963032676756154,10.6317213712052,314.7807955945285,True,False
0x0b7c6545b913133ccde713feb3599cae65325030bbe3e1bdf99943e5f5ef3464,2023-12-12 00:00:02+00:00,0.035,0.13689247598042945,10.737512297913662,317.9130214038094,True,False
0x0b7c6545b913133ccde713feb3599cae65325030bbe3e1bdf99943e5f5ef3464,2023-12-13 00:00:02+00:00,0.255,0.13415462519329732,5.482399822854587,28.85853308516693,False,False
0x0b7c6545b913133ccde713feb3599cae65325030bbe3e1bdf99943e5f5ef3464,2023-12-14 00:00:02+00:00,0.06,0.13141677440616523,9.668742601624865,171.4316064117884,False,False
0x0b7c6545b913133ccde713feb3599cae65325030bbe3e1bdf99943e5f5ef3464,2023-12-15 00:00:02+00:00,0.05,0.12867892361903313,10.224405316550001,215.2506382431579,False,False
0x0b7c6545b913133ccde713feb3599cae65325030bbe3e1bdf99943e5f5ef3464,2023-12-16 00:00:02+00:00,0.045,0.12594107283190104,10.593770935415215,246.51008575718942,True,False
0x0b7c6545b913133ccde713feb3599cae65325030bbe3e1bdf99943e5f5ef3464,2023-12-17 00:00:02+00:00,0.0205,0.12320322204476893,12.541154288579996,624.5672525096177,True,False
0x0b7c6545b913133ccde713feb3599cae65325030bbe3e1bdf99943e5f5ef3464,2023-12-18 00:00:02+00:00,0.0205,0.12046537125763683,12.682866818874023,631.6247373037027,True,False
0x0b7c6545b913133ccde713feb3599cae65325030bbe3e1bdf99943e5f5ef3464,2023-12-19 00:00:02+00:00,0.0205,0.11772752047050473,12.829494506333726,638.9270038886801,True,False
0x0b7c6545b913133ccde713feb3599cae65325030bbe3e1bdf99943e5f5ef3464,2023-12-20 00:00:02+00:00,0.017,0.11498966968337263,13.403514225101311,802.0773278140932,True,False
0x0b7c6545b913133ccde713feb3599cae65325030bbe3e1bdf99943e5f5ef3464,2023-12-21 00:00:03+00:00,0.017,0.11225178720815271,13.565989002220162,811.7999522601975,True,False
0x0b7c6545b913133ccde713feb3599cae65325030bbe3e1bdf99943e5f5ef3464,2023-12-22 00:00:02+00:00,0.017,0.10951396810910842,13.734515224787607,821.8847001847649,True,False
0x0b7c6545b913133ccde713feb3599cae65325030bbe3e1bdf99943e5f5ef3464,2023-12-23 00:00:02+00:00,0.017,0.10677611732197632,13.909484359150785,832.3549972563452,True,False
0x0b7c6545b913133ccde713feb3599cae65325030bbe3e1bdf99943e5f5ef3464,2023-12-24 00:00:02+00:00,0.017,0.10403826653484421,14.091315511613908,843.2359231412787,True,False
0x0b7c6545b913133ccde713feb3599cae65325030bbe3e1bdf99943e5f5ef3464,2023-12-25 00:00:02+00:00,0.017,0.10130041574771212,14.28046926746958,854.5550396427252,True,False
0x0b7c6545b913133ccde713feb3599cae65325030bbe3e1bdf99943e5f5ef3464,2023-12-26 00:00:02+00:00,0.017,0.09856256496058002,14.477450688316075,866.342570062598,True,False
0x0b7c6545b913133ccde713feb3599cae65325030bbe3e1bdf99943e5f5ef3464,2023-12-27 00:00:03+00:00,0.017,0.09582468248536011,14.682817418812569,878.6318843164723,True,False
0x0b7c6545b913133ccde713feb3599cae65325030bbe3e1bdf99943e5f5ef3464,2023-12-28 00:00:03+00:00,0.017,0.093086831698228,14.897176674438999,891.4593186786547,True,False
0x0b7c6545b913133ccde713feb3599cae65325030bbe3e1bdf99943e5f5ef3464,2023-12-29 00:00:02+00:00,0.017,0.09034901259918371,15.121204522172288,904.8653295537243,True,False
0x0b7c6545b913133ccde713feb3599cae65325030bbe3e1bdf99943e5f5ef3464,2023-12-30 00:00:02+00:00,0.017,0.08761116181205161,15.355655951112997,918.8950961111242,True,False
0x0b7c6545b913133ccde713feb3599cae65325030bbe3e1bdf99943e5f5ef3464,2023-12-31 00:00:02+00:00,0.017,0.08487331102491952,15.601362229734667,933.5983621407855,True,False
0x0b7c6545b913133ccde713feb3599cae65325030bbe3e1bdf99943e5f5ef3464,2024-01-01 00:00:02+00:00,0.017,0.08213546023778741,15.859253654076296,949.0307973236967,True,False
0x0b7c6545b913133ccde713feb3599cae65325030bbe3e1bdf99943e5f5ef3464,2024-01-02 00:00:02+00:00,0.017,0.07939760945065531,16.130371860832017,965.2547340573285,True,False
0x0b7c6545b913133ccde713feb3599cae65325030bbe3e1bdf99943e5f5ef3464,2024-01-03 00:00:02+00:00,0.04,0.0766597586635232,13.94301412876136,363.09932626982715,True,False
0x0b7c6545b913133ccde713feb3599cae65325030bbe3e1bdf99943e5f5ef3464,2024-01-04 00:00:02+00:00,0.0375,0.07392190787639111,14.399516679804252,398.94764827163294,True,False
0x0b7c6545b913133ccde713feb3599cae65325030bbe3e1bdf99943e5f5ef3464,2024-01-05 00:00:03+00:00,0.0525,0.07118402540117119,13.585397883672693,273.1076342992375,False,False
0x0b7c6545b913133ccde713feb3599cae65325030bbe3e1bdf99943e5f5ef3464,2024-01-06 00:00:02+00:00,0.0355,0.0684462063021269,15.139941403784224,442.17441435127955,True,False
0x0b7c6545b913133ccde713feb3599cae65325030bbe3e1bdf99943e5f5ef3464,2024-01-07 00:00:02+00:00,0.0315,0.0657083555149948,15.837967009725984,519.1456928067781,True,False
0x0b7c6545b913133ccde713feb3599cae65325030bbe3e1bdf99943e5f5ef3464,2024-01-08 00:00:02+00:00,0.0315,0.0629705047278627,16.178607760390605,530.3114048197788,True,False
0x0b7c6545b913133ccde713feb3599cae65325030bbe3e1bdf99943e5f5ef3464,2024-01-09 00:00:03+00:00,0.029,0.06023262225264279,16.816987404430957,597.2153629188166,True,False
0x0b7c6545b913133ccde713feb3599cae65325030bbe3e1bdf99943e5f5ef3464,2024-01-10 00:00:03+00:00,0.45,0.057494771465510686,5.462317233651132,22.069968620812652,False,False
0x0b7c6545b913133ccde713feb3599cae65325030bbe3e1bdf99943e5f5ef3464,2024-01-11 00:00:03+00:00,0.035,0.05475692067837858,16.97750844018797,502.6649427146698,True,False
0x0b7c6545b913133ccde713feb3599cae65325030bbe3e1bdf99943e5f5ef3464,2024-01-12 00:00:03+00:00,0.051,0.05201906989124648,16.004465602923663,330.67760910191663,False,False
0x0b7c6545b913133ccde713feb3599cae65325030bbe3e1bdf99943e5f5ef3464,2024-01-13 00:00:02+00:00,0.035,0.0492812507922022,17.89586119441297,529.8552537205912,True,False
0x0b7c6545b913133ccde713feb3599cae65325030bbe3e1bdf99943e5f5ef3464,2024-01-14 00:00:02+00:00,0.038,0.046543400005070096,18.095327646230675,495.0029446939128,True,False
0x0b7c6545b913133ccde713feb3599cae65325030bbe3e1bdf99943e5f5ef3464,2024-01-15 00:00:03+00:00,0.037,0.04380551752985018,18.75943098692804,526.4918466203038,True,False
0x0b7c6545b913133ccde713feb3599cae65325030bbe3e1bdf99943e5f5ef3464,2024-01-16 00:00:02+00:00,0.038,0.04106769843080589,19.26394908501382,526.9709236517623,True,False
0x0b7c6545b913133ccde713feb3599cae65325030bbe3e1bdf99943e5f5ef3464,2024-01-17 00:00:03+00:00,0.0265,0.038329815955585975,,,True,False
0x0b7c6545b913133ccde713feb3599cae65325030bbe3e1bdf99943e5f5ef3464,2024-01-18 00:00:02+00:00,0.0215,0.035591996856541686,,,True,False
0x0b7c6545b913133ccde713feb3599cae65325030bbe3e1bdf99943e5f5ef3464,2024-01-19 00:00:02+00:00,0.0215,0.03285414606940959,,,True,False
0x0b7c6545b913133ccde713feb3599cae65325030bbe3e1bdf99943e5f5ef3464,2024-01-20 00:00:03+00:00,0.013,0.030116263594189674,,,True,False
0x0b7c6545b913133ccde713feb3599cae65325030bbe3e1bdf99943e5f5ef3464,2024-01-21 00:00:02+00:00,0.013,0.027378444495145385,,,True,False
0x0b7c6545b913133ccde713feb3599cae65325030bbe3e1bdf99943e5f5ef3464,2024-01-22 00:00:02+00:00,0.0125,0.024640593708013282,,,True,False
0x0b7c6545b913133ccde713feb3599cae65325030bbe3e1bdf99943e5f5ef3464,2024-01-23 00:00:03+00:00,0.012,0.02190271123279337,,,True,False
0x0b7c6545b913133ccde713feb3599cae65325030bbe3e1bdf99943e5f5ef3464,2024-01-24 00:00:02+00:00,0.0225,0.01916489213374908,,,True,False
0x0b7c6545b913133ccde713feb3599cae65325030bbe3e1bdf99943e5f5ef3464,2024-01-25 00:00:02+00:00,0.0505,0.016427041346616978,,,False,False
0x0b7c6545b913133ccde713feb3599cae65325030bbe3e1bdf99943e5f5ef3464,2024-01-26 00:00:02+00:00,0.0495,0.013689190559484879,,,True,False
0x0b7c6545b913133ccde713feb3599cae65325030bbe3e1bdf99943e5f5ef3464,2024-01-27 00:00:02+00:00,0.008,0.010951339772352776,,,True,False
0x0b7c6545b913133ccde713feb3599cae65325030bbe3e1bdf99943e5f5ef3464,2024-01-28 00:00:02+00:00,0.0085,0.008213488985220676,,,True,False
0x0b7c6545b913133ccde713feb3599cae65325030bbe3e1bdf99943e5f5ef3464,2024-01-29 00:00:02+00:00,0.0065,0.005475638198088575,,,True,False
0x0b7c6545b913133ccde713feb3599cae65325030bbe3e1bdf99943e5f5ef3464,2024-01-30 00:00:02+00:00,0.008,0.002737787410956473,,,True,False
0x0b7c6545b913133ccde713feb3599cae65325030bbe3e1bdf99943e5f5ef3464,2024-01-31 00:00:02+00:00,0.0075,0.0,,,True,False
0x0fb3a064027b95de36af33e6b88b9bbd56f9e80707fe828c542daa3bd38f9001,2023-09-20 00:00:02+00:00,0.45,0.11225181889624053,3.9092586114422643,15.79498428865561,False,False
0x0fb3a064027b95de36af33e6b88b9bbd56f9e80707fe828c542daa3bd38f9001,2023-09-21 00:00:02+00:00,0.185,0.10951396810910842,7.180768985198604,47.62572697860126,False,False
0x0fb3a064027b95de36af33e6b88b9bbd56f9e80707fe828c542daa3bd38f9001,2023-09-22 00:00:02+00:00,0.19,0.10677611732197632,7.1811841228155675,46.66136532043903,False,False
0x0fb3a064027b95de36af33e6b88b9bbd56f9e80707fe828c542daa3bd38f9001,2023-09-23 00:00:02+00:00,0.19,0.10403826653484421,7.275059851878031,47.271344066783826,False,False
0x0fb3a064027b95de36af33e6b88b9bbd56f9e80707fe828c542daa3bd38f9001,2023-09-24 00:00:02+00:00,0.24,0.10130041574771212,6.533024031954278,35.81701771904757,False,False
0x0fb3a064027b95de36af33e6b88b9bbd56f9e80707fe828c542daa3bd38f9001,2023-09-25 00:00:02+00:00,0.24,0.09856256496058002,6.623139022734991,36.31106920359096,False,False
0x0fb3a064027b95de36af33e6b88b9bbd56f9e80707fe828c542daa3bd38f9001,2023-09-26 00:00:02+00:00,0.195,0.09582471417344791,7.486331602536925,47.69123492617885,False,False
0x0fb3a064027b95de36af33e6b88b9bbd56f9e80707fe828c542daa3bd38f9001,2023-09-27 00:00:03+00:00,0.2,0.093086831698228,7.502102811361541,46.888142571009624,False,False
0x0fb3a064027b95de36af33e6b88b9bbd56f9e80707fe828c542daa3bd38f9001,2023-09-28 00:00:03+00:00,0.205,0.0903489809110959,7.521889123980803,46.15363782163401,False,False
0x0fb3a064027b95de36af33e6b88b9bbd56f9e80707fe828c542daa3bd38f9001,2023-09-29 00:00:02+00:00,0.195,0.08761116181205161,7.829393239253679,49.876688894751894,False,False
0x0fb3a064027b95de36af33e6b88b9bbd56f9e80707fe828c542daa3bd38f9001,2023-09-30 00:00:02+00:00,0.17,0.08487331102491952,8.477185261130929,60.07927187194138,False,False
0x0fb3a064027b95de36af33e6b88b9bbd56f9e80707fe828c542daa3bd38f9001,2023-10-01 00:00:02+00:00,0.155,0.08213546023778741,8.967016569564718,68.4635737321223,False,False
0x0fb3a064027b95de36af33e6b88b9bbd56f9e80707fe828c542daa3bd38f9001,2023-10-02 00:00:02+00:00,0.17,0.07939760945065531,8.76462892034557,62.11643458784954,False,False
0x0fb3a064027b95de36af33e6b88b9bbd56f9e80707fe828c542daa3bd38f9001,2023-10-03 00:00:02+00:00,0.35,0.0766597586635232,5.866103336021119,25.785069608884044,False,False
0x0fb3a064027b95de36af33e6b88b9bbd56f9e80707fe828c542daa3bd38f9001,2023-10-04 00:00:03+00:00,0.26,0.07392187618830329,7.30106645157245,37.947330829378636,False,False
0x0fb3a064027b95de36af33e6b88b9bbd56f9e80707fe828c542daa3bd38f9001,2023-10-05 00:00:02+00:00,0.235,0.07118405708925901,7.885508939982643,43.863212014922226,False,False
0x0fb3a064027b95de36af33e6b88b9bbd56f9e80707fe828c542daa3bd38f9001,2023-10-06 00:00:02+00:00,0.21,0.0684462063021269,8.537192393524395,51.45986976205181,False,False
0x0fb3a064027b95de36af33e6b88b9bbd56f9e80707fe828c542daa3bd38f9001,2023-10-07 00:00:02+00:00,0.25,0.0657083555149948,7.924778760562384,42.26548672299938,False,False
0x0fb3a064027b95de36af33e6b88b9bbd56f9e80707fe828c542daa3bd38f9001,2023-10-08 00:00:02+00:00,0.255,0.0629705047278627,8.002117843536567,42.121952064937844,False,False
0x0fb3a064027b95de36af33e6b88b9bbd56f9e80707fe828c542daa3bd38f9001,2023-10-09 00:00:02+00:00,0.255,0.0602326539407306,8.181963358950828,43.06863197236914,False,False
0x0fb3a064027b95de36af33e6b88b9bbd56f9e80707fe828c542daa3bd38f9001,2023-10-10 00:00:02+00:00,0.125,0.0574948031535985,11.662467389760934,106.62827327781426,False,False
0x0fb3a064027b95de36af33e6b88b9bbd56f9e80707fe828c542daa3bd38f9001,2023-10-11 00:00:02+00:00,0.105,0.054756952366466397,12.706590127982002,135.21245148158556,False,False
0x0fb3a064027b95de36af33e6b88b9bbd56f9e80707fe828c542daa3bd38f9001,2023-10-12 00:00:02+00:00,0.175,0.052019101579334294,10.688656292577758,74.03398297889358,False,False
0x0fb3a064027b95de36af33e6b88b9bbd56f9e80707fe828c542daa3bd38f9001,2023-10-13 00:00:02+00:00,0.045,0.0492812507922022,16.935320162675243,394.07376760151817,True,False
0x0fb3a064027b95de36af33e6b88b9bbd56f9e80707fe828c542daa3bd38f9001,2023-10-14 00:00:02+00:00,0.06,0.046543400005070096,16.24674438689851,288.06284373933534,False,False
0x0fb3a064027b95de36af33e6b88b9bbd56f9e80707fe828c542daa3bd38f9001,2023-10-15 00:00:02+00:00,0.045,0.04380554921793799,17.962621036626746,417.97838363296677,True,False
0x0fb3a064027b95de36af33e6b88b9bbd56f9e80707fe828c542daa3bd38f9001,2023-10-16 00:00:02+00:00,0.045,0.04106769843080589,18.55171612908843,431.6862391876307,True,False
0x0fb3a064027b95de36af33e6b88b9bbd56f9e80707fe828c542daa3bd38f9001,2023-10-17 00:00:02+00:00,0.045,0.03832984764367379,19.202851609451713,446.8377337859619,True,False
0x0fb3a064027b95de36af33e6b88b9bbd56f9e80707fe828c542daa3bd38f9001,2023-10-18 00:00:02+00:00,0.07,0.035591996856541686,17.829653299193875,273.88100305981374,False,False
0x0fb3a064027b95de36af33e6b88b9bbd56f9e80707fe828c542daa3bd38f9001,2023-10-19 00:00:02+00:00,0.0575,0.03285414606940959,19.54930644507129,360.72990787814626,False,False
0x0fb3a064027b95de36af33e6b88b9bbd56f9e80707fe828c542daa3bd38f9001,2023-10-20 00:00:02+00:00,0.034,0.030116295282277487,,,True,False
0x0fb3a064027b95de36af33e6b88b9bbd56f9e80707fe828c542daa3bd38f9001,2023-10-21 00:00:02+00:00,0.035,0.027378444495145385,,,True,False
0x0fb3a064027b95de36af33e6b88b9bbd56f9e80707fe828c542daa3bd38f9001,2023-10-22 00:00:02+00:00,0.0225,0.024640593708013282,,,True,False
0x0fb3a064027b95de36af33e6b88b9bbd56f9e80707fe828c542daa3bd38f9001,2023-10-23 00:00:02+00:00,0.025,0.021902742920881183,,,True,False
0x0fb3a064027b95de36af33e6b88b9bbd56f9e80707fe828c542daa3bd38f9001,2023-10-24 00:00:02+00:00,0.02,0.01916489213374908,,,True,False
0x0fb3a064027b95de36af33e6b88b9bbd56f9e80707fe828c542daa3bd38f9001,2023-10-25 00:00:02+00:00,0.02,0.016427041346616978,,,True,False
0x0fb3a064027b95de36af33e6b88b9bbd56f9e80707fe828c542daa3bd38f9001,2023-10-26 00:00:02+00:00,0.0205,0.013689190559484879,,,True,False
0x0fb3a064027b95de36af33e6b88b9bbd56f9e80707fe828c542daa3bd38f9001,2023-10-27 00:00:02+00:00,0.0205,0.010951339772352776,,,True,False
0x0fb3a064027b95de36af33e6b88b9bbd56f9e80707fe828c542daa3bd38f9001,2023-10-28 00:00:02+00:00,0.0205,0.008213488985220676,,,True,False
0x0fb3a064027b95de36af33e6b88b9bbd56f9e80707fe828c542daa3bd38f9001,2023-10-29 00:00:03+00:00,0.021,0.00547560651000076,,,True,False
0x0fb3a064027b95de36af33e6b88b9bbd56f9e80707fe828c542daa3bd38f9001,2023-10-30 00:00:03+00:00,0.0205,0.002737755722868659,,,True,False
0x0fb3a064027b95de36af33e6b88b9bbd56f9e80707fe828c542daa3bd38f9001,2023-10-31 00:00:02+00:00,0.025,0.0,,,True,False
0x0fb3a064027b95de36af33e6b88b9bbd56f9e80707fe828c542daa3bd38f9001,2023-11-01 00:00:02+00:00,0.015,0.0,,,True,False
0x1070c27e30447364ed6602778729203d29aaa8860cb0a24779eb3a26f68b245f,2024-03-22 00:00:02+00:00,0.0325,0.774811709382209,4.583049519734724,145.75391038711106,True,False
0x1070c27e30447364ed6602778729203d29aaa8860cb0a24779eb3a26f68b245f,2024-03-23 00:00:03+00:00,0.0355,0.7720738269069891,4.50785014349185,131.6554631237626,True,False
0x1070c27e30447364ed6602778729203d29aaa8860cb0a24779eb3a26f68b245f,2024-03-24 00:00:03+00:00,0.035,0.769335976119857,4.529345423714538,134.10349144972727,True,False
0x1070c27e30447364ed6602778729203d29aaa8860cb0a24779eb3a26f68b245f,2024-03-25 00:00:03+00:00,0.0355,0.7665981253327249,4.5239209634317845,132.12482460975284,True,False
0x1070c27e30447364ed6602778729203d29aaa8860cb0a24779eb3a26f68b245f,2024-03-26 00:00:02+00:00,0.035,0.7638603062336806,4.545550554687656,134.5832880736538,True,False
0x1070c27e30447364ed6602778729203d29aaa8860cb0a24779eb3a26f68b245f,2024-03-27 00:00:03+00:00,0.0355,0.7611224237584607,4.540164899113186,132.5992420830522,True,False
0x1070c27e30447364ed6602778729203d29aaa8860cb0a24779eb3a26f68b245f,2024-03-28 00:00:03+00:00,0.0355,0.7583845729713287,4.548352760533831,132.83837529578432,True,False
0x1070c27e30447364ed6602778729203d29aaa8860cb0a24779eb3a26f68b245f,2024-03-29 00:00:02+00:00,0.0355,0.7556467538722843,4.556584985454869,133.07880418095544,True,False
0x1070c27e30447364ed6602778729203d29aaa8860cb0a24779eb3a26f68b245f,2024-03-30 00:00:02+00:00,0.0335,0.7529089030851522,4.620395601515165,142.70280058111402,True,False
0x1070c27e30447364ed6602778729203d29aaa8860cb0a24779eb3a26f68b245f,2024-03-31 00:00:03+00:00,0.033,0.7501710206099323,4.64317123882734,145.50378361152391,True,False
0x1070c27e30447364ed6602778729203d29aaa8860cb0a24779eb3a26f68b245f,2024-04-01 00:00:02+00:00,0.0325,0.747433201510888,4.666233257717249,148.39938804109718,True,False
0x1070c27e30447364ed6602778729203d29aaa8860cb0a24779eb3a26f68b245f,2024-04-02 00:00:03+00:00,0.032,0.7446953190356681,4.689589467894377,151.39428809059845,True,False
0x1070c27e30447364ed6602778729203d29aaa8860cb0a24779eb3a26f68b245f,2024-04-03 00:00:03+00:00,0.031,0.741957468248536,4.728466604260333,157.4109192802801,True,False
0x1070c27e30447364ed6602778729203d29aaa8860cb0a24779eb3a26f68b245f,2024-04-04 00:00:03+00:00,0.0305,0.7392196174614039,4.752674999233149,160.7276016616018,True,False
0x1070c27e30447364ed6602778729203d29aaa8860cb0a24779eb3a26f68b245f,2024-04-05 00:00:03+00:00,0.03,0.7364817666742718,4.777209223232092,164.1652654031647,True,False
0x1070c27e30447364ed6602778729203d29aaa8860cb0a24779eb3a26f68b245f,2024-04-06 00:00:03+00:00,0.0295,0.7337439158871397,4.802078447606976,167.73036605653127,True,False
0x1070c27e30447364ed6602778729203d29aaa8860cb0a24779eb3a26f68b245f,2024-04-07 00:00:02+00:00,0.03,0.7310060967880955,4.795067909960121,164.77896597801106,True,False
0x1070c27e30447364ed6602778729203d29aaa8860cb0a24779eb3a26f68b245f,2024-04-08 00:00:03+00:00,0.03,0.7282682143128755,4.80407284555691,165.0884139366636,True,False
0x1070c27e30447364ed6602778729203d29aaa8860cb0a24779eb3a26f68b245f,2024-04-09 00:00:03+00:00,0.0295,0.7255303635257434,4.829183530668171,168.67711141970054,True,False
0x1070c27e30447364ed6602778729203d29aaa8860cb0a24779eb3a26f68b245f,2024-04-10 00:00:03+00:00,0.0295,0.7227925127386113,4.838321068020353,168.99627373694685,True,False
0x1070c27e30447364ed6602778729203d29aaa8860cb0a24779eb3a26f68b245f,2024-04-11 00:00:03+00:00,0.027,0.7200546619514792,4.931802084631269,187.72799225881275,True,False
0x1070c27e30447364ed6602778729203d29aaa8860cb0a24779eb3a26f68b245f,2024-04-12 00:00:03+00:00,0.0275,0.7173168111643471,4.923790499170491,184.10995089209595,True,False
0x1070c27e30447364ed6602778729203d29aaa8860cb0a24779eb3a26f68b245f,2024-04-13 00:00:02+00:00,0.027,0.7145789920653028,4.950661709975924,188.4458798666181,True,False
0x1070c27e30447364ed6602778729203d29aaa8860cb0a24779eb3a26f68b245f,2024-04-14 00:00:03+00:00,0.028,0.7118411095900828,4.925482505598014,180.97745831856312,True,False
0x1070c27e30447364ed6602778729203d29aaa8860cb0a24779eb3a26f68b245f,2024-04-15 00:00:03+00:00,0.0295,0.7091032588029508,4.884799769283199,170.61971443282596,True,False
0x1070c27e30447364ed6602778729203d29aaa8860cb0a24779eb3a26f68b245f,2024-04-16 00:00:03+00:00,0.0295,0.7063654080158187,4.894257281382617,170.950053052598,True,False
0x1070c27e30447364ed6602778729203d29aaa8860cb0a24779eb3a26f68b245f,2024-04-17 00:00:03+00:00,0.0295,0.7036275572286866,4.903769939419402,171.2823178483711,True,False
0x1070c27e30447364ed6602778729203d29aaa8860cb0a24779eb3a26f68b245f,2024-04-18 00:00:03+00:00,0.0285,0.7008897064415545,4.9467352323628795,178.66151032001082,True,False
0x1070c27e30447364ed6602778729203d29aaa8860cb0a24779eb3a26f68b245f,2024-04-19 00:00:03+00:00,0.043,0.6981518556544224,4.546332715195625,110.47927669304818,True,False
0x1070c27e30447364ed6602778729203d29aaa8860cb0a24779eb3a26f68b245f,2024-04-20 00:00:02+00:00,0.043,0.6954140365553781,4.555273295239712,110.69653945808639,True,False
0x1070c27e30447364ed6602778729203d29aaa8860cb0a24779eb3a26f68b245f,2024-04-21 00:00:03+00:00,0.035,0.6926761540801581,4.773405674983817,141.3295536634735,True,False
0x1070c27e30447364ed6602778729203d29aaa8860cb0a24779eb3a26f68b245f,2024-04-22 00:00:03+00:00,0.035,0.6899383032930261,4.782867342012562,141.60969184345112,True,False
0x1070c27e30447364ed6602778729203d29aaa8860cb0a24779eb3a26f68b245f,2024-04-23 00:00:02+00:00,0.035,0.6872004841939818,4.79238538621358,141.8914992217196,True,False
0x1070c27e30447364ed6602778729203d29aaa8860cb0a24779eb3a26f68b245f,2024-04-24 00:00:03+00:00,0.035,0.6844626017187618,4.801960703379205,142.17500232062784,True,False
0x1070c27e30447364ed6602778729203d29aaa8860cb0a24779eb3a26f68b245f,2024-04-25 00:00:03+00:00,0.035,0.6817247509316298,4.811593534274287,142.46020826866877,True,False
0x1070c27e30447364ed6602778729203d29aaa8860cb0a24779eb3a26f68b245f,2024-04-26 00:00:02+00:00,0.0335,0.6789869318325855,4.86541254106073,150.27024858307723,True,False
0x1070c27e30447364ed6602778729203d29aaa8860cb0a24779eb3a26f68b245f,2024-04-27 00:00:03+00:00,0.032,0.6762490493573656,4.921197604468862,158.87130696245035,True,False
0x1070c27e30447364ed6602778729203d29aaa8860cb0a24779eb3a26f68b245f,2024-04-28 00:00:03+00:00,0.033,0.6735111985702334,4.900297325121698,153.561384009329,True,False
0x1070c27e30447364ed6602778729203d29aaa8860cb0a24779eb3a26f68b245f,2024-04-29 00:00:03+00:00,0.0335,0.6707733477831014,4.895110265102361,151.18747488946454,True,False
0x1070c27e30447364ed6602778729203d29aaa8860cb0a24779eb3a26f68b245f,2024-04-30 00:00:04+00:00,0.0335,0.6680354653078815,4.905131089904942,151.49697214614795,True,False
0x1070c27e30447364ed6602778729203d29aaa8860cb0a24779eb3a26f68b245f,2024-05-01 00:00:03+00:00,0.034,0.6652976462088371,4.900167138052861,149.19519967278228,True,False
0x1070c27e30447364ed6602778729203d29aaa8860cb0a24779eb3a26f68b245f,2024-05-02 00:00:03+00:00,0.0285,0.6625597954217051,5.087810969111498,183.7567505164377,True,False
0x1070c27e30447364ed6602778729203d29aaa8860cb0a24779eb3a26f68b245f,2024-05-03 00:00:03+00:00,0.0275,0.659821944634573,5.133832475150079,191.96382239402027,True,False
0x1070c27e30447364ed6602778729203d29aaa8860cb0a24779eb3a26f68b245f,2024-05-04 00:00:03+00:00,0.027,0.6570840938474408,5.162711966932251,196.51752757535883,True,False
0x1070c27e30447364ed6602778729203d29aaa8860cb0a24779eb3a26f68b245f,2024-05-05 00:00:03+00:00,0.0265,0.6543462430603088,5.1920281811447,201.2589540229167,True,False
0x1070c27e30447364ed6602778729203d29aaa8860cb0a24779eb3a26f68b245f,2024-05-06 00:00:02+00:00,0.0245,0.6516084239612645,5.280352018650629,220.93754196803854,True,False
0x1070c27e30447364ed6602778729203d29aaa8860cb0a24779eb3a26f68b245f,2024-05-07 00:00:02+00:00,0.025,0.6488705731741323,5.271582966252358,216.27007041035313,True,False
0x1070c27e30447364ed6602778729203d29aaa8860cb0a24779eb3a26f68b245f,2024-05-08 00:00:03+00:00,0.025,0.6461326906989124,5.282739898712058,216.72779071639212,True,False
0x1070c27e30447364ed6602778729203d29aaa8860cb0a24779eb3a26f68b245f,2024-05-09 00:00:03+00:00,0.025,0.6433948399117804,5.2939678405570465,217.1884242279814,True,False
0x1070c27e30447364ed6602778729203d29aaa8860cb0a24779eb3a26f68b245f,2024-05-10 00:00:03+00:00,0.0235,0.6406569891246483,5.366426160846554,233.85413214134522,True,False
0x1070c27e30447364ed6602778729203d29aaa8860cb0a24779eb3a26f68b245f,2024-05-11 00:00:04+00:00,0.0235,0.6379191066494283,5.377929902388499,234.3554336433201,True,False
0x1070c27e30447364ed6602778729203d29aaa8860cb0a24779eb3a26f68b245f,2024-05-12 00:00:03+00:00,0.0235,0.635181287550384,5.389507673655046,234.85996115763183,True,False
0x1070c27e30447364ed6602778729203d29aaa8860cb0a24779eb3a26f68b245f,2024-05-13 00:00:04+00:00,0.0235,0.6324434050751642,5.401160813884479,235.3677730446113,True,False
0x1070c27e30447364ed6602778729203d29aaa8860cb0a24779eb3a26f68b245f,2024-05-14 00:00:03+00:00,0.0235,0.6297055859761198,5.412889598994546,235.87888132799714,True,False
0x1070c27e30447364ed6602778729203d29aaa8860cb0a24779eb3a26f68b245f,2024-05-15 00:00:04+00:00,0.0235,0.6269677035008999,5.424695399874163,236.39334574736796,True,False
0x1070c27e30447364ed6602778729203d29aaa8860cb0a24779eb3a26f68b245f,2024-05-16 00:00:04+00:00,0.023,0.6242298527137679,5.457993983957384,242.89056935416247,True,False
0x1070c27e30447364ed6602778729203d29aaa8860cb0a24779eb3a26f68b245f,2024-05-17 00:00:03+00:00,0.023,0.6214920336147236,5.470002649114864,243.42497659716366,True,False
0x1070c27e30447364ed6602778729203d29aaa8860cb0a24779eb3a26f68b245f,2024-05-18 00:00:03+00:00,0.0245,0.6187541828275914,5.418725450604783,226.72728587557538,True,False
0x1070c27e30447364ed6602778729203d29aaa8860cb0a24779eb3a26f68b245f,2024-05-19 00:00:03+00:00,0.021,0.6160163320404594,5.584776305448682,271.64630115514774,True,False
0x1070c27e30447364ed6602778729203d29aaa8860cb0a24779eb3a26f68b245f,2024-05-20 00:00:03+00:00,0.021,0.6132784812533273,5.597228443920563,272.25197937256496,True,False
0x1070c27e30447364ed6602778729203d29aaa8860cb0a24779eb3a26f68b245f,2024-05-21 00:00:03+00:00,0.024,0.6105406304661951,5.475930549870909,233.77435749107363,True,False
0x1070c27e30447364ed6602778729203d29aaa8860cb0a24779eb3a26f68b245f,2024-05-22 00:00:03+00:00,0.0235,0.607802779679063,5.509555995404932,240.09133773049348,True,False
0x1070c27e30447364ed6602778729203d29aaa8860cb0a24779eb3a26f68b245f,2024-05-23 00:00:03+00:00,0.0235,0.605064928891931,5.522006987241204,240.63391780201562,True,False
0x1070c27e30447364ed6602778729203d29aaa8860cb0a24779eb3a26f68b245f,2024-05-24 00:00:03+00:00,0.0225,0.6023270781047988,5.578560336699116,253.64298206077254,True,False
0x1070c27e30447364ed6602778729203d29aaa8860cb0a24779eb3a26f68b245f,2024-05-25 00:00:03+00:00,0.0225,0.5995892273176667,5.59128227162549,254.2214161580217,True,False
0x1070c27e30447364ed6602778729203d29aaa8860cb0a24779eb3a26f68b245f,2024-05-26 00:00:03+00:00,0.0255,0.5968513765305347,5.476119146109527,220.36918464409206,True,False
0x1070c27e30447364ed6602778729203d29aaa8860cb0a24779eb3a26f68b245f,2024-05-27 00:00:03+00:00,0.0255,0.5941135257434026,5.488722430953123,220.8763641868881,True,False
0x1070c27e30447364ed6602778729203d29aaa8860cb0a24779eb3a26f68b245f,2024-05-28 00:00:03+00:00,0.0255,0.5913756749562704,5.501413137633711,221.38706174644457,True,False
0x1070c27e30447364ed6602778729203d29aaa8860cb0a24779eb3a26f68b245f,2024-05-29 00:00:04+00:00,0.0255,0.5886377924810505,5.514192429930553,221.90132415539605,True,False
0x1070c27e30447364ed6602778729203d29aaa8860cb0a24779eb3a26f68b245f,2024-05-30 00:00:03+00:00,0.0255,0.5858999733820063,5.5270608945170565,222.41917502256788,True,False
0x1070c27e30447364ed6602778729203d29aaa8860cb0a24779eb3a26f68b245f,2024-05-31 00:00:03+00:00,0.0245,0.5831621225948741,5.5816367209645925,233.54372832203651,True,False
0x1070c27e30447364ed6602778729203d29aaa8860cb0a24779eb3a26f68b245f,2024-06-01 00:00:03+00:00,0.025,0.580424271807742,5.573747658365102,228.6665705995939,True,False
0x1070c27e30447364ed6602778729203d29aaa8860cb0a24779eb3a26f68b245f,2024-06-02 00:00:03+00:00,0.0275,0.57768642102061,5.486671907073443,205.1571640878128,True,False
0x1070c27e30447364ed6602778729203d29aaa8860cb0a24779eb3a26f68b245f,2024-06-03 00:00:03+00:00,0.0325,0.5749485702334778,5.320324702511356,169.20134215897772,True,False
0x1070c27e30447364ed6602778729203d29aaa8860cb0a24779eb3a26f68b245f,2024-06-04 00:00:02+00:00,0.0345,0.5722107511344335,5.267711948081849,158.14324478814305,True,False
0x1070c27e30447364ed6602778729203d29aaa8860cb0a24779eb3a26f68b245f,2024-06-05 00:00:02+00:00,0.0355,0.5694729003473015,5.248828154252782,153.2963340635601,True,False
0x1070c27e30447364ed6602778729203d29aaa8860cb0a24779eb3a26f68b245f,2024-06-06 00:00:03+00:00,0.029,0.5667350178720816,5.482442182005672,194.6959118578668,True,False
0x1070c27e30447364ed6602778729203d29aaa8860cb0a24779eb3a26f68b245f,2024-06-07 00:00:02+00:00,0.036,0.5639971987730372,5.258689310070705,151.52977495593316,True,False
0x1070c27e30447364ed6602778729203d29aaa8860cb0a24779eb3a26f68b245f,2024-06-08 00:00:02+00:00,0.037,0.5612593479859052,5.240856582258306,147.0869911666332,True,False
0x1070c27e30447364ed6602778729203d29aaa8860cb0a24779eb3a26f68b245f,2024-06-09 00:00:03+00:00,0.035,0.5585214655106853,5.315859931605295,157.39037547313976,True,False
0x1070c27e30447364ed6602778729203d29aaa8860cb0a24779eb3a26f68b245f,2024-06-10 00:00:04+00:00,0.035,0.5557835830354653,5.328937251718203,157.77756481771144,True,False
0x1070c27e30447364ed6602778729203d29aaa8860cb0a24779eb3a26f68b245f,2024-06-11 00:00:02+00:00,0.0345,0.5530457956245088,5.358206881224169,160.86001489726488,True,False
0x1070c27e30447364ed6602778729203d29aaa8860cb0a24779eb3a26f68b245f,2024-06-12 00:00:03+00:00,0.035,0.550307913149289,5.355383604761495,158.56058045185773,True,False
0x1070c27e30447364ed6602778729203d29aaa8860cb0a24779eb3a26f68b245f,2024-06-13 00:00:03+00:00,0.0345,0.5475700623621568,5.384931429753131,161.66231898327456,True,False
0x1070c27e30447364ed6602778729203d29aaa8860cb0a24779eb3a26f68b245f,2024-06-14 00:00:03+00:00,0.032,0.5448322115750247,5.482678118456957,176.9976148778718,True,False
0x1070c27e30447364ed6602778729203d29aaa8860cb0a24779eb3a26f68b245f,2024-06-15 00:00:04+00:00,0.026,0.5420943290998048,5.725003046753579,226.07025141184565,True,False
0x1070c27e30447364ed6602778729203d29aaa8860cb0a24779eb3a26f68b245f,2024-06-16 00:00:04+00:00,0.027,0.5393564783126727,5.698367092971921,216.90712546046672,True,False
0x1070c27e30447364ed6602778729203d29aaa8860cb0a24779eb3a26f68b245f,2024-06-17 00:00:04+00:00,0.025,0.5366186275255406,5.796785273908579,237.81683175009556,True,False
0x1070c27e30447364ed6602778729203d29aaa8860cb0a24779eb3a26f68b245f,2024-06-18 00:00:03+00:00,0.024,0.5338808084264963,5.855892049589349,249.99539146129393,True,False
0x1070c27e30447364ed6602778729203d29aaa8860cb0a24779eb3a26f68b245f,2024-06-19 00:00:03+00:00,0.025,0.5311429576393643,5.8265888269074475,239.03954161671578,True,False
0x1070c27e30447364ed6602778729203d29aaa8860cb0a24779eb3a26f68b245f,2024-06-20 00:00:04+00:00,0.0235,0.5284050751641443,5.909006288229409,257.49828581143726,True,False
0x1070c27e30447364ed6602778729203d29aaa8860cb0a24779eb3a26f68b245f,2024-06-21 00:00:03+00:00,0.0235,0.5256672560651,5.924374166076033,258.1679757743584,True,False
0x1070c27e30447364ed6602778729203d29aaa8860cb0a24779eb3a26f68b245f,2024-06-22 00:00:02+00:00,0.025,0.5229294369660558,5.872168925464269,240.9094943780213,True,False
0x1070c27e30447364ed6602778729203d29aaa8860cb0a24779eb3a26f68b245f,2024-06-23 00:00:03+00:00,0.025,0.5201915544908358,5.887601903124412,241.54264217946303,True,False
0x1070c27e30447364ed6602778729203d29aaa8860cb0a24779eb3a26f68b245f,2024-06-24 00:00:03+00:00,0.025,0.5174537037037037,5.903157023980408,242.1808009838116,True,False
0x1070c27e30447364ed6602778729203d29aaa8860cb0a24779eb3a26f68b245f,2024-06-25 00:00:03+00:00,0.025,0.5147158529165716,5.918836090408251,242.82404473469748,True,False
0x1070c27e30447364ed6602778729203d29aaa8860cb0a24779eb3a26f68b245f,2024-06-26 00:00:03+00:00,0.0255,0.5119780021294394,5.912625035402942,237.9349907102865,True,False
0x1070c27e30447364ed6602778729203d29aaa8860cb0a24779eb3a26f68b245f,2024-06-27 00:00:02+00:00,0.0255,0.5092401830303952,5.9284977013552504,238.57373620882507,True,False
0x1070c27e30447364ed6602778729203d29aaa8860cb0a24779eb3a26f68b245f,2024-06-28 00:00:03+00:00,0.0295,0.5065023005551753,5.779773186879541,201.8799740437671,True,False
0x1070c27e30447364ed6602778729203d29aaa8860cb0a24779eb3a26f68b245f,2024-06-29 00:00:02+00:00,0.033,0.5037644814561311,5.66605871113517,177.55816837877754,True,False
0x1070c27e30447364ed6602778729203d29aaa8860cb0a24779eb3a26f68b245f,2024-06-30 00:00:02+00:00,0.0335,0.5010266306689989,5.663957331217005,174.93362976788086,True,False
0x1070c27e30447364ed6602778729203d29aaa8860cb0a24779eb3a26f68b245f,2024-07-01 00:00:02+00:00,0.0335,0.4982887798818668,5.679496339979127,175.41355838435734,True,False
0x1070c27e30447364ed6602778729203d29aaa8860cb0a24779eb3a26f68b245f,2024-07-02 00:00:03+00:00,0.033,0.4955508974066469,5.7128222131019735,179.0236035568291,True,False
0x1070c27e30447364ed6602778729203d29aaa8860cb0a24779eb3a26f68b245f,2024-07-03 00:00:02+00:00,0.0325,0.4928130783076026,5.746607365810928,182.7583340349331,True,False
0x1070c27e30447364ed6602778729203d29aaa8860cb0a24779eb3a26f68b245f,2024-07-04 00:00:03+00:00,0.0365,0.4900751958323827,5.624878081145598,159.94421255683397,True,False
0x1070c27e30447364ed6602778729203d29aaa8860cb0a24779eb3a26f68b245f,2024-07-05 00:00:02+00:00,0.0355,0.4873373767333384,5.673930667952344,165.7118018663204,True,False
0x1070c27e30447364ed6602778729203d29aaa8860cb0a24779eb3a26f68b245f,2024-07-06 00:00:02+00:00,0.029,0.4845995259462063,5.928879064320734,210.55005732876643,True,False
0x1070c27e30447364ed6602778729203d29aaa8860cb0a24779eb3a26f68b245f,2024-07-07 00:00:02+00:00,0.0335,0.4818616751590742,5.775494638624474,178.3785049493703,True,False
0x1070c27e30447364ed6602778729203d29aaa8860cb0a24779eb3a26f68b245f,2024-07-08 00:00:02+00:00,0.0315,0.4791238243719421,5.8652408382359225,192.25412684435668,True,False
0x1070c27e30447364ed6602778729203d29aaa8860cb0a24779eb3a26f68b245f,2024-07-09 00:00:02+00:00,0.0315,0.47638597358481,5.882070834429037,192.80578982157112,True,False
0x1070c27e30447364ed6602778729203d29aaa8860cb0a24779eb3a26f68b245f,2024-07-10 00:00:03+00:00,0.0335,0.4736480911095901,5.825356150560135,179.9184980599373,True,False
0x1070c27e30447364ed6602778729203d29aaa8860cb0a24779eb3a26f68b245f,2024-07-11 00:00:03+00:00,0.032,0.470910240322458,5.897325110340985,190.38368770470638,True,False
0x1070c27e30447364ed6602778729203d29aaa8860cb0a24779eb3a26f68b245f,2024-07-12 00:00:02+00:00,0.0295,0.4681724212234137,6.0117179063115245,209.98150197998672,True,False
0x1070c27e30447364ed6602778729203d29aaa8860cb0a24779eb3a26f68b245f,2024-07-13 00:00:03+00:00,0.0265,0.4654345387481938,6.156183316934456,238.63256745004722,True,False
0x1070c27e30447364ed6602778729203d29aaa8860cb0a24779eb3a26f68b245f,2024-07-14 00:00:02+00:00,0.0265,0.4626967196491495,6.174369805630502,239.33753159211568,True,False
0x1070c27e30447364ed6602778729203d29aaa8860cb0a24779eb3a26f68b245f,2024-07-15 00:00:03+00:00,0.0255,0.4599588371739296,6.238016295368648,251.02933813694898,True,False
0x1070c27e30447364ed6602778729203d29aaa8860cb0a24779eb3a26f68b245f,2024-07-16 00:00:02+00:00,0.036,0.4572210180748853,5.84053852873314,168.29583127977008,True,False
0x1070c27e30447364ed6602778729203d29aaa8860cb0a24779eb3a26f68b245f,2024-07-17 00:00:01+00:00,0.0365,0.454483198975841,5.840977833153636,166.0890399059831,True,False
0x1070c27e30447364ed6602778729203d29aaa8860cb0a24779eb3a26f68b245f,2024-07-18 00:00:02+00:00,0.037,0.4517453165006211,5.841672957700892,163.94917228539452,True,False
0x1070c27e30447364ed6602778729203d29aaa8860cb0a24779eb3a26f68b245f,2024-07-19 00:00:01+00:00,0.0365,0.4490074974015768,5.876485626734365,167.09870909382502,True,False
0x1070c27e30447364ed6602778729203d29aaa8860cb0a24779eb3a26f68b245f,2024-07-20 00:00:01+00:00,0.0285,0.4462696466144447,6.199331102205399,223.90158471545715,True,False
0x1070c27e30447364ed6602778729203d29aaa8860cb0a24779eb3a26f68b245f,2024-07-21 00:00:01+00:00,0.0285,0.4435317958273126,6.218435404944704,224.59157587542157,True,False
0x1070c27e30447364ed6602778729203d29aaa8860cb0a24779eb3a26f68b245f,2024-07-22 00:00:01+00:00,0.029,0.4407939450401805,6.216504812450278,220.7644025871046,True,False
0x1070c27e30447364ed6602778729203d29aaa8860cb0a24779eb3a26f68b245f,2024-07-23 00:00:01+00:00,0.0285,0.43805609425304837,6.2571799284061465,225.99091397481365,True,False
0x1070c27e30447364ed6602778729203d29aaa8860cb0a24779eb3a26f68b245f,2024-07-24 00:00:01+00:00,0.03,0.4353182434659163,6.213722122742075,213.52996985367957,True,False
0x1070c27e30447364ed6602778729203d29aaa8860cb0a24779eb3a26f68b245f,2024-07-25 00:00:01+00:00,0.045,0.4325803926787842,5.7161136778521175,133.01020774524997,True,False
0x1070c27e30447364ed6602778729203d29aaa8860cb0a24779eb3a26f68b245f,2024-07-26 00:00:02+00:00,0.0355,0.4298425102035643,6.041491981376524,176.44673168982027,True,False
0x1070c27e30447364ed6602778729203d29aaa8860cb0a24779eb3a26f68b245f,2024-07-27 00:00:02+00:00,0.0305,0.42710465941643216,6.25255764370936,211.45115003371217,True,False
0x1070c27e30447364ed6602778729203d29aaa8860cb0a24779eb3a26f68b245f,2024-07-28 00:00:02+00:00,0.03,0.4243668086293001,6.29338872063932,216.2676536302172,True,False
0x1070c27e30447364ed6602778729203d29aaa8860cb0a24779eb3a26f68b245f,2024-07-29 00:00:02+00:00,0.041,0.421628957842168,5.912960243954122,150.38429878567922,True,False
0x1070c27e30447364ed6602778729203d29aaa8860cb0a24779eb3a26f68b245f,2024-07-30 00:00:01+00:00,0.0305,0.41889113874312367,6.313559421020929,213.51412916987562,True,False
0x1070c27e30447364ed6602778729203d29aaa8860cb0a24779eb3a26f68b245f,2024-07-31 00:00:02+00:00,0.0395,0.4161532562679038,6.000851190947069,158.16791599699704,True,False
0x1070c27e30447364ed6602778729203d29aaa8860cb0a24779eb3a26f68b245f,2024-08-01 00:00:02+00:00,0.033,0.41341540548077166,6.254628423925947,196.0022695598993,True,False
0x1070c27e30447364ed6602778729203d29aaa8860cb0a24779eb3a26f68b245f,2024-08-02 00:00:01+00:00,0.043,0.41067758638172736,5.927692459469022,144.04734901871214,True,False
0x1070c27e30447364ed6602778729203d29aaa8860cb0a24779eb3a26f68b245f,2024-08-03 00:00:02+00:00,0.1585,0.40793970390650747,3.985931795926756,29.884533184333634,False,False
0x1070c27e30447364ed6602778729203d29aaa8860cb0a24779eb3a26f68b245f,2024-08-04 00:00:01+00:00,0.101,0.40520188480746316,4.731729626105257,52.11213368104557,False,False
0x1070c27e30447364ed6602778729203d29aaa8860cb0a24779eb3a26f68b245f,2024-08-05 00:00:01+00:00,0.127,0.4024640340203311,4.382145767506347,39.52472483793189,False,False
0x1070c27e30447364ed6602778729203d29aaa8860cb0a24779eb3a26f68b245f,2024-08-06 00:00:01+00:00,0.137,0.399726183233199,4.2721808782740895,36.13418543591858,False,False
0x1070c27e30447364ed6602778729203d29aaa8860cb0a24779eb3a26f68b245f,2024-08-07 00:00:01+00:00,0.106,0.39698833244606685,4.704074329543615,49.639887821784804,False,False
0x1070c27e30447364ed6602778729203d29aaa8860cb0a24779eb3a26f68b245f,2024-08-08 00:00:01+00:00,0.105,0.3942504816589348,4.735463997940774,50.39067834999493,False,False
0x1070c27e30447364ed6602778729203d29aaa8860cb0a24779eb3a26f68b245f,2024-08-09 00:00:02+00:00,0.0905,0.39151259918371484,4.985904231246482,60.57489217555007,False,False
0x1070c27e30447364ed6602778729203d29aaa8860cb0a24779eb3a26f68b245f,2024-08-10 00:00:02+00:00,0.085,0.38877474839658277,5.100585591331722,65.5812997921147,False,False
0x1070c27e30447364ed6602778729203d29aaa8860cb0a24779eb3a26f68b245f,2024-08-11 00:00:01+00:00,0.083,0.38603692929753847,5.155383299428561,67.73506194148756,False,False
0x1070c27e30447364ed6602778729203d29aaa8860cb0a24779eb3a26f68b245f,2024-08-12 00:00:01+00:00,0.082,0.38329907851040634,5.19247445436493,68.9791494548718,False,False
0x1070c27e30447364ed6602778729203d29aaa8860cb0a24779eb3a26f68b245f,2024-08-13 00:00:02+00:00,0.071,0.38056119603518646,5.431255844786983,82.34290763636474,False,False
0x1070c27e30447364ed6602778729203d29aaa8860cb0a24779eb3a26f68b245f,2024-08-14 00:00:02+00:00,0.0765,0.37782334524805433,5.337147724976443,75.54589813513444,False,False
0x1070c27e30447364ed6602778729203d29aaa8860cb0a24779eb3a26f68b245f,2024-08-15 00:00:02+00:00,0.0675,0.37508549446092226,5.547284323836521,88.13082035685068,False,False
0x1070c27e30447364ed6602778729203d29aaa8860cb0a24779eb3a26f68b245f,2024-08-16 00:00:02+00:00,0.06,0.37234764367379014,5.744088142193451,101.84553443605412,False,False
0x1070c27e30447364ed6602778729203d29aaa8860cb0a24779eb3a26f68b245f,2024-08-17 00:00:02+00:00,0.062,0.3696097928866581,5.716368523124109,98.29370182137886,False,False
0x1070c27e30447364ed6602778729203d29aaa8860cb0a24779eb3a26f68b245f,2024-08-18 00:00:02+00:00,0.056,0.36687194209952595,5.889325552426018,111.40522004437837,False,False
0x1070c27e30447364ed6602778729203d29aaa8860cb0a24779eb3a26f68b245f,2024-08-19 00:00:02+00:00,0.0595,0.3641340913123938,5.82105448484086,104.02216744786853,False,False
0x1070c27e30447364ed6602778729203d29aaa8860cb0a24779eb3a26f68b245f,2024-08-20 00:00:01+00:00,0.063,0.3613962722133496,5.756706105356942,97.5200505726981,False,False
0x1070c27e30447364ed6602778729203d29aaa8860cb0a24779eb3a26f68b245f,2024-08-21 00:00:02+00:00,0.068,0.35865838973812963,5.6615156921254695,89.33217136022263,False,False
0x1070c27e30447364ed6602778729203d29aaa8860cb0a24779eb3a26f68b245f,2024-08-22 00:00:02+00:00,0.0765,0.35592053895099757,5.498916093378615,77.83568611001222,False,False
0x1070c27e30447364ed6602778729203d29aaa8860cb0a24779eb3a26f68b245f,2024-08-23 00:00:02+00:00,0.0765,0.35318268816386544,5.520188579303505,78.1367924569927,False,False
0x1070c27e30447364ed6602778729203d29aaa8860cb0a24779eb3a26f68b245f,2024-08-24 00:00:02+00:00,0.064,0.3504448373767333,5.82165473197113,97.18307178103515,False,False
0x1070c27e30447364ed6602778729203d29aaa8860cb0a24779eb3a26f68b245f,2024-08-25 00:00:01+00:00,0.0755,0.3477070182776891,5.584507060058501,80.0075510307487,False,False
0x1070c27e30447364ed6602778729203d29aaa8860cb0a24779eb3a26f68b245f,2024-08-26 00:00:02+00:00,0.0735,0.34496913580246913,5.649538839527931,82.96219536663006,False,False
0x1070c27e30447364ed6602778729203d29aaa8860cb0a24779eb3a26f68b245f,2024-08-27 00:00:01+00:00,0.079,0.3422313167034248,5.555825034499513,76.35928248738318,False,False
0x1070c27e30447364ed6602778729203d29aaa8860cb0a24779eb3a26f68b245f,2024-08-28 00:00:01+00:00,0.078,0.33949346591629276,5.598896599694195,77.85328160206622,False,False
0x1070c27e30447364ed6602778729203d29aaa8860cb0a24779eb3a26f68b245f,2024-08-29 00:00:02+00:00,0.08,0.3367555834410728,5.580230516416546,75.81834940783351,False,False
0x1070c27e30447364ed6602778729203d29aaa8860cb0a24779eb3a26f68b245f,2024-08-30 00:00:02+00:00,0.0805,0.33401773265394075,5.592800362304701,75.55821739879832,False,False
0x1070c27e30447364ed6602778729203d29aaa8860cb0a24779eb3a26f68b245f,2024-08-31 00:00:02+00:00,0.0775,0.3312798818668086,5.678447686619676,79.42579157786068,False,False
0x1070c27e30447364ed6602778729203d29aaa8860cb0a24779eb3a26f68b245f,2024-09-01 00:00:02+00:00,0.0725,0.32854203107967656,5.811414363038206,86.42311535329613,False,False
0x1070c27e30447364ed6602778729203d29aaa8860cb0a24779eb3a26f68b245f,2024-09-02 00:00:02+00:00,0.0725,0.32580418029254443,5.835780991882419,86.78547808357534,False,False
0x1070c27e30447364ed6602778729203d29aaa8860cb0a24779eb3a26f68b245f,2024-09-03 00:00:02+00:00,0.0725,0.3230663295054123,5.860456713498476,87.15243741609409,False,False
0x1070c27e30447364ed6602778729203d29aaa8860cb0a24779eb3a26f68b245f,2024-09-04 00:00:02+00:00,0.074,0.32032847871828024,5.851576804459915,85.39455963545495,False,False
0x1070c27e30447364ed6602778729203d29aaa8860cb0a24779eb3a26f68b245f,2024-09-05 00:00:02+00:00,0.105,0.3175906279311481,5.276121845534534,56.143887688582424,False,False
0x1070c27e30447364ed6602778729203d29aaa8860cb0a24779eb3a26f68b245f,2024-09-06 00:00:02+00:00,0.09,0.314852777144016,5.569438080130491,68.00290696130025,False,False
0x1070c27e30447364ed6602778729203d29aaa8860cb0a24779eb3a26f68b245f,2024-09-07 00:00:02+00:00,0.0905,0.3121149263568839,5.584181613861886,67.84350109023397,False,False
0x1070c27e30447364ed6602778729203d29aaa8860cb0a24779eb3a26f68b245f,2024-09-08 00:00:02+00:00,0.1075,0.3093770755697518,5.3033733644750995,55.27586074627164,False,False
0x1070c27e30447364ed6602778729203d29aaa8860cb0a24779eb3a26f68b245f,2024-09-09 00:00:01+00:00,0.09,0.30663925647070756,5.643535580816975,68.90763834941362,False,False
0x1070c27e30447364ed6602778729203d29aaa8860cb0a24779eb3a26f68b245f,2024-09-10 00:00:02+00:00,0.09,0.3039013739954876,5.668900211658546,69.21734080169165,False,False
0x1070c27e30447364ed6602778729203d29aaa8860cb0a24779eb3a26f68b245f,2024-09-11 00:00:01+00:00,0.0885,0.3011635548964433,5.724292006719474,70.96134461069603,False,False
0x1070c27e30447364ed6602778729203d29aaa8860cb0a24779eb3a26f68b245f,2024-09-12 00:00:02+00:00,0.072,0.2984256724212234,6.1094351408447904,91.43670888476997,False,False
0x1070c27e30447364ed6602778729203d29aaa8860cb0a24779eb3a26f68b245f,2024-09-13 00:00:02+00:00,0.089,0.2956878216340913,5.767020490380213,71.12841167725568,False,False
0x1070c27e30447364ed6602778729203d29aaa8860cb0a24779eb3a26f68b245f,2024-09-14 00:00:02+00:00,0.12,0.29294997084695923,5.244140646587773,49.66042278965695,False,False
0x1070c27e30447364ed6602778729203d29aaa8860cb0a24779eb3a26f68b245f,2024-09-15 00:00:02+00:00,0.1165,0.2902121200598271,5.324906497976088,51.73441076848652,False,False
0x1070c27e30447364ed6602778729203d29aaa8860cb0a24779eb3a26f68b245f,2024-09-16 00:00:02+00:00,0.125,0.287474269272695,5.215611674121539,47.68559244911121,False,False
0x1070c27e30447364ed6602778729203d29aaa8860cb0a24779eb3a26f68b245f,2024-09-17 00:00:02+00:00,0.143,0.2847364184855629,4.977169522829883,40.61304699945234,False,False
0x1070c27e30447364ed6602778729203d29aaa8860cb0a24779eb3a26f68b245f,2024-09-18 00:00:02+00:00,0.1285,0.2819985676984308,5.212218925378065,46.54275959092012,False,False
0x1070c27e30447364ed6602778729203d29aaa8860cb0a24779eb3a26f68b245f,2024-09-19 00:00:01+00:00,0.136,0.27926074859938654,5.125780633421815,43.6221799549106,False,False
0x1070c27e30447364ed6602778729203d29aaa8860cb0a24779eb3a26f68b245f,2024-09-20 00:00:02+00:00,0.1575,0.2765228661241666,4.854293588198116,36.58268447608208,False,False
0x1070c27e30447364ed6602778729203d29aaa8860cb0a24779eb3a26f68b245f,2024-09-21 00:00:02+00:00,0.174,0.2737850153370345,4.671126145419436,32.500668958694696,False,False
0x1070c27e30447364ed6602778729203d29aaa8860cb0a24779eb3a26f68b245f,2024-09-22 00:00:02+00:00,0.1745,0.2710471645499024,4.688595487673782,32.54844585064383,False,False
0x1070c27e30447364ed6602778729203d29aaa8860cb0a24779eb3a26f68b245f,2024-09-23 00:00:02+00:00,0.178,0.2683093137627703,4.670188928655859,31.918511500149396,False,False
0x1070c27e30447364ed6602778729203d29aaa8860cb0a24779eb3a26f68b245f,2024-09-24 00:00:02+00:00,0.1855,0.2655714629756382,4.605380760412015,30.481093260211335,False,False
0x1070c27e30447364ed6602778729203d29aaa8860cb0a24779eb3a26f68b245f,2024-09-25 00:00:02+00:00,0.2525,0.2628336121885061,3.9395086875619554,20.8722603400746,False,False
0x1070c27e30447364ed6602778729203d29aaa8860cb0a24779eb3a26f68b245f,2024-09-26 00:00:02+00:00,0.224,0.26009576140137397,4.234285703154326,24.35961491597435,False,False
0x1070c27e30447364ed6602778729203d29aaa8860cb0a24779eb3a26f68b245f,2024-09-27 00:00:02+00:00,0.1745,0.2573579106142419,4.811676692906609,33.40288124697619,False,False
0x1070c27e30447364ed6602778729203d29aaa8860cb0a24779eb3a26f68b245f,2024-09-28 00:00:02+00:00,0.1945,0.2546200598271098,4.598349723211517,29.35059080142476,False,False
0x1070c27e30447364ed6602778729203d29aaa8860cb0a24779eb3a26f68b245f,2024-09-29 00:00:03+00:00,0.1995,0.2518821773518899,4.566301158170913,28.593038863059665,False,False
0x1070c27e30447364ed6602778729203d29aaa8860cb0a24779eb3a26f68b245f,2024-09-30 00:00:03+00:00,0.1925,0.24914432656475777,4.671853709910665,30.054947271348414,False,False
0x1070c27e30447364ed6602778729203d29aaa8860cb0a24779eb3a26f68b245f,2024-10-01 00:00:02+00:00,0.13,0.2464065074657135,5.551692260762859,49.08658055493244,False,False
0x1070c27e30447364ed6602778729203d29aaa8860cb0a24779eb3a26f68b245f,2024-10-02 00:00:02+00:00,0.139,0.2436686566785814,5.440944187962554,45.462814595397305,False,False
0x1070c27e30447364ed6602778729203d29aaa8860cb0a24779eb3a26f68b245f,2024-10-03 00:00:02+00:00,0.127,0.24093080589144927,5.663751512165242,51.08415647162236,False,False
0x1070c27e30447364ed6602778729203d29aaa8860cb0a24779eb3a26f68b245f,2024-10-04 00:00:02+00:00,0.1145,0.23819295510431718,5.91372909619198,58.32669570831351,False,False
0x1070c27e30447364ed6602778729203d29aaa8860cb0a24779eb3a26f68b245f,2024-10-05 00:00:02+00:00,0.033,0.23545510431718508,8.287829104880798,259.7169974266177,True,False
0x1070c27e30447364ed6602778729203d29aaa8860cb0a24779eb3a26f68b245f,2024-10-06 00:00:02+00:00,0.037,0.232717253530053,8.138976181704441,228.42401789746125,True,False
0x1070c27e30447364ed6602778729203d29aaa8860cb0a24779eb3a26f68b245f,2024-10-07 00:00:02+00:00,0.031,0.2299794027429209,8.493082847431815,282.73520581350294,True,False
0x1070c27e30447364ed6602778729203d29aaa8860cb0a24779eb3a26f68b245f,2024-10-08 00:00:02+00:00,0.0345,0.22724155195578877,8.35903516021996,250.94860094176508,True,False
0x1070c27e30447364ed6602778729203d29aaa8860cb0a24779eb3a26f68b245f,2024-10-09 00:00:02+00:00,0.0295,0.22450370116865667,8.681399749207639,303.2300229379453,True,False
0x1070c27e30447364ed6602778729203d29aaa8860cb0a24779eb3a26f68b245f,2024-10-10 00:00:02+00:00,0.0335,0.22176585038152458,8.51340007663363,262.9398298718604,True,False
0x1070c27e30447364ed6602778729203d29aaa8860cb0a24779eb3a26f68b245f,2024-10-11 00:00:03+00:00,0.027,0.21902796790630466,8.942080725277442,340.3783915830171,True,False
0x1070c27e30447364ed6602778729203d29aaa8860cb0a24779eb3a26f68b245f,2024-10-12 00:00:02+00:00,0.0245,0.21629014880726039,9.165113581468022,383.48156702342163,True,False
0x1070c27e30447364ed6602778729203d29aaa8860cb0a24779eb3a26f68b245f,2024-10-13 00:00:03+00:00,0.024,0.21355226633204047,9.258979540906923,395.27747357013845,True,False
0x1070c27e30447364ed6602778729203d29aaa8860cb0a24779eb3a26f68b245f,2024-10-14 00:00:02+00:00,0.0235,0.21081444723299617,9.355085418226482,407.6689618035094,True,False
0x1070c27e30447364ed6602778729203d29aaa8860cb0a24779eb3a26f68b245f,2024-10-15 00:00:02+00:00,0.02,0.20807659644586407,9.692038869031041,494.491779032196,True,False
0x1070c27e30447364ed6602778729203d29aaa8860cb0a24779eb3a26f68b245f,2024-10-16 00:00:03+00:00,0.0225,0.20533871397064415,9.554388788222404,434.4138124795637,True,False
0x1070c27e30447364ed6602778729203d29aaa8860cb0a24779eb3a26f68b245f,2024-10-17 00:00:02+00:00,0.0205,0.20260089487159988,9.779752500094022,487.0455309500378,True,False
0x1070c27e30447364ed6602778729203d29aaa8860cb0a24779eb3a26f68b245f,2024-10-18 00:00:02+00:00,0.0165,0.19986304408446776,10.217115277498337,629.6076336829403,True,False
0x1070c27e30447364ed6602778729203d29aaa8860cb0a24779eb3a26f68b245f,2024-10-19 00:00:02+00:00,0.0235,0.19712519329733566,9.67446318186693,421.58656869919406,True,False
0x1070c27e30447364ed6602778729203d29aaa8860cb0a24779eb3a26f68b245f,2024-10-20 00:00:02+00:00,0.023,0.19438734251020356,9.780731311589799,435.2601714026879,True,False
0x1070c27e30447364ed6602778729203d29aaa8860cb0a24779eb3a26f68b245f,2024-10-21 00:00:02+00:00,0.024,0.19164949172307147,9.773753483828944,417.25382017712366,True,False
0x1070c27e30447364ed6602778729203d29aaa8860cb0a24779eb3a26f68b245f,2024-10-22 00:00:02+00:00,0.016,0.18891164093593937,10.562298529344138,670.8777013048868,True,False
0x1070c27e30447364ed6602778729203d29aaa8860cb0a24779eb3a26f68b245f,2024-10-23 00:00:02+00:00,0.015,0.18617379014880725,10.751435782817948,727.6775487524837,True,False
0x1070c27e30447364ed6602778729203d29aaa8860cb0a24779eb3a26f68b245f,2024-10-24 00:00:03+00:00,0.019,0.18343590767358733,10.41457702913091,558.751919584254,True,False
0x1070c27e30447364ed6602778729203d29aaa8860cb0a24779eb3a26f68b245f,2024-10-25 00:00:03+00:00,0.0195,0.18069805688645524,10.446270396401998,546.3601980361666,True,False
0x1070c27e30447364ed6602778729203d29aaa8860cb0a24779eb3a26f68b245f,2024-10-26 00:00:03+00:00,0.022,0.17796020609932314,10.304728637866486,478.93328861621524,True,False
0x1070c27e30447364ed6602778729203d29aaa8860cb0a24779eb3a26f68b245f,2024-10-27 00:00:03+00:00,0.022,0.17522235531219105,10.384922331434007,482.6604541473326,True,False
0x1070c27e30447364ed6602778729203d29aaa8860cb0a24779eb3a26f68b245f,2024-10-28 00:00:03+00:00,0.0235,0.17248450452505895,10.342437366828198,450.6950514463596,True,False
0x1070c27e30447364ed6602778729203d29aaa8860cb0a24779eb3a26f68b245f,2024-10-29 00:00:02+00:00,0.021,0.16974668542601465,10.639010666051451,517.4867778613478,True,False
0x1070c27e30447364ed6602778729203d29aaa8860cb0a24779eb3a26f68b245f,2024-10-30 00:00:03+00:00,0.0165,0.16700880295079473,11.176989958563473,688.7578351011983,True,False
0x1070c27e30447364ed6602778729203d29aaa8860cb0a24779eb3a26f68b245f,2024-10-31 00:00:03+00:00,0.0325,0.16427095216366264,9.953418168765714,316.5467912944771,True,False
0x1070c27e30447364ed6602778729203d29aaa8860cb0a24779eb3a26f68b245f,2024-11-01 00:00:03+00:00,0.0355,0.16153310137653054,9.855260755709445,287.8309787807868,True,False
0x1070c27e30447364ed6602778729203d29aaa8860cb0a24779eb3a26f68b245f,2024-11-02 00:00:03+00:00,0.0345,0.15879525058939845,9.999568754230864,300.19945374044727,True,False
0x1070c27e30447364ed6602778729203d29aaa8860cb0a24779eb3a26f68b245f,2024-11-03 00:00:03+00:00,0.0325,0.15605739980226632,10.211991725938557,324.7701602365671,True,False
0x1070c27e30447364ed6602778729203d29aaa8860cb0a24779eb3a26f68b245f,2024-11-04 00:00:03+00:00,0.0325,0.15331954901513423,10.302766826934095,327.6570646609929,True,False
0x1070c27e30447364ed6602778729203d29aaa8860cb0a24779eb3a26f68b245f,2024-11-05 00:00:02+00:00,0.031,0.15058172991608995,10.495996817562508,349.4123245634844,True,False
0x1070c27e30447364ed6602778729203d29aaa8860cb0a24779eb3a26f68b245f,2024-11-06 00:00:02+00:00,0.03,0.14784387912895786,10.662366026342674,366.40433080215377,True,False
0x1070c27e30447364ed6602778729203d29aaa8860cb0a24779eb3a26f68b245f,2024-11-07 00:00:03+00:00,0.023,0.14510599665373794,11.320422594920524,503.7792085319089,True,False
0x1070c27e30447364ed6602778729203d29aaa8860cb0a24779eb3a26f68b245f,2024-11-08 00:00:02+00:00,0.008,0.14236817755469364,13.490452236259088,1699.9057757382923,True,False
0x1070c27e30447364ed6602778729203d29aaa8860cb0a24779eb3a26f68b245f,2024-11-09 00:00:03+00:00,0.0085,0.13963029507947372,13.509292843222864,1602.9536760372416,True,False
0x1070c27e30447364ed6602778729203d29aaa8860cb0a24779eb3a26f68b245f,2024-11-10 00:00:02+00:00,0.0065,0.13689247598042945,14.142223380763497,2189.961423214509,True,False
0x1070c27e30447364ed6602778729203d29aaa8860cb0a24779eb3a26f68b245f,2024-11-11 00:00:02+00:00,0.0065,0.13415462519329732,14.285803001191757,2212.195114581976,True,False
0x1070c27e30447364ed6602778729203d29aaa8860cb0a24779eb3a26f68b245f,2024-11-12 00:00:02+00:00,0.0055,0.13141677440616523,14.743607008318033,2695.4809650016973,True,False
0x1070c27e30447364ed6602778729203d29aaa8860cb0a24779eb3a26f68b245f,2024-11-13 00:00:03+00:00,0.006,0.1286788919309453,14.737243843891498,2471.0335083654427,True,False
0x1070c27e30447364ed6602778729203d29aaa8860cb0a24779eb3a26f68b245f,2024-11-14 00:00:03+00:00,0.0065,0.12594104114381321,14.744289260214723,2283.192948041458,True,False
0x1070c27e30447364ed6602778729203d29aaa8860cb0a24779eb3a26f68b245f,2024-11-15 00:00:03+00:00,0.0055,0.12320319035668112,15.227134044665613,2783.88117275298,True,False
0x1070c27e30447364ed6602778729203d29aaa8860cb0a24779eb3a26f68b245f,2024-11-16 00:00:03+00:00,0.0045,0.12046533956954901,15.780776925215683,3522.6914281412314,True,False
0x1070c27e30447364ed6602778729203d29aaa8860cb0a24779eb3a26f68b245f,2024-11-17 00:00:03+00:00,0.0045,0.11772748878241691,15.963219860174148,3563.4175702157813,True,False
0x1070c27e30447364ed6602778729203d29aaa8860cb0a24779eb3a26f68b245f,2024-11-18 00:00:03+00:00,0.0045,0.11498963799528482,16.152140435891216,3605.5896949363723,True,False
0x1070c27e30447364ed6602778729203d29aaa8860cb0a24779eb3a26f68b245f,2024-11-19 00:00:03+00:00,0.0045,0.11225178720815271,16.347931269658496,3649.295444982085,True,False
0x1070c27e30447364ed6602778729203d29aaa8860cb0a24779eb3a26f68b245f,2024-11-20 00:00:03+00:00,0.0045,0.10951393642102061,16.551019123221167,3694.630084987146,True,False
0x1070c27e30447364ed6602778729203d29aaa8860cb0a24779eb3a26f68b245f,2024-11-21 00:00:03+00:00,0.0045,0.1067760856338885,16.761868817981938,3741.6973755191557,True,False
0x1070c27e30447364ed6602778729203d29aaa8860cb0a24779eb3a26f68b245f,2024-11-22 00:00:03+00:00,0.0045,0.10403823484675641,16.98098771327865,3790.61057275041,True,False
0x1070c27e30447364ed6602778729203d29aaa8860cb0a24779eb3a26f68b245f,2024-11-23 00:00:04+00:00,0.0055,0.10130035237153649,16.792821430641954,3070.125952857435,True,False
0x1070c27e30447364ed6602778729203d29aaa8860cb0a24779eb3a26f68b245f,2024-11-24 00:00:03+00:00,0.0045,0.0985625332724922,17.446306850150105,3894.482247926805,True,False
0x1070c27e30447364ed6602778729203d29aaa8860cb0a24779eb3a26f68b245f,2024-11-25 00:00:03+00:00,0.0035,0.09582468248536011,18.218072954230475,5223.445761373514,True,False
0x1070c27e30447364ed6602778729203d29aaa8860cb0a24779eb3a26f68b245f,2024-11-26 00:00:04+00:00,0.0035,0.09308680001014019,18.484047708249996,5299.705457171527,True,False
0x1070c27e30447364ed6602778729203d29aaa8860cb0a24779eb3a26f68b245f,2024-11-27 00:00:03+00:00,0.0035,0.0903489809110959,18.762016007718508,5379.403915910976,True,False
0x1070c27e30447364ed6602778729203d29aaa8860cb0a24779eb3a26f68b245f,2024-11-28 00:00:03+00:00,0.0035,0.08761113012396379,19.052917637626017,5462.810590674794,True,False
0x1070c27e30447364ed6602778729203d29aaa8860cb0a24779eb3a26f68b245f,2024-11-29 00:00:04+00:00,0.0035,0.08487324764874389,19.357787630094816,5550.222243593954,True,False
0x1070c27e30447364ed6602778729203d29aaa8860cb0a24779eb3a26f68b245f,2024-11-30 00:00:03+00:00,0.0035,0.0821354285496996,19.67776943363133,5641.966721706352,True,False
0x1070c27e30447364ed6602778729203d29aaa8860cb0a24779eb3a26f68b245f,2024-12-01 00:00:03+00:00,0.0035,0.07939757776256749,,,True,False
0x1070c27e30447364ed6602778729203d29aaa8860cb0a24779eb3a26f68b245f,2024-12-02 00:00:03+00:00,0.0035,0.0766597269754354,,,True,False
0x1070c27e30447364ed6602778729203d29aaa8860cb0a24779eb3a26f68b245f,2024-12-03 00:00:03+00:00,0.0035,0.07392187618830329,,,True,False
0x1070c27e30447364ed6602778729203d29aaa8860cb0a24779eb3a26f68b245f,2024-12-04 00:00:03+00:00,0.004,0.07118402540117119,,,True,False
0x1070c27e30447364ed6602778729203d29aaa8860cb0a24779eb3a26f68b245f,2024-12-05 00:00:03+00:00,0.0035,0.0684461746140391,,,True,False
0x1070c27e30447364ed6602778729203d29aaa8860cb0a24779eb3a26f68b245f,2024-12-06 00:00:03+00:00,0.0045,0.06570832382690699,,,True,False
0x1070c27e30447364ed6602778729203d29aaa8860cb0a24779eb3a26f68b245f,2024-12-07 00:00:03+00:00,0.0035,0.06297047303977489,,,True,False
0x1070c27e30447364ed6602778729203d29aaa8860cb0a24779eb3a26f68b245f,2024-12-08 00:00:03+00:00,0.0035,0.06023262225264279,,,True,False
0x1070c27e30447364ed6602778729203d29aaa8860cb0a24779eb3a26f68b245f,2024-12-09 00:00:02+00:00,0.0035,0.0574948031535985,,,True,False
0x1070c27e30447364ed6602778729203d29aaa8860cb0a24779eb3a26f68b245f,2024-12-10 00:00:03+00:00,0.0035,0.05475692067837858,,,True,False
0x1070c27e30447364ed6602778729203d29aaa8860cb0a24779eb3a26f68b245f,2024-12-11 00:00:03+00:00,0.0035,0.05201906989124648,,,True,False
0x1070c27e30447364ed6602778729203d29aaa8860cb0a24779eb3a26f68b245f,2024-12-12 00:00:03+00:00,0.0035,0.04928121910411438,,,True,False
0x1070c27e30447364ed6602778729203d29aaa8860cb0a24779eb3a26f68b245f,2024-12-13 00:00:03+00:00,0.0025,0.04654336831698228,,,True,False
0x1070c27e30447364ed6602778729203d29aaa8860cb0a24779eb3a26f68b245f,2024-12-14 00:00:03+00:00,0.0015,0.04380551752985018,,,True,False
0x1070c27e30447364ed6602778729203d29aaa8860cb0a24779eb3a26f68b245f,2024-12-15 00:00:03+00:00,0.0015,0.04106766674271808,,,True,False
0x1070c27e30447364ed6602778729203d29aaa8860cb0a24779eb3a26f68b245f,2024-12-16 00:00:03+00:00,0.0015,0.038329815955585975,,,True,False
0x1070c27e30447364ed6602778729203d29aaa8860cb0a24779eb3a26f68b245f,2024-12-17 00:00:04+00:00,0.0005,0.03559193348036606,,,True,False
0x1070c27e30447364ed6602778729203d29aaa8860cb0a24779eb3a26f68b245f,2024-12-18 00:00:03+00:00,0.0005,0.032854114381321776,,,True,False
0x13d3e3531ecc4d6096ffe53c9a34f73ea56ed9b4404f87366e708d3d3a7be699,2024-03-22 00:00:02+00:00,0.05,0.774811709382209,4.166713881601026,87.72029224423211,False,False
0x13d3e3531ecc4d6096ffe53c9a34f73ea56ed9b4404f87366e708d3d3a7be699,2024-03-23 00:00:03+00:00,0.05,0.7720738269069891,4.174095220560904,87.87568885391377,False,False
0x13d3e3531ecc4d6096ffe53c9a34f73ea56ed9b4404f87366e708d3d3a7be699,2024-03-24 00:00:03+00:00,0.045,0.769335976119857,4.286237697361235,99.73793362097115,True,False
0x13d3e3531ecc4d6096ffe53c9a34f73ea56ed9b4404f87366e708d3d3a7be699,2024-03-25 00:00:03+00:00,0.045,0.7665981253327249,4.293884872448041,99.9158783583023,True,False
0x13d3e3531ecc4d6096ffe53c9a34f73ea56ed9b4404f87366e708d3d3a7be699,2024-03-26 00:00:02+00:00,0.045,0.7638603062336806,4.301573035408359,100.09477685650633,True,False
0x13d3e3531ecc4d6096ffe53c9a34f73ea56ed9b4404f87366e708d3d3a7be699,2024-03-27 00:00:03+00:00,0.045,0.7611224237584607,4.309302822979973,100.27464393205288,True,False
0x13d3e3531ecc4d6096ffe53c9a34f73ea56ed9b4404f87366e708d3d3a7be699,2024-03-28 00:00:03+00:00,0.045,0.7583845729713287,4.31707434121859,100.4554820527886,True,False
0x13d3e3531ecc4d6096ffe53c9a34f73ea56ed9b4404f87366e708d3d3a7be699,2024-03-29 00:00:02+00:00,0.045,0.7556467538722843,4.324887967126842,100.63729999131687,True,False
0x13d3e3531ecc4d6096ffe53c9a34f73ea56ed9b4404f87366e708d3d3a7be699,2024-03-30 00:00:02+00:00,0.045,0.7529089030851522,4.332744264847799,100.82011087487606,True,False
0x13d3e3531ecc4d6096ffe53c9a34f73ea56ed9b4404f87366e708d3d3a7be699,2024-03-31 00:00:03+00:00,0.045,0.7501710206099323,4.34064362403181,101.00392377037372,True,False
0x13d3e3531ecc4d6096ffe53c9a34f73ea56ed9b4404f87366e708d3d3a7be699,2024-04-01 00:00:02+00:00,0.045,0.747433201510888,4.348586162785196,101.18874142606623,True,False
0x13d3e3531ecc4d6096ffe53c9a34f73ea56ed9b4404f87366e708d3d3a7be699,2024-04-02 00:00:03+00:00,0.035,0.7446953190356681,4.60366964578284,136.30406057092048,True,False
0x13d3e3531ecc4d6096ffe53c9a34f73ea56ed9b4404f87366e708d3d3a7be699,2024-04-03 00:00:03+00:00,0.034,0.741957468248536,4.640121810653679,141.27760962896357,True,False
0x13d3e3531ecc4d6096ffe53c9a34f73ea56ed9b4404f87366e708d3d3a7be699,2024-04-04 00:00:03+00:00,0.031,0.7392196174614039,4.737214932205667,157.7021516097629,True,False
0x13d3e3531ecc4d6096ffe53c9a34f73ea56ed9b4404f87366e708d3d3a7be699,2024-04-05 00:00:03+00:00,0.0295,0.7364817666742718,4.7931443392778785,167.4183092509672,True,False
0x13d3e3531ecc4d6096ffe53c9a34f73ea56ed9b4404f87366e708d3d3a7be699,2024-04-06 00:00:03+00:00,0.028,0.7337439158871397,4.851410870420925,178.25583739053957,True,False
0x13d3e3531ecc4d6096ffe53c9a34f73ea56ed9b4404f87366e708d3d3a7be699,2024-04-07 00:00:02+00:00,0.0285,0.7310060967880955,4.84376435892868,174.9425055820238,True,False
0x13d3e3531ecc4d6096ffe53c9a34f73ea56ed9b4404f87366e708d3d3a7be699,2024-04-08 00:00:03+00:00,0.0285,0.7282682143128755,4.852860744393867,175.27104023959575,True,False
0x13d3e3531ecc4d6096ffe53c9a34f73ea56ed9b4404f87366e708d3d3a7be699,2024-04-09 00:00:03+00:00,0.028,0.7255303635257434,4.878794407765551,179.26199323065663,True,False
0x13d3e3531ecc4d6096ffe53c9a34f73ea56ed9b4404f87366e708d3d3a7be699,2024-04-10 00:00:03+00:00,0.028,0.7227925127386113,4.888025816323284,179.60118372733996,True,False
0x13d3e3531ecc4d6096ffe53c9a34f73ea56ed9b4404f87366e708d3d3a7be699,2024-04-11 00:00:03+00:00,0.022,0.7200546619514792,5.122892898469976,238.09689991029822,True,False
0x13d3e3531ecc4d6096ffe53c9a34f73ea56ed9b4404f87366e708d3d3a7be699,2024-04-12 00:00:03+00:00,0.0185,0.7173168111643471,5.290666096469587,291.37233944016117,True,False
0x13d3e3531ecc4d6096ffe53c9a34f73ea56ed9b4404f87366e708d3d3a7be699,2024-04-13 00:00:02+00:00,0.0185,0.7145789920653028,5.300791666286453,291.92998396202466,True,False
0x13d3e3531ecc4d6096ffe53c9a34f73ea56ed9b4404f87366e708d3d3a7be699,2024-04-14 00:00:03+00:00,0.0185,0.7118411095900828,5.310975832575203,292.4908555616859,True,False
0x13d3e3531ecc4d6096ffe53c9a34f73ea56ed9b4404f87366e708d3d3a7be699,2024-04-15 00:00:03+00:00,0.019,0.7091032588029508,5.296989016048739,284.1884766376275,True,False
0x13d3e3531ecc4d6096ffe53c9a34f73ea56ed9b4404f87366e708d3d3a7be699,2024-04-16 00:00:03+00:00,0.02,0.7063654080158187,5.260318656787328,268.383604938129,True,False
0x13d3e3531ecc4d6096ffe53c9a34f73ea56ed9b4404f87366e708d3d3a7be699,2024-04-17 00:00:03+00:00,0.02,0.7036275572286866,5.27054280514492,268.90524516045514,True,False
0x13d3e3531ecc4d6096ffe53c9a34f73ea56ed9b4404f87366e708d3d3a7be699,2024-04-18 00:00:03+00:00,0.019,0.7008897064415545,5.32793566532272,285.8487936757723,True,False
0x13d3e3531ecc4d6096ffe53c9a34f73ea56ed9b4404f87366e708d3d3a7be699,2024-04-19 00:00:03+00:00,0.0255,0.6981518556544224,5.063269456659719,203.7553479073117,True,False
0x13d3e3531ecc4d6096ffe53c9a34f73ea56ed9b4404f87366e708d3d3a7be699,2024-04-20 00:00:02+00:00,0.0255,0.6954140365553781,5.073226617452767,204.15604251361754,True,False
0x13d3e3531ecc4d6096ffe53c9a34f73ea56ed9b4404f87366e708d3d3a7be699,2024-04-21 00:00:03+00:00,0.0255,0.6926761540801581,5.08324298648047,204.55911976903067,True,False
0x13d3e3531ecc4d6096ffe53c9a34f73ea56ed9b4404f87366e708d3d3a7be699,2024-04-22 00:00:03+00:00,0.0245,0.6899383032930261,5.131579872056742,214.71270084652525,True,False
0x13d3e3531ecc4d6096ffe53c9a34f73ea56ed9b4404f87366e708d3d3a7be699,2024-04-23 00:00:02+00:00,0.0245,0.6872004841939818,5.141791864286164,215.1399853256274,True,False
0x13d3e3531ecc4d6096ffe53c9a34f73ea56ed9b4404f87366e708d3d3a7be699,2024-04-24 00:00:03+00:00,0.0245,0.6844626017187618,5.152065305162994,215.56984090473722,True,False
0x13d3e3531ecc4d6096ffe53c9a34f73ea56ed9b4404f87366e708d3d3a7be699,2024-04-25 00:00:03+00:00,0.0245,0.6817247509316298,5.162400453008164,216.002278392375,True,False
0x13d3e3531ecc4d6096ffe53c9a34f73ea56ed9b4404f87366e708d3d3a7be699,2024-04-26 00:00:02+00:00,0.0165,0.6789869318325855,5.543241944091003,341.5902971201184,True,False
0x13d3e3531ecc4d6096ffe53c9a34f73ea56ed9b4404f87366e708d3d3a7be699,2024-04-27 00:00:03+00:00,0.0165,0.6762490493573656,5.554451878322132,342.28108507477197,True,False
0x13d3e3531ecc4d6096ffe53c9a34f73ea56ed9b4404f87366e708d3d3a7be699,2024-04-28 00:00:03+00:00,0.0165,0.6735111985702334,5.565729966404645,342.97607286312916,True,False
0x13d3e3531ecc4d6096ffe53c9a34f73ea56ed9b4404f87366e708d3d3a7be699,2024-04-29 00:00:03+00:00,0.0165,0.6707733477831014,5.577077033748026,343.67531134926435,True,False
0x13d3e3531ecc4d6096ffe53c9a34f73ea56ed9b4404f87366e708d3d3a7be699,2024-04-30 00:00:04+00:00,0.015,0.6680354653078815,5.675785520237164,384.1479201514155,True,False
0x13d3e3531ecc4d6096ffe53c9a34f73ea56ed9b4404f87366e708d3d3a7be699,2024-05-01 00:00:03+00:00,0.015,0.6652976462088371,5.687451967708416,384.9375274252735,True,False
0x13d3e3531ecc4d6096ffe53c9a34f73ea56ed9b4404f87366e708d3d3a7be699,2024-05-02 00:00:03+00:00,0.017,0.6625597954217051,5.583873272270703,334.14357442826304,True,False
0x13d3e3531ecc4d6096ffe53c9a34f73ea56ed9b4404f87366e708d3d3a7be699,2024-05-03 00:00:03+00:00,0.016,0.659821944634573,5.651639093935516,358.97097903553833,True,False
0x13d3e3531ecc4d6096ffe53c9a34f73ea56ed9b4404f87366e708d3d3a7be699,2024-05-04 00:00:03+00:00,0.014,0.6570840938474408,5.785969240179165,419.1516401172968,True,False
0x13d3e3531ecc4d6096ffe53c9a34f73ea56ed9b4404f87366e708d3d3a7be699,2024-05-05 00:00:03+00:00,0.0135,0.6543462430603088,5.831172683953476,437.84968811950034,True,False
0x13d3e3531ecc4d6096ffe53c9a34f73ea56ed9b4404f87366e708d3d3a7be699,2024-05-06 00:00:02+00:00,0.0135,0.6516084239612645,5.843410065368973,438.7685656637925,True,False
0x13d3e3531ecc4d6096ffe53c9a34f73ea56ed9b4404f87366e708d3d3a7be699,2024-05-07 00:00:02+00:00,0.013,0.6488705731741323,5.89007983751769,459.0507238342834,True,False
0x13d3e3531ecc4d6096ffe53c9a34f73ea56ed9b4404f87366e708d3d3a7be699,2024-05-08 00:00:03+00:00,0.013,0.6461326906989124,5.902545774855817,460.02227222007775,True,False
0x13d3e3531ecc4d6096ffe53c9a34f73ea56ed9b4404f87366e708d3d3a7be699,2024-05-09 00:00:03+00:00,0.013,0.6433948399117804,5.915091052868551,461.00000412037656,True,False
0x13d3e3531ecc4d6096ffe53c9a34f73ea56ed9b4404f87366e708d3d3a7be699,2024-05-10 00:00:03+00:00,0.011,0.6406569891246483,6.078943476394201,558.7777807146063,True,False
0x13d3e3531ecc4d6096ffe53c9a34f73ea56ed9b4404f87366e708d3d3a7be699,2024-05-11 00:00:04+00:00,0.011,0.6379191066494283,6.09197460596339,559.9756049235583,True,False
0x13d3e3531ecc4d6096ffe53c9a34f73ea56ed9b4404f87366e708d3d3a7be699,2024-05-12 00:00:03+00:00,0.011,0.635181287550384,6.105089594367959,561.1811374545417,True,False
0x13d3e3531ecc4d6096ffe53c9a34f73ea56ed9b4404f87366e708d3d3a7be699,2024-05-13 00:00:04+00:00,0.011,0.6324434050751642,6.118289958761214,562.394517764612,True,False
0x13d3e3531ecc4d6096ffe53c9a34f73ea56ed9b4404f87366e708d3d3a7be699,2024-05-14 00:00:03+00:00,0.011,0.6297055859761198,6.131576011645495,563.6157745790509,True,False
0x13d3e3531ecc4d6096ffe53c9a34f73ea56ed9b4404f87366e708d3d3a7be699,2024-05-15 00:00:04+00:00,0.011,0.6269677035008999,6.144949305924424,564.8450506410906,True,False
0x13d3e3531ecc4d6096ffe53c9a34f73ea56ed9b4404f87366e708d3d3a7be699,2024-05-16 00:00:04+00:00,0.0105,0.6242298527137679,6.2005536853576695,596.7952727791976,True,False
0x13d3e3531ecc4d6096ffe53c9a34f73ea56ed9b4404f87366e708d3d3a7be699,2024-05-17 00:00:03+00:00,0.0105,0.6214920336147236,6.214196128573705,598.1083402943963,True,False
0x13d3e3531ecc4d6096ffe53c9a34f73ea56ed9b4404f87366e708d3d3a7be699,2024-05-18 00:00:03+00:00,0.0095,0.6187541828275914,6.318250671549411,671.4578678019512,True,False
0x13d3e3531ecc4d6096ffe53c9a34f73ea56ed9b4404f87366e708d3d3a7be699,2024-05-19 00:00:03+00:00,0.01,0.6160163320404594,6.2860090076137665,634.9504048094713,True,False
0x13d3e3531ecc4d6096ffe53c9a34f73ea56ed9b4404f87366e708d3d3a7be699,2024-05-20 00:00:03+00:00,0.0105,0.6132784812533273,6.255670651779396,602.1002095122014,True,False
0x13d3e3531ecc4d6096ffe53c9a34f73ea56ed9b4404f87366e708d3d3a7be699,2024-05-21 00:00:03+00:00,0.0125,0.6105406304661951,6.108796205188082,494.88981915447755,True,False
0x13d3e3531ecc4d6096ffe53c9a34f73ea56ed9b4404f87366e708d3d3a7be699,2024-05-22 00:00:03+00:00,0.0125,0.607802779679063,6.122539298237362,496.00318365467234,True,False
0x13d3e3531ecc4d6096ffe53c9a34f73ea56ed9b4404f87366e708d3d3a7be699,2024-05-23 00:00:03+00:00,0.0135,0.605064928891931,6.063993386580518,455.3316728862246,True,False
0x13d3e3531ecc4d6096ffe53c9a34f73ea56ed9b4404f87366e708d3d3a7be699,2024-05-24 00:00:03+00:00,0.0145,0.6023270781047988,6.009804971810834,420.56753769735883,True,False
0x13d3e3531ecc4d6096ffe53c9a34f73ea56ed9b4404f87366e708d3d3a7be699,2024-05-25 00:00:03+00:00,0.015,0.5995892273176667,5.990993173221189,405.48177145321074,True,False
0x13d3e3531ecc4d6096ffe53c9a34f73ea56ed9b4404f87366e708d3d3a7be699,2024-05-26 00:00:03+00:00,0.015,0.5968513765305347,6.004718263664664,406.4107115847488,True,False
0x13d3e3531ecc4d6096ffe53c9a34f73ea56ed9b4404f87366e708d3d3a7be699,2024-05-27 00:00:03+00:00,0.0195,0.5941135257434026,5.761071755382506,301.3152240684374,True,False
0x13d3e3531ecc4d6096ffe53c9a34f73ea56ed9b4404f87366e708d3d3a7be699,2024-05-28 00:00:03+00:00,0.0195,0.5913756749562704,5.774392172425742,302.0119077093446,True,False
0x13d3e3531ecc4d6096ffe53c9a34f73ea56ed9b4404f87366e708d3d3a7be699,2024-05-29 00:00:04+00:00,0.0145,0.5886377924810505,6.079284968955693,425.42976391859145,True,False
0x13d3e3531ecc4d6096ffe53c9a34f73ea56ed9b4404f87366e708d3d3a7be699,2024-05-30 00:00:03+00:00,0.014,0.5858999733820063,6.12738061796987,443.8844261061917,True,False
0x13d3e3531ecc4d6096ffe53c9a34f73ea56ed9b4404f87366e708d3d3a7be699,2024-05-31 00:00:03+00:00,0.014,0.5831621225948741,6.14174730033112,444.92518837518975,True,False
0x13d3e3531ecc4d6096ffe53c9a34f73ea56ed9b4404f87366e708d3d3a7be699,2024-06-01 00:00:03+00:00,0.014,0.580424271807742,6.156215514267029,445.9733058727202,True,False
0x13d3e3531ecc4d6096ffe53c9a34f73ea56ed9b4404f87366e708d3d3a7be699,2024-06-02 00:00:03+00:00,0.0145,0.57768642102061,6.136637828287598,429.44333023933916,True,False
0x13d3e3531ecc4d6096ffe53c9a34f73ea56ed9b4404f87366e708d3d3a7be699,2024-06-03 00:00:03+00:00,0.0145,0.5749485702334778,6.151231520339531,430.4646001742179,True,False
0x13d3e3531ecc4d6096ffe53c9a34f73ea56ed9b4404f87366e708d3d3a7be699,2024-06-04 00:00:02+00:00,0.0145,0.5722107511344335,6.165929656207246,431.4931791114082,True,False
0x13d3e3531ecc4d6096ffe53c9a34f73ea56ed9b4404f87366e708d3d3a7be699,2024-06-05 00:00:02+00:00,0.0145,0.5694729003473015,6.18073383199837,432.52917874688984,True,False
0x13d3e3531ecc4d6096ffe53c9a34f73ea56ed9b4404f87366e708d3d3a7be699,2024-06-06 00:00:03+00:00,0.013,0.5667350178720816,6.30246143649235,491.19019846405973,True,False
0x13d3e3531ecc4d6096ffe53c9a34f73ea56ed9b4404f87366e708d3d3a7be699,2024-06-07 00:00:02+00:00,0.0135,0.5639971987730372,6.280890700582919,471.6180060883347,True,False
0x13d3e3531ecc4d6096ffe53c9a34f73ea56ed9b4404f87366e708d3d3a7be699,2024-06-08 00:00:02+00:00,0.0125,0.5612593479859052,6.371345094394139,516.159602583829,True,False
0x13d3e3531ecc4d6096ffe53c9a34f73ea56ed9b4404f87366e708d3d3a7be699,2024-06-09 00:00:03+00:00,0.0115,0.5585214655106853,6.467805705940061,568.9609382630741,True,False
0x13d3e3531ecc4d6096ffe53c9a34f73ea56ed9b4404f87366e708d3d3a7be699,2024-06-10 00:00:04+00:00,0.0115,0.5557835830354653,6.483716878682193,570.360614781482,True,False
0x13d3e3531ecc4d6096ffe53c9a34f73ea56ed9b4404f87366e708d3d3a7be699,2024-06-11 00:00:02+00:00,0.0115,0.5530457956245088,6.49974550071927,571.7706230977343,True,False
0x13d3e3531ecc4d6096ffe53c9a34f73ea56ed9b4404f87366e708d3d3a7be699,2024-06-12 00:00:03+00:00,0.0115,0.550307913149289,6.515894151092587,573.1911900853366,True,False
0x13d3e3531ecc4d6096ffe53c9a34f73ea56ed9b4404f87366e708d3d3a7be699,2024-06-13 00:00:03+00:00,0.0115,0.5475700623621568,6.5321635778690315,574.6223815503535,True,False
0x13d3e3531ecc4d6096ffe53c9a34f73ea56ed9b4404f87366e708d3d3a7be699,2024-06-14 00:00:03+00:00,0.0105,0.5448322115750247,6.636992870669487,638.8019799003331,True,False
0x13d3e3531ecc4d6096ffe53c9a34f73ea56ed9b4404f87366e708d3d3a7be699,2024-06-15 00:00:04+00:00,0.01,0.5420943290998048,6.700908383563978,676.85943268323,True,False
0x13d3e3531ecc4d6096ffe53c9a34f73ea56ed9b4404f87366e708d3d3a7be699,2024-06-16 00:00:04+00:00,0.0185,0.5393564783126727,6.101377667747335,336.02057896751165,True,False
0x13d3e3531ecc4d6096ffe53c9a34f73ea56ed9b4404f87366e708d3d3a7be699,2024-06-17 00:00:04+00:00,0.017,0.5366186275255406,6.204620461548131,371.2895973638999,True,False
0x13d3e3531ecc4d6096ffe53c9a34f73ea56ed9b4404f87366e708d3d3a7be699,2024-06-18 00:00:03+00:00,0.017,0.5338808084264963,6.220509219558329,372.2403937261881,True,False
0x13d3e3531ecc4d6096ffe53c9a34f73ea56ed9b4404f87366e708d3d3a7be699,2024-06-19 00:00:03+00:00,0.0175,0.5311429576393643,6.206407214212273,360.96879471972505,True,False
0x13d3e3531ecc4d6096ffe53c9a34f73ea56ed9b4404f87366e708d3d3a7be699,2024-06-20 00:00:04+00:00,0.0175,0.5284050751641443,6.2224654051963295,361.90274984784173,True,False
0x13d3e3531ecc4d6096ffe53c9a34f73ea56ed9b4404f87366e708d3d3a7be699,2024-06-21 00:00:03+00:00,0.0175,0.5256672560651,6.238648513419188,362.84397024611775,True,False
0x13d3e3531ecc4d6096ffe53c9a34f73ea56ed9b4404f87366e708d3d3a7be699,2024-06-22 00:00:02+00:00,0.017,0.5229294369660558,6.2853077605954075,376.11799177759605,True,False
0x13d3e3531ecc4d6096ffe53c9a34f73ea56ed9b4404f87366e708d3d3a7be699,2024-06-23 00:00:03+00:00,0.017,0.5201915544908358,6.301826531681123,377.10648864108214,True,False
0x13d3e3531ecc4d6096ffe53c9a34f73ea56ed9b4404f87366e708d3d3a7be699,2024-06-24 00:00:03+00:00,0.017,0.5174537037037037,6.318476039396956,378.1028088921642,True,False
0x13d3e3531ecc4d6096ffe53c9a34f73ea56ed9b4404f87366e708d3d3a7be699,2024-06-25 00:00:03+00:00,0.017,0.5147158529165716,6.3352582129258,379.10706797473523,True,False
0x13d3e3531ecc4d6096ffe53c9a34f73ea56ed9b4404f87366e708d3d3a7be699,2024-06-26 00:00:03+00:00,0.017,0.5119780021294394,6.35217482351446,380.11937188166235,True,False
0x13d3e3531ecc4d6096ffe53c9a34f73ea56ed9b4404f87366e708d3d3a7be699,2024-06-27 00:00:02+00:00,0.017,0.5092401830303952,6.36922747752864,381.13981673919216,True,False
0x13d3e3531ecc4d6096ffe53c9a34f73ea56ed9b4404f87366e708d3d3a7be699,2024-06-28 00:00:03+00:00,0.017,0.5065023005551753,6.386418608093802,382.1685481475556,True,False
0x13d3e3531ecc4d6096ffe53c9a34f73ea56ed9b4404f87366e708d3d3a7be699,2024-06-29 00:00:02+00:00,0.022,0.5037644814561311,6.12469177608259,284.65754675974114,True,False
0x13d3e3531ecc4d6096ffe53c9a34f73ea56ed9b4404f87366e708d3d3a7be699,2024-06-30 00:00:02+00:00,0.0215,0.5010266306689989,6.166731880754888,293.1269684616886,True,False
0x13d3e3531ecc4d6096ffe53c9a34f73ea56ed9b4404f87366e708d3d3a7be699,2024-07-01 00:00:02+00:00,0.0225,0.4982887798818668,6.133350367458333,278.8678768949512,True,False
0x13d3e3531ecc4d6096ffe53c9a34f73ea56ed9b4404f87366e708d3d3a7be699,2024-07-02 00:00:03+00:00,0.022,0.4955508974066469,6.175240499722533,287.006901827595,True,False
0x13d3e3531ecc4d6096ffe53c9a34f73ea56ed9b4404f87366e708d3d3a7be699,2024-07-03 00:00:02+00:00,0.0215,0.4928130783076026,6.217908962996515,295.5595994341845,True,False
0x13d3e3531ecc4d6096ffe53c9a34f73ea56ed9b4404f87366e708d3d3a7be699,2024-07-04 00:00:03+00:00,0.029,0.4900751958323827,5.895663980505018,209.37050252157456,True,False
0x13d3e3531ecc4d6096ffe53c9a34f73ea56ed9b4404f87366e708d3d3a7be699,2024-07-05 00:00:02+00:00,0.03,0.4873373767333384,5.872734957984967,201.81219786889923,True,False
0x13d3e3531ecc4d6096ffe53c9a34f73ea56ed9b4404f87366e708d3d3a7be699,2024-07-06 00:00:02+00:00,0.0315,0.4845995259462063,5.832009740155891,191.16485942607667,True,False
0x13d3e3531ecc4d6096ffe53c9a34f73ea56ed9b4404f87366e708d3d3a7be699,2024-07-07 00:00:02+00:00,0.029,0.4818616751590742,5.945698615398444,211.14736373445237,True,False
0x13d3e3531ecc4d6096ffe53c9a34f73ea56ed9b4404f87366e708d3d3a7be699,2024-07-08 00:00:02+00:00,0.028,0.4791238243719421,6.00366471383983,220.5932067107521,True,False
0x13d3e3531ecc4d6096ffe53c9a34f73ea56ed9b4404f87366e708d3d3a7be699,2024-07-09 00:00:02+00:00,0.029,0.47638597358481,5.979771670300009,212.3573873468521,True,False
0x13d3e3531ecc4d6096ffe53c9a34f73ea56ed9b4404f87366e708d3d3a7be699,2024-07-10 00:00:03+00:00,0.027,0.4736480911095901,6.0807966104528415,231.46422330527355,True,False
0x13d3e3531ecc4d6096ffe53c9a34f73ea56ed9b4404f87366e708d3d3a7be699,2024-07-11 00:00:03+00:00,0.0245,0.470910240322458,6.211366477530095,259.8925293164194,True,False
0x13d3e3531ecc4d6096ffe53c9a34f73ea56ed9b4404f87366e708d3d3a7be699,2024-07-12 00:00:02+00:00,0.025,0.4681724212234137,6.206077176385376,254.6082944158103,True,False
0x13d3e3531ecc4d6096ffe53c9a34f73ea56ed9b4404f87366e708d3d3a7be699,2024-07-13 00:00:03+00:00,0.0245,0.4654345387481938,6.247797099254969,261.4168390571018,True,False
0x13d3e3531ecc4d6096ffe53c9a34f73ea56ed9b4404f87366e708d3d3a7be699,2024-07-14 00:00:02+00:00,0.02,0.4626967196491495,6.499479145637096,331.6060788590355,True,False
0x13d3e3531ecc4d6096ffe53c9a34f73ea56ed9b4404f87366e708d3d3a7be699,2024-07-15 00:00:03+00:00,0.0195,0.4599588371739296,6.54754543356805,342.4493224842401,True,False
0x13d3e3531ecc4d6096ffe53c9a34f73ea56ed9b4404f87366e708d3d3a7be699,2024-07-16 00:00:02+00:00,0.0295,0.4572210180748853,6.083288507364285,212.48137016090902,True,False
0x13d3e3531ecc4d6096ffe53c9a34f73ea56ed9b4404f87366e708d3d3a7be699,2024-07-17 00:00:01+00:00,0.0285,0.454483198975841,6.143057639343131,221.8691529410346,True,False
0x13d3e3531ecc4d6096ffe53c9a34f73ea56ed9b4404f87366e708d3d3a7be699,2024-07-18 00:00:02+00:00,0.029,0.4517453165006211,6.140691152011965,218.07206051393746,True,False
0x13d3e3531ecc4d6096ffe53c9a34f73ea56ed9b4404f87366e708d3d3a7be699,2024-07-19 00:00:01+00:00,0.0295,0.4490074974015768,6.138675983028271,214.4159827811375,True,False
0x13d3e3531ecc4d6096ffe53c9a34f73ea56ed9b4404f87366e708d3d3a7be699,2024-07-20 00:00:01+00:00,0.0265,0.4462696466144447,6.2869813667050884,243.70270146447223,True,False
0x13d3e3531ecc4d6096ffe53c9a34f73ea56ed9b4404f87366e708d3d3a7be699,2024-07-21 00:00:01+00:00,0.018,0.4435317958273126,6.759639811007704,382.41908865171445,True,False
0x13d3e3531ecc4d6096ffe53c9a34f73ea56ed9b4404f87366e708d3d3a7be699,2024-07-22 00:00:01+00:00,0.0195,0.4407939450401805,6.688368522141433,349.8146430858893,True,False
0x13d3e3531ecc4d6096ffe53c9a34f73ea56ed9b4404f87366e708d3d3a7be699,2024-07-23 00:00:01+00:00,0.024,0.43805609425304837,6.464729438385136,275.9874247944474,True,False
0x13d3e3531ecc4d6096ffe53c9a34f73ea56ed9b4404f87366e708d3d3a7be699,2024-07-24 00:00:01+00:00,0.025,0.4353182434659163,6.436009129094781,264.041400167991,True,False
0x13d3e3531ecc4d6096ffe53c9a34f73ea56ed9b4404f87366e708d3d3a7be699,2024-07-25 00:00:01+00:00,0.0255,0.4325803926787842,6.432393039722921,258.8514186147917,True,False
0x13d3e3531ecc4d6096ffe53c9a34f73ea56ed9b4404f87366e708d3d3a7be699,2024-07-26 00:00:02+00:00,0.0255,0.4298425102035643,6.452846090756924,259.6744872989436,True,False
0x13d3e3531ecc4d6096ffe53c9a34f73ea56ed9b4404f87366e708d3d3a7be699,2024-07-27 00:00:02+00:00,0.024,0.42710465941643216,6.54708624874182,279.50334053713374,True,False
0x13d3e3531ecc4d6096ffe53c9a34f73ea56ed9b4404f87366e708d3d3a7be699,2024-07-28 00:00:02+00:00,0.0255,0.4243668086293001,6.494343927123296,261.34443715221664,True,False
0x13d3e3531ecc4d6096ffe53c9a34f73ea56ed9b4404f87366e708d3d3a7be699,2024-07-29 00:00:02+00:00,0.0265,0.421628957842168,6.468083714237117,250.7227845155921,True,False
0x13d3e3531ecc4d6096ffe53c9a34f73ea56ed9b4404f87366e708d3d3a7be699,2024-07-30 00:00:01+00:00,0.027,0.41889113874312367,6.466031059968082,246.12809028845808,True,False
0x13d3e3531ecc4d6096ffe53c9a34f73ea56ed9b4404f87366e708d3d3a7be699,2024-07-31 00:00:02+00:00,0.0325,0.4161532562679038,6.253540817976732,198.88024863372632,True,False
0x13d3e3531ecc4d6096ffe53c9a34f73ea56ed9b4404f87366e708d3d3a7be699,2024-08-01 00:00:02+00:00,0.0345,0.41341540548077166,6.197359608046641,186.0524203287818,True,False
0x13d3e3531ecc4d6096ffe53c9a34f73ea56ed9b4404f87366e708d3d3a7be699,2024-08-02 00:00:01+00:00,0.039,0.41067758638172736,6.057560276970984,161.62545097177045,True,False
0x13d3e3531ecc4d6096ffe53c9a34f73ea56ed9b4404f87366e708d3d3a7be699,2024-08-03 00:00:02+00:00,0.2435,0.40793970390650747,3.228994145009359,17.529089547043267,False,False
0x13d3e3531ecc4d6096ffe53c9a34f73ea56ed9b4404f87366e708d3d3a7be699,2024-08-04 00:00:01+00:00,0.1825,0.40520188480746316,3.7568590909915835,25.18107555438203,False,False
0x13d3e3531ecc4d6096ffe53c9a34f73ea56ed9b4404f87366e708d3d3a7be699,2024-08-05 00:00:01+00:00,0.2215,0.4024640340203311,3.424351867941309,19.85848149805544,False,False
0x13d3e3531ecc4d6096ffe53c9a34f73ea56ed9b4404f87366e708d3d3a7be699,2024-08-06 00:00:01+00:00,0.261,0.399726183233199,3.132521224779869,16.24086201597825,False,False
0x13d3e3531ecc4d6096ffe53c9a34f73ea56ed9b4404f87366e708d3d3a7be699,2024-08-07 00:00:01+00:00,0.1825,0.39698833244606685,3.795524185647027,25.440235838612725,False,False
0x13d3e3531ecc4d6096ffe53c9a34f73ea56ed9b4404f87366e708d3d3a7be699,2024-08-08 00:00:01+00:00,0.1905,0.3942504816589348,3.7325221699568467,24.20419052593527,False,False
0x13d3e3531ecc4d6096ffe53c9a34f73ea56ed9b4404f87366e708d3d3a7be699,2024-08-09 00:00:02+00:00,0.1665,0.39151259918371484,3.9832991272236944,28.702721633862016,False,False
0x13d3e3531ecc4d6096ffe53c9a34f73ea56ed9b4404f87366e708d3d3a7be699,2024-08-10 00:00:02+00:00,0.1675,0.38877474839658277,3.986822952371044,28.590904593221595,False,False
0x13d3e3531ecc4d6096ffe53c9a34f73ea56ed9b4404f87366e708d3d3a7be699,2024-08-11 00:00:01+00:00,0.163,0.38603692929753847,4.048655171599204,29.67547823881086,False,False
0x13d3e3531ecc4d6096ffe53c9a34f73ea56ed9b4404f87366e708d3d3a7be699,2024-08-12 00:00:01+00:00,0.1445,0.38329907851040634,4.271920525587512,34.5569419577981,False,False
0x13d3e3531ecc4d6096ffe53c9a34f73ea56ed9b4404f87366e708d3d3a7be699,2024-08-13 00:00:02+00:00,0.1255,0.38056119603518646,4.526392585910189,41.24285099428645,False,False
0x13d3e3531ecc4d6096ffe53c9a34f73ea56ed9b4404f87366e708d3d3a7be699,2024-08-14 00:00:02+00:00,0.125,0.37782334524805433,4.549465160979315,41.59511004323945,False,False
0x13d3e3531ecc4d6096ffe53c9a34f73ea56ed9b4404f87366e708d3d3a7be699,2024-08-15 00:00:02+00:00,0.1095,0.37508549446092226,4.786263115294869,49.08496960862754,False,False
0x13d3e3531ecc4d6096ffe53c9a34f73ea56ed9b4404f87366e708d3d3a7be699,2024-08-16 00:00:02+00:00,0.0735,0.37234764367379014,5.4378699145285845,79.85388525360361,False,False
0x13d3e3531ecc4d6096ffe53c9a34f73ea56ed9b4404f87366e708d3d3a7be699,2024-08-17 00:00:02+00:00,0.0825,0.3696097928866581,5.278206022588187,69.7310679228891,False,False
0x13d3e3531ecc4d6096ffe53c9a34f73ea56ed9b4404f87366e708d3d3a7be699,2024-08-18 00:00:02+00:00,0.0835,0.36687194209952595,5.278832971143302,68.97933064990545,False,False
0x13d3e3531ecc4d6096ffe53c9a34f73ea56ed9b4404f87366e708d3d3a7be699,2024-08-19 00:00:02+00:00,0.0815,0.3641340913123938,5.33703800397493,71.2957309560457,False,False
0x13d3e3531ecc4d6096ffe53c9a34f73ea56ed9b4404f87366e708d3d3a7be699,2024-08-20 00:00:01+00:00,0.0795,0.3613962722133496,5.396545165774368,73.74369502183825,False,False
0x13d3e3531ecc4d6096ffe53c9a34f73ea56ed9b4404f87366e708d3d3a7be699,2024-08-21 00:00:02+00:00,0.086,0.35865838973812963,5.291632615138974,67.32014420562534,False,False
0x13d3e3531ecc4d6096ffe53c9a34f73ea56ed9b4404f87366e708d3d3a7be699,2024-08-22 00:00:02+00:00,0.135,0.35592053895099757,4.553300325631597,38.99208157252492,False,False
0x13d3e3531ecc4d6096ffe53c9a34f73ea56ed9b4404f87366e708d3d3a7be699,2024-08-23 00:00:02+00:00,0.126,0.35318268816386544,4.691650148253025,42.60333940152033,False,False
0x13d3e3531ecc4d6096ffe53c9a34f73ea56ed9b4404f87366e708d3d3a7be699,2024-08-24 00:00:02+00:00,0.133,0.3504448373767333,4.615092361864584,40.023001811315346,False,False
0x13d3e3531ecc4d6096ffe53c9a34f73ea56ed9b4404f87366e708d3d3a7be699,2024-08-25 00:00:01+00:00,0.138,0.3477070182776891,4.567661730011861,38.39790956329954,False,False
0x13d3e3531ecc4d6096ffe53c9a34f73ea56ed9b4404f87366e708d3d3a7be699,2024-08-26 00:00:02+00:00,0.1405,0.34496913580246913,4.553559264042145,37.707591014739144,False,False
0x13d3e3531ecc4d6096ffe53c9a34f73ea56ed9b4404f87366e708d3d3a7be699,2024-08-27 00:00:01+00:00,0.1435,0.3422313167034248,4.533558761886281,36.88586571543521,False,False
0x13d3e3531ecc4d6096ffe53c9a34f73ea56ed9b4404f87366e708d3d3a7be699,2024-08-28 00:00:01+00:00,0.151,0.33949346591629276,4.458725639887146,34.779722461853424,False,False
0x13d3e3531ecc4d6096ffe53c9a34f73ea56ed9b4404f87366e708d3d3a7be699,2024-08-29 00:00:02+00:00,0.154,0.3367555834410728,4.440477870951486,34.083063698930694,False,False
0x13d3e3531ecc4d6096ffe53c9a34f73ea56ed9b4404f87366e708d3d3a7be699,2024-08-30 00:00:02+00:00,0.1455,0.33401773265394075,4.563558277615794,36.70527993192131,False,False
0x13d3e3531ecc4d6096ffe53c9a34f73ea56ed9b4404f87366e708d3d3a7be699,2024-08-31 00:00:02+00:00,0.145,0.3312798818668086,4.588727376620507,37.0133283050656,False,False
0x13d3e3531ecc4d6096ffe53c9a34f73ea56ed9b4404f87366e708d3d3a7be699,2024-09-01 00:00:02+00:00,0.142,0.32854203107967656,4.646444004625572,38.13687255511977,False,False
0x13d3e3531ecc4d6096ffe53c9a34f73ea56ed9b4404f87366e708d3d3a7be699,2024-09-02 00:00:02+00:00,0.1455,0.32580418029254443,4.620724086408595,37.16507180629411,False,False
0x13d3e3531ecc4d6096ffe53c9a34f73ea56ed9b4404f87366e708d3d3a7be699,2024-09-03 00:00:02+00:00,0.147,0.3230663295054123,4.621077138475562,36.85333986072016,False,False
0x13d3e3531ecc4d6096ffe53c9a34f73ea56ed9b4404f87366e708d3d3a7be699,2024-09-04 00:00:02+00:00,0.16,0.32032847871828024,4.480120927657715,33.334233092691335,False,False
0x13d3e3531ecc4d6096ffe53c9a34f73ea56ed9b4404f87366e708d3d3a7be699,2024-09-05 00:00:02+00:00,0.2195,0.3175906279311481,3.8733802512794924,22.6090701818062,False,False
0x13d3e3531ecc4d6096ffe53c9a34f73ea56ed9b4404f87366e708d3d3a7be699,2024-09-06 00:00:02+00:00,0.1885,0.314852777144016,4.197744912940554,27.442025609584725,False,False
0x13d3e3531ecc4d6096ffe53c9a34f73ea56ed9b4404f87366e708d3d3a7be699,2024-09-07 00:00:02+00:00,0.25,0.3121149263568839,3.6361364858593053,19.39272792458296,False,False
0x13d3e3531ecc4d6096ffe53c9a34f73ea56ed9b4404f87366e708d3d3a7be699,2024-09-08 00:00:02+00:00,0.2575,0.3093770755697518,3.5894364926190967,18.77381709715457,False,False
0x13d3e3531ecc4d6096ffe53c9a34f73ea56ed9b4404f87366e708d3d3a7be699,2024-09-09 00:00:01+00:00,0.241,0.30663925647070756,3.746183535218429,20.4800132037592,False,False
0x13d3e3531ecc4d6096ffe53c9a34f73ea56ed9b4404f87366e708d3d3a7be699,2024-09-10 00:00:02+00:00,0.2295,0.3039013739954876,3.866332857314092,21.864719354713174,False,False
0x13d3e3531ecc4d6096ffe53c9a34f73ea56ed9b4404f87366e708d3d3a7be699,2024-09-11 00:00:01+00:00,0.235,0.3011635548964433,3.833715576107589,21.325076212530046,False,False
0x13d3e3531ecc4d6096ffe53c9a34f73ea56ed9b4404f87366e708d3d3a7be699,2024-09-12 00:00:02+00:00,0.178,0.2984256724212234,4.428271436466558,30.26512094689957,False,False
0x13d3e3531ecc4d6096ffe53c9a34f73ea56ed9b4404f87366e708d3d3a7be699,2024-09-13 00:00:02+00:00,0.2195,0.2956878216340913,4.014276231939293,23.431485464689818,False,False
0x13d3e3531ecc4d6096ffe53c9a34f73ea56ed9b4404f87366e708d3d3a7be699,2024-09-14 00:00:02+00:00,0.263,0.29294997084695923,3.6423883810690874,18.79156781458635,False,False
0x13d3e3531ecc4d6096ffe53c9a34f73ea56ed9b4404f87366e708d3d3a7be699,2024-09-15 00:00:02+00:00,0.2615,0.2902121200598271,3.6721392305185545,19.01502700046244,False,False
0x13d3e3531ecc4d6096ffe53c9a34f73ea56ed9b4404f87366e708d3d3a7be699,2024-09-16 00:00:02+00:00,0.2525,0.287474269272695,3.766890753149467,19.95769795370425,False,False
0x13d3e3531ecc4d6096ffe53c9a34f73ea56ed9b4404f87366e708d3d3a7be699,2024-09-17 00:00:02+00:00,0.313,0.2847364184855629,3.3014109745269917,15.353186166306212,False,False
0x13d3e3531ecc4d6096ffe53c9a34f73ea56ed9b4404f87366e708d3d3a7be699,2024-09-18 00:00:02+00:00,0.294,0.2819985676984308,3.4607808984437582,16.67331954695303,False,False
0x13d3e3531ecc4d6096ffe53c9a34f73ea56ed9b4404f87366e708d3d3a7be699,2024-09-19 00:00:01+00:00,0.3835,0.27926074859938654,2.858204645012805,12.089125092180613,False,False
0x13d3e3531ecc4d6096ffe53c9a34f73ea56ed9b4404f87366e708d3d3a7be699,2024-09-20 00:00:02+00:00,0.3865,0.2765228661241666,2.85379774957541,12.03536112153312,False,False
0x13d3e3531ecc4d6096ffe53c9a34f73ea56ed9b4404f87366e708d3d3a7be699,2024-09-21 00:00:02+00:00,0.393,0.2737850153370345,2.8281560926039004,11.855561672782342,False,False
0x13d3e3531ecc4d6096ffe53c9a34f73ea56ed9b4404f87366e708d3d3a7be699,2024-09-22 00:00:02+00:00,0.389,0.2710471645499024,2.866992390700063,12.062455625865404,False,False
0x13d3e3531ecc4d6096ffe53c9a34f73ea56ed9b4404f87366e708d3d3a7be699,2024-09-23 00:00:02+00:00,0.394,0.2683093137627703,2.8507273004739293,11.939518941188492,False,False
0x13d3e3531ecc4d6096ffe53c9a34f73ea56ed9b4404f87366e708d3d3a7be699,2024-09-24 00:00:02+00:00,0.3935,0.2655714629756382,2.8684689433909965,12.019173663503473,False,False
0x13d3e3531ecc4d6096ffe53c9a34f73ea56ed9b4404f87366e708d3d3a7be699,2024-09-25 00:00:02+00:00,0.404,0.2628336121885061,2.8190146442126154,11.707649362966873,False,False
0x13d3e3531ecc4d6096ffe53c9a34f73ea56ed9b4404f87366e708d3d3a7be699,2024-09-26 00:00:02+00:00,0.413,0.26009576140137397,2.7796137580798854,11.465587148837754,False,False
0x13d3e3531ecc4d6096ffe53c9a34f73ea56ed9b4404f87366e708d3d3a7be699,2024-09-27 00:00:02+00:00,0.415,0.2573579106142419,2.7824055444768567,11.460840467415744,False,False
0x13d3e3531ecc4d6096ffe53c9a34f73ea56ed9b4404f87366e708d3d3a7be699,2024-09-28 00:00:02+00:00,0.4035,0.2546200598271098,2.8671988613368766,11.912525092518734,False,False
0x13d3e3531ecc4d6096ffe53c9a34f73ea56ed9b4404f87366e708d3d3a7be699,2024-09-29 00:00:03+00:00,0.401,0.2518821773518899,2.8982629754905433,12.066090930813798,False,False
0x13d3e3531ecc4d6096ffe53c9a34f73ea56ed9b4404f87366e708d3d3a7be699,2024-09-30 00:00:03+00:00,0.401,0.24914432656475777,2.9141439934321163,12.132207017648351,False,False
0x13d3e3531ecc4d6096ffe53c9a34f73ea56ed9b4404f87366e708d3d3a7be699,2024-10-01 00:00:02+00:00,0.403,0.2464065074657135,2.9177254387011184,12.127325788167964,False,False
0x13d3e3531ecc4d6096ffe53c9a34f73ea56ed9b4404f87366e708d3d3a7be699,2024-10-02 00:00:02+00:00,0.3885,0.2436686566785814,3.0270317595426044,12.741762126983163,False,False
0x13d3e3531ecc4d6096ffe53c9a34f73ea56ed9b4404f87366e708d3d3a7be699,2024-10-03 00:00:02+00:00,0.3875,0.24093080589144927,3.0507490594050735,12.85371558933013,False,False
0x13d3e3531ecc4d6096ffe53c9a34f73ea56ed9b4404f87366e708d3d3a7be699,2024-10-04 00:00:02+00:00,0.3765,0.23819295510431718,3.141939057430515,13.384320222155548,False,False
0x13d3e3531ecc4d6096ffe53c9a34f73ea56ed9b4404f87366e708d3d3a7be699,2024-10-05 00:00:02+00:00,0.156,0.23545510431718508,5.281878419832554,40.11634478545809,False,False
0x13d3e3531ecc4d6096ffe53c9a34f73ea56ed9b4404f87366e708d3d3a7be699,2024-10-06 00:00:02+00:00,0.158,0.232717253530053,5.2843924622897465,39.72152246226395,False,False
0x13d3e3531ecc4d6096ffe53c9a34f73ea56ed9b4404f87366e708d3d3a7be699,2024-10-07 00:00:02+00:00,0.145,0.2299794027429209,5.507383470511583,44.423339145082345,False,False
0x13d3e3531ecc4d6096ffe53c9a34f73ea56ed9b4404f87366e708d3d3a7be699,2024-10-08 00:00:02+00:00,0.093,0.22724155195578877,6.488768803931206,76.92580768374064,False,False
0x13d3e3531ecc4d6096ffe53c9a34f73ea56ed9b4404f87366e708d3d3a7be699,2024-10-09 00:00:02+00:00,0.115,0.22450370116865667,6.082023802925892,59.75950678384566,False,False
0x13d3e3531ecc4d6096ffe53c9a34f73ea56ed9b4404f87366e708d3d3a7be699,2024-10-10 00:00:02+00:00,0.099,0.22176585038152458,6.438019169142976,72.17591194007753,False,False
0x13d3e3531ecc4d6096ffe53c9a34f73ea56ed9b4404f87366e708d3d3a7be699,2024-10-11 00:00:03+00:00,0.074,0.21902796790630466,7.07653890039814,103.27095470781245,False,False
0x13d3e3531ecc4d6096ffe53c9a34f73ea56ed9b4404f87366e708d3d3a7be699,2024-10-12 00:00:02+00:00,0.072,0.21629014880726039,7.176303199944799,107.4039631217792,False,False
0x13d3e3531ecc4d6096ffe53c9a34f73ea56ed9b4404f87366e708d3d3a7be699,2024-10-13 00:00:03+00:00,0.0735,0.21355226633204047,7.18043948901624,105.44312387731225,False,False
0x13d3e3531ecc4d6096ffe53c9a34f73ea56ed9b4404f87366e708d3d3a7be699,2024-10-14 00:00:02+00:00,0.073,0.21081444723299617,7.2408318618094,107.00051516616277,False,False
0x13d3e3531ecc4d6096ffe53c9a34f73ea56ed9b4404f87366e708d3d3a7be699,2024-10-15 00:00:02+00:00,0.0645,0.20807659644586407,7.539557779604205,124.95175700270889,False,False
0x13d3e3531ecc4d6096ffe53c9a34f73ea56ed9b4404f87366e708d3d3a7be699,2024-10-16 00:00:03+00:00,0.0765,0.20533871397064415,7.239660476561706,102.47545713149685,False,False
0x13d3e3531ecc4d6096ffe53c9a34f73ea56ed9b4404f87366e708d3d3a7be699,2024-10-17 00:00:02+00:00,0.0755,0.20260089487159988,7.315952769224589,104.81345232933627,False,False
0x13d3e3531ecc4d6096ffe53c9a34f73ea56ed9b4404f87366e708d3d3a7be699,2024-10-18 00:00:02+00:00,0.0675,0.19986304408446776,7.599400126039002,120.73319632273261,False,False
0x13d3e3531ecc4d6096ffe53c9a34f73ea56ed9b4404f87366e708d3d3a7be699,2024-10-19 00:00:02+00:00,0.0725,0.19712519329733566,7.502504164400065,111.57176933767177,False,False
0x13d3e3531ecc4d6096ffe53c9a34f73ea56ed9b4404f87366e708d3d3a7be699,2024-10-20 00:00:02+00:00,0.0705,0.19438734251020356,7.6143025886528815,116.1961183836789,False,False
0x13d3e3531ecc4d6096ffe53c9a34f73ea56ed9b4404f87366e708d3d3a7be699,2024-10-21 00:00:02+00:00,0.0675,0.19164949172307147,7.760536122325567,123.29319626373652,False,False
0x13d3e3531ecc4d6096ffe53c9a34f73ea56ed9b4404f87366e708d3d3a7be699,2024-10-22 00:00:02+00:00,0.063,0.18891164093593937,7.962263249884221,134.88274381061171,False,False
0x13d3e3531ecc4d6096ffe53c9a34f73ea56ed9b4404f87366e708d3d3a7be699,2024-10-23 00:00:02+00:00,0.054,0.18617379014880725,8.34251872520432,163.30981765727665,False,False
0x13d3e3531ecc4d6096ffe53c9a34f73ea56ed9b4404f87366e708d3d3a7be699,2024-10-24 00:00:03+00:00,0.0545,0.18343590767358733,8.385383306801298,162.7289732009431,False,False
0x13d3e3531ecc4d6096ffe53c9a34f73ea56ed9b4404f87366e708d3d3a7be699,2024-10-25 00:00:03+00:00,0.055,0.18069805688645524,8.429510397693011,162.18394223555578,False,False
0x13d3e3531ecc4d6096ffe53c9a34f73ea56ed9b4404f87366e708d3d3a7be699,2024-10-26 00:00:03+00:00,0.0595,0.17796020609932314,8.326661017019363,148.79732338009666,False,False
0x13d3e3531ecc4d6096ffe53c9a34f73ea56ed9b4404f87366e708d3d3a7be699,2024-10-27 00:00:03+00:00,0.0615,0.17522235531219105,8.319870138179745,144.14751334173187,False,False
0x13d3e3531ecc4d6096ffe53c9a34f73ea56ed9b4404f87366e708d3d3a7be699,2024-10-28 00:00:03+00:00,0.062,0.17248450452505895,8.367908276634523,143.88727348226362,False,False
0x13d3e3531ecc4d6096ffe53c9a34f73ea56ed9b4404f87366e708d3d3a7be699,2024-10-29 00:00:02+00:00,0.062,0.16974668542601465,8.435120721216645,145.04300022726193,False,False
0x13d3e3531ecc4d6096ffe53c9a34f73ea56ed9b4404f87366e708d3d3a7be699,2024-10-30 00:00:03+00:00,0.0565,0.16700880295079473,8.709288617770323,163.3775317429515,False,False
0x13d3e3531ecc4d6096ffe53c9a34f73ea56ed9b4404f87366e708d3d3a7be699,2024-10-31 00:00:03+00:00,0.056,0.16427095216366264,8.801210824586919,166.4877955619499,False,False
0x13d3e3531ecc4d6096ffe53c9a34f73ea56ed9b4404f87366e708d3d3a7be699,2024-11-01 00:00:03+00:00,0.057,0.16153310137653054,8.83600942505666,164.38781464636307,False,False
0x13d3e3531ecc4d6096ffe53c9a34f73ea56ed9b4404f87366e708d3d3a7be699,2024-11-02 00:00:03+00:00,0.07,0.15879525058939845,8.4411247956645,129.66397535582948,False,False
0x13d3e3531ecc4d6096ffe53c9a34f73ea56ed9b4404f87366e708d3d3a7be699,2024-11-03 00:00:03+00:00,0.0675,0.15605739980226632,8.600097548821076,136.63147729236144,False,False
0x13d3e3531ecc4d6096ffe53c9a34f73ea56ed9b4404f87366e708d3d3a7be699,2024-11-04 00:00:03+00:00,0.064,0.15331954901513423,8.801516584035392,146.9270263093515,False,False
0x13d3e3531ecc4d6096ffe53c9a34f73ea56ed9b4404f87366e708d3d3a7be699,2024-11-05 00:00:02+00:00,0.0665,0.15058172991608995,8.790529406741786,141.6051549346068,False,False
0x13d3e3531ecc4d6096ffe53c9a34f73ea56ed9b4404f87366e708d3d3a7be699,2024-11-06 00:00:02+00:00,0.0635,0.14784387912895786,8.981676003097283,151.03440105094413,False,False
0x13d3e3531ecc4d6096ffe53c9a34f73ea56ed9b4404f87366e708d3d3a7be699,2024-11-07 00:00:03+00:00,0.0645,0.14510599665373794,9.028483553257889,149.62746039315522,False,False
0x13d3e3531ecc4d6096ffe53c9a34f73ea56ed9b4404f87366e708d3d3a7be699,2024-11-08 00:00:02+00:00,0.0435,0.14236817755469364,10.041353916062839,241.33373989371785,True,False
0x13d3e3531ecc4d6096ffe53c9a34f73ea56ed9b4404f87366e708d3d3a7be699,2024-11-09 00:00:03+00:00,0.0265,0.13963029507947372,11.23960424769021,435.68157097770967,True,False
0x13d3e3531ecc4d6096ffe53c9a34f73ea56ed9b4404f87366e708d3d3a7be699,2024-11-10 00:00:02+00:00,0.0225,0.13689247598042945,11.701688667657026,532.0460888960284,True,False
0x13d3e3531ecc4d6096ffe53c9a34f73ea56ed9b4404f87366e708d3d3a7be699,2024-11-11 00:00:02+00:00,0.0245,0.13415462519329732,11.637331239402021,486.92271841345706,True,False
0x13d3e3531ecc4d6096ffe53c9a34f73ea56ed9b4404f87366e708d3d3a7be699,2024-11-12 00:00:02+00:00,0.022,0.13141677440616523,11.991475045700728,557.3282694599707,True,False
0x13d3e3531ecc4d6096ffe53c9a34f73ea56ed9b4404f87366e708d3d3a7be699,2024-11-13 00:00:03+00:00,0.0165,0.1286788919309453,12.733297502625785,784.6619218699932,True,False
0x13d3e3531ecc4d6096ffe53c9a34f73ea56ed9b4404f87366e708d3d3a7be699,2024-11-14 00:00:03+00:00,0.0235,0.12594104114381321,12.103592752521049,527.4413723576843,True,False
0x13d3e3531ecc4d6096ffe53c9a34f73ea56ed9b4404f87366e708d3d3a7be699,2024-11-15 00:00:03+00:00,0.0155,0.12320319035668112,13.146785375760535,861.5334704540071,True,False
0x13d3e3531ecc4d6096ffe53c9a34f73ea56ed9b4404f87366e708d3d3a7be699,2024-11-16 00:00:03+00:00,0.019,0.12046533956954901,12.851468569470518,689.4934583116325,True,False
0x13d3e3531ecc4d6096ffe53c9a34f73ea56ed9b4404f87366e708d3d3a7be699,2024-11-17 00:00:03+00:00,0.019,0.11772748878241691,13.000045515678671,697.4647521690365,True,False
0x13d3e3531ecc4d6096ffe53c9a34f73ea56ed9b4404f87366e708d3d3a7be699,2024-11-18 00:00:03+00:00,0.0175,0.11498963799528482,13.338795904010908,775.7932914001254,True,False
0x13d3e3531ecc4d6096ffe53c9a34f73ea56ed9b4404f87366e708d3d3a7be699,2024-11-19 00:00:03+00:00,0.015,0.11225178720815271,13.846152266166278,937.1338251212371,True,False
0x13d3e3531ecc4d6096ffe53c9a34f73ea56ed9b4404f87366e708d3d3a7be699,2024-11-20 00:00:03+00:00,0.0155,0.10951393642102061,13.944272307473982,913.7942828338591,True,False
0x13d3e3531ecc4d6096ffe53c9a34f73ea56ed9b4404f87366e708d3d3a7be699,2024-11-21 00:00:03+00:00,0.0125,0.1067760856338885,14.607500991324926,1183.3924853731585,True,False
0x13d3e3531ecc4d6096ffe53c9a34f73ea56ed9b4404f87366e708d3d3a7be699,2024-11-22 00:00:03+00:00,0.0125,0.10403823484675641,14.798456994800564,1198.8623388192862,True,False
0x13d3e3531ecc4d6096ffe53c9a34f73ea56ed9b4404f87366e708d3d3a7be699,2024-11-23 00:00:04+00:00,0.0135,0.10130035237153649,14.820205693719878,1112.8160307649473,True,False
0x13d3e3531ecc4d6096ffe53c9a34f73ea56ed9b4404f87366e708d3d3a7be699,2024-11-24 00:00:03+00:00,0.011,0.0985625332724922,15.498332028288832,1424.609985135475,True,False
0x13d3e3531ecc4d6096ffe53c9a34f73ea56ed9b4404f87366e708d3d3a7be699,2024-11-25 00:00:03+00:00,0.0115,0.09582468248536011,15.61486396825591,1373.6107821033986,True,False
0x13d3e3531ecc4d6096ffe53c9a34f73ea56ed9b4404f87366e708d3d3a7be699,2024-11-26 00:00:04+00:00,0.011,0.09308680001014019,15.947655256328103,1465.9118720772224,True,False
0x13d3e3531ecc4d6096ffe53c9a34f73ea56ed9b4404f87366e708d3d3a7be699,2024-11-27 00:00:03+00:00,0.0095,0.0903489809110959,16.53462299163862,1757.179839170926,True,False
0x13d3e3531ecc4d6096ffe53c9a34f73ea56ed9b4404f87366e708d3d3a7be699,2024-11-28 00:00:03+00:00,0.01,0.08761113012396379,16.668306241570527,1683.6672971283358,True,False
0x13d3e3531ecc4d6096ffe53c9a34f73ea56ed9b4404f87366e708d3d3a7be699,2024-11-29 00:00:04+00:00,0.0075,0.08487324764874389,17.625163978525343,2367.7802154190217,True,False
0x13d3e3531ecc4d6096ffe53c9a34f73ea56ed9b4404f87366e708d3d3a7be699,2024-11-30 00:00:03+00:00,0.0135,0.0821354285496996,16.458658935972096,1235.8438126539465,True,False
0x13d3e3531ecc4d6096ffe53c9a34f73ea56ed9b4404f87366e708d3d3a7be699,2024-12-01 00:00:03+00:00,0.012,0.07939757776256749,17.045098995064453,1437.6770407443028,True,False
0x13d3e3531ecc4d6096ffe53c9a34f73ea56ed9b4404f87366e708d3d3a7be699,2024-12-02 00:00:03+00:00,0.0135,0.0766597269754354,17.03633123122919,1279.2199306361204,True,False
0x13d3e3531ecc4d6096ffe53c9a34f73ea56ed9b4404f87366e708d3d3a7be699,2024-12-03 00:00:03+00:00,0.011,0.07392187618830329,17.895935213838627,1644.9981812518272,True,False
0x13d3e3531ecc4d6096ffe53c9a34f73ea56ed9b4404f87366e708d3d3a7be699,2024-12-04 00:00:03+00:00,0.0115,0.07118402540117119,18.116972616796865,1593.71666484545,True,False
0x13d3e3531ecc4d6096ffe53c9a34f73ea56ed9b4404f87366e708d3d3a7be699,2024-12-05 00:00:03+00:00,0.0105,0.0684461746140391,18.725272595132985,1802.283269100121,True,False
0x13d3e3531ecc4d6096ffe53c9a34f73ea56ed9b4404f87366e708d3d3a7be699,2024-12-06 00:00:03+00:00,0.0085,0.06570832382690699,19.693016717308126,2336.687338531414,True,False
0x13d3e3531ecc4d6096ffe53c9a34f73ea56ed9b4404f87366e708d3d3a7be699,2024-12-07 00:00:03+00:00,0.0115,0.06297047303977489,19.262312384615438,1694.4700916729728,True,False
0x13d3e3531ecc4d6096ffe53c9a34f73ea56ed9b4404f87366e708d3d3a7be699,2024-12-08 00:00:03+00:00,0.0125,0.06023262225264279,19.44898928011089,1575.614321426705,True,False
0x13d3e3531ecc4d6096ffe53c9a34f73ea56ed9b4404f87366e708d3d3a7be699,2024-12-09 00:00:02+00:00,0.0145,0.0574948031535985,19.451911132020033,1361.2492263349625,True,False
0x13d3e3531ecc4d6096ffe53c9a34f73ea56ed9b4404f87366e708d3d3a7be699,2024-12-10 00:00:03+00:00,0.0105,0.05475692067837858,,,True,False
0x13d3e3531ecc4d6096ffe53c9a34f73ea56ed9b4404f87366e708d3d3a7be699,2024-12-11 00:00:03+00:00,0.0115,0.05201906989124648,,,True,False
0x13d3e3531ecc4d6096ffe53c9a34f73ea56ed9b4404f87366e708d3d3a7be699,2024-12-12 00:00:03+00:00,0.006,0.04928121910411438,,,True,False
0x13d3e3531ecc4d6096ffe53c9a34f73ea56ed9b4404f87366e708d3d3a7be699,2024-12-13 00:00:03+00:00,0.007,0.04654336831698228,,,True,False
0x13d3e3531ecc4d6096ffe53c9a34f73ea56ed9b4404f87366e708d3d3a7be699,2024-12-14 00:00:03+00:00,0.0065,0.04380551752985018,,,True,False
0x13d3e3531ecc4d6096ffe53c9a34f73ea56ed9b4404f87366e708d3d3a7be699,2024-12-15 00:00:03+00:00,0.0055,0.04106766674271808,,,True,False
0x13d3e3531ecc4d6096ffe53c9a34f73ea56ed9b4404f87366e708d3d3a7be699,2024-12-16 00:00:03+00:00,0.0035,0.038329815955585975,,,True,False
0x13d3e3531ecc4d6096ffe53c9a34f73ea56ed9b4404f87366e708d3d3a7be699,2024-12-17 00:00:04+00:00,0.003,0.03559193348036606,,,True,False
0x13d3e3531ecc4d6096ffe53c9a34f73ea56ed9b4404f87366e708d3d3a7be699,2024-12-18 00:00:03+00:00,0.0005,0.032854114381321776,,,True,False
0x19120414e0b7b170bb81ab518317f6926c2bb633167e4b11981ef7c078cea739,2024-02-14 00:00:03+00:00,0.5,0.4599588371739296,1.7360740466751319,6.9442961867005275,False,False
0x19120414e0b7b170bb81ab518317f6926c2bb633167e4b11981ef7c078cea739,2024-02-15 00:00:03+00:00,0.8715,0.4572209863867975,0.7407067093620807,6.614176187681966,False,False
0x19120414e0b7b170bb81ab518317f6926c2bb633167e4b11981ef7c078cea739,2024-02-16 00:00:03+00:00,0.8375,0.45448313559966536,0.8163868078568327,5.9987090359170265,False,False
0x19120414e0b7b170bb81ab518317f6926c2bb633167e4b11981ef7c078cea739,2024-02-17 00:00:02+00:00,0.845,0.4517453165006211,0.802592889091488,6.127832709230677,False,False
0x19120414e0b7b170bb81ab518317f6926c2bb633167e4b11981ef7c078cea739,2024-02-18 00:00:02+00:00,0.825,0.449007465713489,0.8486412544480872,5.878034662843893,False,False
0x19120414e0b7b170bb81ab518317f6926c2bb633167e4b11981ef7c078cea739,2024-02-19 00:00:02+00:00,0.8225,0.44626961492635686,0.8567362751716161,5.868307891068049,False,False
0x19120414e0b7b170bb81ab518317f6926c2bb633167e4b11981ef7c078cea739,2024-02-20 00:00:02+00:00,0.8225,0.4435317641392248,0.859376455228057,5.886392090264528,False,False
0x19120414e0b7b170bb81ab518317f6926c2bb633167e4b11981ef7c078cea739,2024-02-21 00:00:03+00:00,0.8225,0.44079388166400485,0.8620412261859376,5.904644727503318,False,False
0x19120414e0b7b170bb81ab518317f6926c2bb633167e4b11981ef7c078cea739,2024-02-22 00:00:02+00:00,0.829,0.4380560625649606,0.8503243336847855,5.998379881946017,False,False
0x19120414e0b7b170bb81ab518317f6926c2bb633167e4b11981ef7c078cea739,2024-02-23 00:00:02+00:00,0.843,0.4353182117778285,0.8220108663584261,6.210839860359393,False,False
0x19120414e0b7b170bb81ab518317f6926c2bb633167e4b11981ef7c078cea739,2024-02-24 00:00:02+00:00,0.8485,0.43258036099069636,0.8124326907827798,6.320084877275408,False,False
0x19120414e0b7b170bb81ab518317f6926c2bb633167e4b11981ef7c078cea739,2024-02-25 00:00:02+00:00,0.845,0.4298425102035643,0.82278706406015,6.282016140944073,False,False
0x19120414e0b7b170bb81ab518317f6926c2bb633167e4b11981ef7c078cea739,2024-02-26 00:00:02+00:00,0.8545,0.42710465941643216,0.8042664255845773,6.468817202516513,False,False
0x19120414e0b7b170bb81ab518317f6926c2bb633167e4b11981ef7c078cea739,2024-02-27 00:00:02+00:00,0.8545,0.4243668086293001,0.8068566627107892,6.48965080932592,False,False
0x19120414e0b7b170bb81ab518317f6926c2bb633167e4b11981ef7c078cea739,2024-02-28 00:00:03+00:00,0.854,0.42162892615408015,0.810592322497829,6.501173546708711,False,False
0x19120414e0b7b170bb81ab518317f6926c2bb633167e4b11981ef7c078cea739,2024-02-29 00:00:02+00:00,0.8495,0.41889110705503585,0.8233526006978517,6.4400016480114495,False,False
0x19120414e0b7b170bb81ab518317f6926c2bb633167e4b11981ef7c078cea739,2024-03-01 00:00:02+00:00,0.849,0.4161532562679038,0.8271844249594518,6.452346936867306,False,False
0x19120414e0b7b170bb81ab518317f6926c2bb633167e4b11981ef7c078cea739,2024-03-02 00:00:03+00:00,0.838,0.41341537379268384,0.8548413331918705,6.2968954093511185,False,False
0x19120414e0b7b170bb81ab518317f6926c2bb633167e4b11981ef7c078cea739,2024-03-03 00:00:03+00:00,0.8375,0.41067752300555177,0.858824445373144,6.310535534314721,False,False
0x19120414e0b7b170bb81ab518317f6926c2bb633167e4b11981ef7c078cea739,2024-03-04 00:00:03+00:00,0.839,0.40793967221841965,0.8582755992111849,6.353878835431005,False,False
0x19120414e0b7b170bb81ab518317f6926c2bb633167e4b11981ef7c078cea739,2024-03-05 00:00:03+00:00,0.838,0.4052018214312875,0.8634618019973349,6.360395135370332,False,False
0x19120414e0b7b170bb81ab518317f6926c2bb633167e4b11981ef7c078cea739,2024-03-06 00:00:03+00:00,0.76,0.40246397064415546,1.0509258708761773,5.761654993838691,False,False
0x19120414e0b7b170bb81ab518317f6926c2bb633167e4b11981ef7c078cea739,2024-03-07 00:00:02+00:00,0.7795,0.39972615154511115,1.0069128832547387,5.8582403293857395,False,False
0x19120414e0b7b170bb81ab518317f6926c2bb633167e4b11981ef7c078cea739,2024-03-08 00:00:02+00:00,0.8295,0.3969883007579791,0.8920624889954586,6.307459986286186,False,False
0x19120414e0b7b170bb81ab518317f6926c2bb633167e4b11981ef7c078cea739,2024-03-09 00:00:03+00:00,0.9105,0.39425041828275914,0.7052673336268052,8.65467538711071,False,False
0x19120414e0b7b170bb81ab518317f6926c2bb633167e4b11981ef7c078cea739,2024-03-10 00:00:02+00:00,0.87,0.39151259918371484,0.8039538408902761,7.108345189127109,False,False
0x19120414e0b7b170bb81ab518317f6926c2bb633167e4b11981ef7c078cea739,2024-03-11 00:00:02+00:00,0.865,0.38877474839658277,0.8184715927941827,7.008962473082275,False,False
0x19120414e0b7b170bb81ab518317f6926c2bb633167e4b11981ef7c078cea739,2024-03-12 00:00:02+00:00,0.865,0.38603689760945065,0.8213688469045501,7.03377304135774,False,False
0x19120414e0b7b170bb81ab518317f6926c2bb633167e4b11981ef7c078cea739,2024-03-13 00:00:03+00:00,0.837,0.38329901513423076,0.8901462976222483,6.524516404792519,False,False
0x19120414e0b7b170bb81ab518317f6926c2bb633167e4b11981ef7c078cea739,2024-03-14 00:00:03+00:00,0.8415,0.38056116434709863,0.8827045634570497,6.6180795781683965,False,False
0x19120414e0b7b170bb81ab518317f6926c2bb633167e4b11981ef7c078cea739,2024-03-15 00:00:03+00:00,0.8245,0.3778233135599665,0.9263319475774532,6.4017522323117575,False,False
0x19120414e0b7b170bb81ab518317f6926c2bb633167e4b11981ef7c078cea739,2024-03-16 00:00:02+00:00,0.7745,0.37508549446092226,1.051953932565369,6.023220374294088,False,False
0x19120414e0b7b170bb81ab518317f6926c2bb633167e4b11981ef7c078cea739,2024-03-17 00:00:03+00:00,0.72,0.3723476119857023,1.1978492948574848,5.94171277211054,False,False
0x19120414e0b7b170bb81ab518317f6926c2bb633167e4b11981ef7c078cea739,2024-03-18 00:00:03+00:00,0.735,0.36960976119857025,1.1619560114418597,5.965632198392297,False,False
0x19120414e0b7b170bb81ab518317f6926c2bb633167e4b11981ef7c078cea739,2024-03-19 00:00:02+00:00,0.7655,0.36687194209952595,1.0865893362307175,6.053093696753058,False,False
0x19120414e0b7b170bb81ab518317f6926c2bb633167e4b11981ef7c078cea739,2024-03-20 00:00:03+00:00,0.77,0.364134059624306,1.0791302160967329,6.093338317881044,False,False
0x19120414e0b7b170bb81ab518317f6926c2bb633167e4b11981ef7c078cea739,2024-03-21 00:00:03+00:00,0.83,0.36139620883717394,0.9337409674493766,6.61758304358169,False,False
0x19120414e0b7b170bb81ab518317f6926c2bb633167e4b11981ef7c078cea739,2024-03-22 00:00:02+00:00,0.8375,0.35865838973812963,0.9189975792408184,6.7526802607821335,False,False
0x19120414e0b7b170bb81ab518317f6926c2bb633167e4b11981ef7c078cea739,2024-03-23 00:00:03+00:00,0.8335,0.35592050726290975,0.9323160450686492,6.718051309151859,False,False
0x19120414e0b7b170bb81ab518317f6926c2bb633167e4b11981ef7c078cea739,2024-03-24 00:00:03+00:00,0.8335,0.3531826564757776,0.9359226979772488,6.744040006249193,False,False
0x19120414e0b7b170bb81ab518317f6926c2bb633167e4b11981ef7c078cea739,2024-03-25 00:00:03+00:00,0.832,0.3504448056886455,0.9432756915829762,6.74848108103663,False,False
0x19120414e0b7b170bb81ab518317f6926c2bb633167e4b11981ef7c078cea739,2024-03-26 00:00:02+00:00,0.796,0.34770698658960125,1.0372793459941347,6.3878174327158765,False,False
0x19120414e0b7b170bb81ab518317f6926c2bb633167e4b11981ef7c078cea739,2024-03-27 00:00:03+00:00,0.797,0.3449691041143813,1.0388342712515843,6.420840907415027,False,False
0x19120414e0b7b170bb81ab518317f6926c2bb633167e4b11981ef7c078cea739,2024-03-28 00:00:03+00:00,0.798,0.34223125332724924,1.0404203493383704,6.454380687724078,False,False
0x19120414e0b7b170bb81ab518317f6926c2bb633167e4b11981ef7c078cea739,2024-03-29 00:00:02+00:00,0.8025,0.33949343422820494,1.03306512747166,6.518018076243763,False,False
0x19120414e0b7b170bb81ab518317f6926c2bb633167e4b11981ef7c078cea739,2024-03-30 00:00:02+00:00,0.8105,0.3367555834410728,1.0167632602209071,6.619994239335028,False,False
0x19120414e0b7b170bb81ab518317f6926c2bb633167e4b11981ef7c078cea739,2024-03-31 00:00:03+00:00,0.806,0.3340177009658529,1.0324796041956994,6.603051880200683,False,False
0x19120414e0b7b170bb81ab518317f6926c2bb633167e4b11981ef7c078cea739,2024-04-01 00:00:02+00:00,0.8,0.3312798818668086,1.0522787236785105,6.576742022990691,False,False
0x19120414e0b7b170bb81ab518317f6926c2bb633167e4b11981ef7c078cea739,2024-04-02 00:00:03+00:00,0.7,0.32854199939158873,1.3337907812127971,6.351384672441891,False,False
0x19120414e0b7b170bb81ab518317f6926c2bb633167e4b11981ef7c078cea739,2024-04-03 00:00:03+00:00,0.66,0.3258041486044566,1.4630579195401034,6.519865951604739,False,False
0x19120414e0b7b170bb81ab518317f6926c2bb633167e4b11981ef7c078cea739,2024-04-04 00:00:03+00:00,0.6305,0.3230662978173245,1.5666464989013176,6.724677769973645,False,False
0x19120414e0b7b170bb81ab518317f6926c2bb633167e4b11981ef7c078cea739,2024-04-05 00:00:03+00:00,0.7195,0.3203284470301924,1.2929139880066722,6.406280792671046,False,False
0x19120414e0b7b170bb81ab518317f6926c2bb633167e4b11981ef7c078cea739,2024-04-06 00:00:03+00:00,0.58,0.3175905962430603,1.7615076208145728,7.231147868696932,False,False
0x19120414e0b7b170bb81ab518317f6926c2bb633167e4b11981ef7c078cea739,2024-04-07 00:00:02+00:00,0.58,0.314852777144016,1.7691496854631619,7.2625192342494325,False,False
0x19120414e0b7b170bb81ab518317f6926c2bb633167e4b11981ef7c078cea739,2024-04-08 00:00:03+00:00,0.6375,0.3121148946687961,1.5698916241395147,6.793310611557061,False,False
0x19120414e0b7b170bb81ab518317f6926c2bb633167e4b11981ef7c078cea739,2024-04-09 00:00:03+00:00,0.6295,0.309377043881664,1.6044015973144867,6.879060657203837,False,False
0x19120414e0b7b170bb81ab518317f6926c2bb633167e4b11981ef7c078cea739,2024-04-10 00:00:03+00:00,0.602,0.3066391930945319,1.7100338353337685,7.137155191796894,False,False
0x19120414e0b7b170bb81ab518317f6926c2bb633167e4b11981ef7c078cea739,2024-04-11 00:00:03+00:00,0.375,0.3039013423073998,2.7906415064206085,11.906737094061263,False,False
0x19120414e0b7b170bb81ab518317f6926c2bb633167e4b11981ef7c078cea739,2024-04-12 00:00:03+00:00,0.36,0.3011634915202677,2.895905631881169,12.569034860595352,False,False
0x19120414e0b7b170bb81ab518317f6926c2bb633167e4b11981ef7c078cea739,2024-04-13 00:00:02+00:00,0.365,0.2984256724212234,2.877764712128627,12.416199815030211,False,False
0x19120414e0b7b170bb81ab518317f6926c2bb633167e4b11981ef7c078cea739,2024-04-14 00:00:03+00:00,0.3655,0.2956877899460035,2.88792469470607,12.45279551509184,False,False
0x19120414e0b7b170bb81ab518317f6926c2bb633167e4b11981ef7c078cea739,2024-04-15 00:00:03+00:00,0.3195,0.2929499391588714,3.2083502852191144,14.756480426544114,False,False
0x19120414e0b7b170bb81ab518317f6926c2bb633167e4b11981ef7c078cea739,2024-04-16 00:00:03+00:00,0.32,0.2902120883717393,3.2198925770136544,14.797300445834809,False,False
0x19120414e0b7b170bb81ab518317f6926c2bb633167e4b11981ef7c078cea739,2024-04-17 00:00:03+00:00,0.304,0.2874742375846072,3.3519771184337532,15.84229959937308,False,False
0x19120414e0b7b170bb81ab518317f6926c2bb633167e4b11981ef7c078cea739,2024-04-18 00:00:03+00:00,0.292,0.2847363867974751,3.4595746765409703,16.7342633916733,False,False
0x19120414e0b7b170bb81ab518317f6926c2bb633167e4b11981ef7c078cea739,2024-04-19 00:00:03+00:00,0.275,0.28199853601034297,3.612224652374492,18.117741203132248,False,False
0x19120414e0b7b170bb81ab518317f6926c2bb633167e4b11981ef7c078cea739,2024-04-20 00:00:02+00:00,0.27,0.2792607169112987,3.671396390169549,18.627074531555298,False,False
0x19120414e0b7b170bb81ab518317f6926c2bb633167e4b11981ef7c078cea739,2024-04-21 00:00:03+00:00,0.32,0.2765228344360788,3.298630210465646,15.159146187801683,False,False
0x19120414e0b7b170bb81ab518317f6926c2bb633167e4b11981ef7c078cea739,2024-04-22 00:00:03+00:00,0.2855,0.2737849836489467,3.580005449666571,17.549928119753915,False,False
0x19120414e0b7b170bb81ab518317f6926c2bb633167e4b11981ef7c078cea739,2024-04-23 00:00:02+00:00,0.275,0.2710471645499024,3.6844761094751757,18.4801309566153,False,False
0x19120414e0b7b170bb81ab518317f6926c2bb633167e4b11981ef7c078cea739,2024-04-24 00:00:03+00:00,0.275,0.26830928207468246,3.703226968197869,18.574179150835707,False,False
0x19120414e0b7b170bb81ab518317f6926c2bb633167e4b11981ef7c078cea739,2024-04-25 00:00:03+00:00,0.28,0.2655714312875504,3.6803431333939236,18.25567030453335,False,False
0x19120414e0b7b170bb81ab518317f6926c2bb633167e4b11981ef7c078cea739,2024-04-26 00:00:02+00:00,0.2305,0.2628336121885061,4.147593471766826,23.383882943776076,False,False
0x19120414e0b7b170bb81ab518317f6926c2bb633167e4b11981ef7c078cea739,2024-04-27 00:00:03+00:00,0.2155,0.2600957297132862,4.321532966141701,25.562163472628473,False,False
0x19120414e0b7b170bb81ab518317f6926c2bb633167e4b11981ef7c078cea739,2024-04-28 00:00:03+00:00,0.205,0.2573578789261541,4.456765897499175,27.34631629083709,False,False
0x19120414e0b7b170bb81ab518317f6926c2bb633167e4b11981ef7c078cea739,2024-04-29 00:00:03+00:00,0.225,0.25462002813902196,4.2693792210330725,24.48389517438321,False,False
0x19120414e0b7b170bb81ab518317f6926c2bb633167e4b11981ef7c078cea739,2024-04-30 00:00:04+00:00,0.195,0.25188214566380207,4.617523710510873,29.4156630706219,False,False
0x19120414e0b7b170bb81ab518317f6926c2bb633167e4b11981ef7c078cea739,2024-05-01 00:00:03+00:00,0.19,0.24914432656475777,4.701188047753326,30.547030849599256,False,False
0x19120414e0b7b170bb81ab518317f6926c2bb633167e4b11981ef7c078cea739,2024-05-02 00:00:03+00:00,0.1795,0.24640647577762567,4.854646085415699,32.96207445637095,False,False
0x19120414e0b7b170bb81ab518317f6926c2bb633167e4b11981ef7c078cea739,2024-05-03 00:00:03+00:00,0.165,0.24366862499049358,5.069095210574663,36.792561862273004,False,False
0x19120414e0b7b170bb81ab518317f6926c2bb633167e4b11981ef7c078cea739,2024-05-04 00:00:03+00:00,0.2425,0.24093077420336148,4.211466845311732,22.92656579394635,False,False
0x19120414e0b7b170bb81ab518317f6926c2bb633167e4b11981ef7c078cea739,2024-05-05 00:00:03+00:00,0.2655,0.23819292341622936,4.016362642275434,20.595701713762693,False,False
0x19120414e0b7b170bb81ab518317f6926c2bb633167e4b11981ef7c078cea739,2024-05-06 00:00:02+00:00,0.2595,0.23545510431718508,4.095602522378579,21.313529614701203,False,False
0x19120414e0b7b170bb81ab518317f6926c2bb633167e4b11981ef7c078cea739,2024-05-07 00:00:02+00:00,0.2425,0.232717253530053,4.285142144982643,23.327642584370142,False,False
0x19120414e0b7b170bb81ab518317f6926c2bb633167e4b11981ef7c078cea739,2024-05-08 00:00:03+00:00,0.229,0.22997937105483307,4.449754538155674,25.202649188971808,False,False
0x19120414e0b7b170bb81ab518317f6926c2bb633167e4b11981ef7c078cea739,2024-05-09 00:00:03+00:00,0.2195,0.22724152026770097,4.5791000207516275,26.728383742981343,False,False
0x19120414e0b7b170bb81ab518317f6926c2bb633167e4b11981ef7c078cea739,2024-05-10 00:00:03+00:00,0.2095,0.22450366948056885,4.719610844639257,28.498387592754995,False,False
0x19120414e0b7b170bb81ab518317f6926c2bb633167e4b11981ef7c078cea739,2024-05-11 00:00:04+00:00,0.2,0.22176578700534894,4.8604878630688795,30.37804914418049,False,False
0x19120414e0b7b170bb81ab518317f6926c2bb633167e4b11981ef7c078cea739,2024-05-12 00:00:03+00:00,0.2,0.21902796790630466,4.890771233218042,30.56732020761276,False,False
0x19120414e0b7b170bb81ab518317f6926c2bb633167e4b11981ef7c078cea739,2024-05-13 00:00:04+00:00,0.2,0.21629008543108474,4.921628514210566,30.76017821381603,False,False
0x19120414e0b7b170bb81ab518317f6926c2bb633167e4b11981ef7c078cea739,2024-05-14 00:00:03+00:00,0.195,0.21355226633204047,5.014824441642846,31.946643998361814,False,False
0x19120414e0b7b170bb81ab518317f6926c2bb633167e4b11981ef7c078cea739,2024-05-15 00:00:04+00:00,0.19,0.21081438385682055,5.11073078659956,33.208127268353216,False,False
0x19120414e0b7b170bb81ab518317f6926c2bb633167e4b11981ef7c078cea739,2024-05-16 00:00:04+00:00,0.231,0.20807653306968843,4.655979558090209,26.210345465186183,False,False
0x19120414e0b7b170bb81ab518317f6926c2bb633167e4b11981ef7c078cea739,2024-05-17 00:00:03+00:00,0.2255,0.20533871397064415,4.748519018589058,27.188810854805453,False,False
0x19120414e0b7b170bb81ab518317f6926c2bb633167e4b11981ef7c078cea739,2024-05-18 00:00:03+00:00,0.2175,0.20260086318351206,4.872936965752049,28.63170337190437,False,False
0x19120414e0b7b170bb81ab518317f6926c2bb633167e4b11981ef7c078cea739,2024-05-19 00:00:03+00:00,0.2055,0.19986301239637996,5.051155160003923,30.937483275401124,False,False
0x19120414e0b7b170bb81ab518317f6926c2bb633167e4b11981ef7c078cea739,2024-05-20 00:00:03+00:00,0.1945,0.19712516160924784,5.226094695703866,33.35739474725572,False,False
0x19120414e0b7b170bb81ab518317f6926c2bb633167e4b11981ef7c078cea739,2024-05-21 00:00:03+00:00,0.195,0.19438731082211574,5.256224066667591,33.484466103950254,False,False
0x19120414e0b7b170bb81ab518317f6926c2bb633167e4b11981ef7c078cea739,2024-05-22 00:00:03+00:00,0.155,0.19164946003498365,5.870289503721108,44.819923677962265,False,False
0x19120414e0b7b170bb81ab518317f6926c2bb633167e4b11981ef7c078cea739,2024-05-23 00:00:03+00:00,0.131,0.18891160924785155,6.322142814049749,55.53582527999849,False,False
0x19120414e0b7b170bb81ab518317f6926c2bb633167e4b11981ef7c078cea739,2024-05-24 00:00:03+00:00,0.082,0.18617375846071946,7.4504760503762295,98.97545101195904,False,False
0x19120414e0b7b170bb81ab518317f6926c2bb633167e4b11981ef7c078cea739,2024-05-25 00:00:03+00:00,0.0955,0.18343590767358733,7.1614878065669645,82.9070216869922,False,False
0x19120414e0b7b170bb81ab518317f6926c2bb633167e4b11981ef7c078cea739,2024-05-26 00:00:03+00:00,0.0955,0.18069805688645524,7.215537566292029,83.53274426346485,False,False
0x19120414e0b7b170bb81ab518317f6926c2bb633167e4b11981ef7c078cea739,2024-05-27 00:00:03+00:00,0.0985,0.17796020609932314,7.198690920249393,81.06839328980062,False,False
0x19120414e0b7b170bb81ab518317f6926c2bb633167e4b11981ef7c078cea739,2024-05-28 00:00:03+00:00,0.098,0.17522235531219105,7.266702603806111,82.20623788187375,False,False
0x19120414e0b7b170bb81ab518317f6926c2bb633167e4b11981ef7c078cea739,2024-05-29 00:00:04+00:00,0.098,0.17248447283697113,7.324148491413037,82.8561076452898,False,False
0x19120414e0b7b170bb81ab518317f6926c2bb633167e4b11981ef7c078cea739,2024-05-30 00:00:03+00:00,0.098,0.16974665373792683,7.382977293048064,83.52162194045052,False,False
0x19120414e0b7b170bb81ab518317f6926c2bb633167e4b11981ef7c078cea739,2024-05-31 00:00:03+00:00,0.098,0.16700880295079473,7.443247529627066,84.20344279862286,False,False
0x19120414e0b7b170bb81ab518317f6926c2bb633167e4b11981ef7c078cea739,2024-06-01 00:00:03+00:00,0.0925,0.16427095216366264,7.644759725532769,91.07002874583002,False,False
0x19120414e0b7b170bb81ab518317f6926c2bb633167e4b11981ef7c078cea739,2024-06-02 00:00:03+00:00,0.1005,0.16153310137653054,7.506427100658511,83.03592765088965,False,False
0x19120414e0b7b170bb81ab518317f6926c2bb633167e4b11981ef7c078cea739,2024-06-03 00:00:03+00:00,0.1015,0.15879525058939845,7.546233046761387,82.74582483407086,False,False
0x19120414e0b7b170bb81ab518317f6926c2bb633167e4b11981ef7c078cea739,2024-06-04 00:00:02+00:00,0.105,0.15605743149035414,7.526731575037228,80.09291380725968,False,False
0x19120414e0b7b170bb81ab518317f6926c2bb633167e4b11981ef7c078cea739,2024-06-05 00:00:02+00:00,0.1225,0.15331958070322205,7.194893860368637,66.93313667416606,False,False
0x19120414e0b7b170bb81ab518317f6926c2bb633167e4b11981ef7c078cea739,2024-06-06 00:00:03+00:00,0.12,0.15058169822800213,7.314505403124173,69.26614965079709,False,False
0x19120414e0b7b170bb81ab518317f6926c2bb633167e4b11981ef7c078cea739,2024-06-07 00:00:02+00:00,0.17,0.14784387912895786,6.422965249176189,45.52066087297086,False,False
0x19120414e0b7b170bb81ab518317f6926c2bb633167e4b11981ef7c078cea739,2024-06-08 00:00:02+00:00,0.0975,0.14510602834182573,7.998497050032738,90.89846778927752,False,False
0x19120414e0b7b170bb81ab518317f6926c2bb633167e4b11981ef7c078cea739,2024-06-09 00:00:03+00:00,0.106,0.14236814586660582,7.855188883515029,82.89212025151987,False,False
0x19120414e0b7b170bb81ab518317f6926c2bb633167e4b11981ef7c078cea739,2024-06-10 00:00:04+00:00,0.113,0.1396302633913859,7.7596518613400125,77.4176837639055,False,False
0x19120414e0b7b170bb81ab518317f6926c2bb633167e4b11981ef7c078cea739,2024-06-11 00:00:02+00:00,0.128,0.13689247598042945,7.49186568037333,67.12178971091357,False,False
0x19120414e0b7b170bb81ab518317f6926c2bb633167e4b11981ef7c078cea739,2024-06-12 00:00:03+00:00,0.1135,0.13415459350520953,7.904222748441409,78.5569419753613,False,False
0x19120414e0b7b170bb81ab518317f6926c2bb633167e4b11981ef7c078cea739,2024-06-13 00:00:03+00:00,0.0735,0.13141674271807743,9.153301540996361,134.41415525470902,False,False
0x19120414e0b7b170bb81ab518317f6926c2bb633167e4b11981ef7c078cea739,2024-06-14 00:00:03+00:00,0.0825,0.1286788919309453,8.945495804590792,118.18011136442297,False,False
0x19120414e0b7b170bb81ab518317f6926c2bb633167e4b11981ef7c078cea739,2024-06-15 00:00:04+00:00,0.0795,0.1259410094557254,9.14163896419093,124.92033607918762,False,False
0x19120414e0b7b170bb81ab518317f6926c2bb633167e4b11981ef7c078cea739,2024-06-16 00:00:04+00:00,0.075,0.1232031586685933,9.399484336050326,135.4880625016263,False,False
0x19120414e0b7b170bb81ab518317f6926c2bb633167e4b11981ef7c078cea739,2024-06-17 00:00:04+00:00,0.0795,0.1204653078814612,9.347094920149319,127.72788811316407,False,False
0x19120414e0b7b170bb81ab518317f6926c2bb633167e4b11981ef7c078cea739,2024-06-18 00:00:03+00:00,0.0725,0.11772748878241691,9.708192319261688,144.37315466882333,False,False
0x19120414e0b7b170bb81ab518317f6926c2bb633167e4b11981ef7c078cea739,2024-06-19 00:00:03+00:00,0.0755,0.11498963799528482,9.71096120939086,139.12601706153475,False,False
0x19120414e0b7b170bb81ab518317f6926c2bb633167e4b11981ef7c078cea739,2024-06-20 00:00:04+00:00,0.0775,0.1122517555200649,9.755074480479953,136.4465352632916,False,False
0x19120414e0b7b170bb81ab518317f6926c2bb633167e4b11981ef7c078cea739,2024-06-21 00:00:03+00:00,0.075,0.10951393642102061,9.96965786920009,143.70678009657786,False,False
0x19120414e0b7b170bb81ab518317f6926c2bb633167e4b11981ef7c078cea739,2024-06-22 00:00:02+00:00,0.079,0.10677611732197632,9.946524853269556,136.70507914168084,False,False
0x19120414e0b7b170bb81ab518317f6926c2bb633167e4b11981ef7c078cea739,2024-06-23 00:00:03+00:00,0.079,0.10403823484675641,10.076551917925585,138.49217166158942,False,False
0x19120414e0b7b170bb81ab518317f6926c2bb633167e4b11981ef7c078cea739,2024-06-24 00:00:03+00:00,0.079,0.10130038405962431,10.211813826727239,140.35121190130758,False,False
0x19120414e0b7b170bb81ab518317f6926c2bb633167e4b11981ef7c078cea739,2024-06-25 00:00:03+00:00,0.079,0.0985625332724922,10.352673220182941,142.28718399349827,False,False
0x19120414e0b7b170bb81ab518317f6926c2bb633167e4b11981ef7c078cea739,2024-06-26 00:00:03+00:00,0.079,0.09582468248536011,10.499527128489362,144.30554472284336,False,False
0x19120414e0b7b170bb81ab518317f6926c2bb633167e4b11981ef7c078cea739,2024-06-27 00:00:02+00:00,0.0855,0.09308686338631582,10.40529162333583,133.07743819792017,False,False
0x19120414e0b7b170bb81ab518317f6926c2bb633167e4b11981ef7c078cea739,2024-06-28 00:00:03+00:00,0.0925,0.0903489809110959,10.308194351425408,122.79883078162946,False,False
0x19120414e0b7b170bb81ab518317f6926c2bb633167e4b11981ef7c078cea739,2024-06-29 00:00:02+00:00,0.087,0.08761116181205161,10.668928966779843,134.31694132995736,False,False
0x19120414e0b7b170bb81ab518317f6926c2bb633167e4b11981ef7c078cea739,2024-06-30 00:00:02+00:00,0.0775,0.08487331102491952,11.218675545253248,156.9182697124329,False,False
0x19120414e0b7b170bb81ab518317f6926c2bb633167e4b11981ef7c078cea739,2024-07-01 00:00:02+00:00,0.076,0.08213546023778741,11.468478197519442,163.31280185576787,False,False
0x19120414e0b7b170bb81ab518317f6926c2bb633167e4b11981ef7c078cea739,2024-07-02 00:00:03+00:00,0.0805,0.07939757776256749,11.471242279947623,154.9754258822493,False,False
0x19120414e0b7b170bb81ab518317f6926c2bb633167e4b11981ef7c078cea739,2024-07-03 00:00:02+00:00,0.0705,0.0766597586635232,12.124962354553418,185.02988878415405,False,False
0x19120414e0b7b170bb81ab518317f6926c2bb633167e4b11981ef7c078cea739,2024-07-04 00:00:03+00:00,0.076,0.07392187618830329,12.088840575987106,172.14685258582688,False,False
0x19120414e0b7b170bb81ab518317f6926c2bb633167e4b11981ef7c078cea739,2024-07-05 00:00:02+00:00,0.087,0.07118405708925901,11.836114970698718,149.01127986175067,False,False
0x19120414e0b7b170bb81ab518317f6926c2bb633167e4b11981ef7c078cea739,2024-07-06 00:00:02+00:00,0.077,0.0684462063021269,12.515963229008674,176.10506717238638,False,False
0x19120414e0b7b170bb81ab518317f6926c2bb633167e4b11981ef7c078cea739,2024-07-07 00:00:02+00:00,0.075,0.0657083555149948,12.870773585629358,185.5246642973601,False,False
0x19120414e0b7b170bb81ab518317f6926c2bb633167e4b11981ef7c078cea739,2024-07-08 00:00:02+00:00,0.0725,0.0629705047278627,13.27421122672687,197.40438667871544,False,False
0x19120414e0b7b170bb81ab518317f6926c2bb633167e4b11981ef7c078cea739,2024-07-09 00:00:02+00:00,0.067,0.0602326539407306,13.870928429829158,221.89580121625244,False,False
0x19120414e0b7b170bb81ab518317f6926c2bb633167e4b11981ef7c078cea739,2024-07-10 00:00:03+00:00,0.066,0.057494771465510686,14.25510302643249,231.24883243190726,False,False
0x19120414e0b7b170bb81ab518317f6926c2bb633167e4b11981ef7c078cea739,2024-07-11 00:00:03+00:00,0.0735,0.05475692067837858,14.180240952832898,208.23361936088781,False,False
0x19120414e0b7b170bb81ab518317f6926c2bb633167e4b11981ef7c078cea739,2024-07-12 00:00:02+00:00,0.087,0.052019101579334294,13.845833977937085,174.3127239734749,False,False
0x19120414e0b7b170bb81ab518317f6926c2bb633167e4b11981ef7c078cea739,2024-07-13 00:00:03+00:00,0.075,0.04928121910411438,14.861896355891892,214.22553305790112,False,False
0x19120414e0b7b170bb81ab518317f6926c2bb633167e4b11981ef7c078cea739,2024-07-14 00:00:02+00:00,0.0725,0.046543400005070096,15.440034220653857,229.6129264155235,False,False
0x19120414e0b7b170bb81ab518317f6926c2bb633167e4b11981ef7c078cea739,2024-07-15 00:00:03+00:00,0.0665,0.04380551752985018,16.298091976578437,262.5432135761756,False,False
0x19120414e0b7b170bb81ab518317f6926c2bb633167e4b11981ef7c078cea739,2024-07-16 00:00:02+00:00,0.0775,0.04106769843080589,16.127868671567708,225.584315713859,False,False
0x19120414e0b7b170bb81ab518317f6926c2bb633167e4b11981ef7c078cea739,2024-07-17 00:00:01+00:00,0.065,0.0383298793317616,17.530484390939183,288.44894102738266,False,False
0x19120414e0b7b170bb81ab518317f6926c2bb633167e4b11981ef7c078cea739,2024-07-18 00:00:02+00:00,0.0465,0.035591996856541686,19.777073492297596,446.0549642753093,True,False
0x19120414e0b7b170bb81ab518317f6926c2bb633167e4b11981ef7c078cea739,2024-07-19 00:00:01+00:00,0.05,0.0328541777574974,,,False,False
0x19120414e0b7b170bb81ab518317f6926c2bb633167e4b11981ef7c078cea739,2024-07-20 00:00:01+00:00,0.0525,0.0301163269703653,,,False,False
0x19120414e0b7b170bb81ab518317f6926c2bb633167e4b11981ef7c078cea739,2024-07-21 00:00:01+00:00,0.047,0.027378476183233198,,,True,False
0x19120414e0b7b170bb81ab518317f6926c2bb633167e4b11981ef7c078cea739,2024-07-22 00:00:01+00:00,0.0545,0.0246406253961011,,,False,False
0x19120414e0b7b170bb81ab518317f6926c2bb633167e4b11981ef7c078cea739,2024-07-23 00:00:01+00:00,0.0525,0.021902774608968997,,,False,False
0x19120414e0b7b170bb81ab518317f6926c2bb633167e4b11981ef7c078cea739,2024-07-24 00:00:01+00:00,0.0485,0.019164923821836894,,,True,False
0x19120414e0b7b170bb81ab518317f6926c2bb633167e4b11981ef7c078cea739,2024-07-25 00:00:01+00:00,0.081,0.016427073034704795,,,False,False
0x19120414e0b7b170bb81ab518317f6926c2bb633167e4b11981ef7c078cea739,2024-07-26 00:00:02+00:00,0.063,0.013689190559484879,,,False,False
0x19120414e0b7b170bb81ab518317f6926c2bb633167e4b11981ef7c078cea739,2024-07-27 00:00:02+00:00,0.0525,0.010951339772352776,,,False,False
0x19120414e0b7b170bb81ab518317f6926c2bb633167e4b11981ef7c078cea739,2024-07-28 00:00:02+00:00,0.0545,0.008213488985220676,,,False,False
0x19120414e0b7b170bb81ab518317f6926c2bb633167e4b11981ef7c078cea739,2024-07-29 00:00:02+00:00,0.0505,0.005475638198088575,,,False,False
0x19120414e0b7b170bb81ab518317f6926c2bb633167e4b11981ef7c078cea739,2024-07-30 00:00:01+00:00,0.055,0.0027378190990442874,,,False,False
0x19120414e0b7b170bb81ab518317f6926c2bb633167e4b11981ef7c078cea739,2024-07-31 00:00:02+00:00,0.044,0.0,,,True,False
0x19120414e0b7b170bb81ab518317f6926c2bb633167e4b11981ef7c078cea739,2024-08-01 00:00:02+00:00,0.001,0.0,,,True,False
0x1e14c1e407a8aa7a727fadf74049b255a93f1c22f137d6a244ea64604b5b36d5,2024-02-01 00:00:02+00:00,0.5,0.36139624052526176,1.9585556370160926,7.83422254806437,False,False
0x1e14c1e407a8aa7a727fadf74049b255a93f1c22f137d6a244ea64604b5b36d5,2024-02-02 00:00:02+00:00,0.9695,0.35865838973812963,0.5664871991756111,19.15765940447963,True,False
0x1e14c1e407a8aa7a727fadf74049b255a93f1c22f137d6a244ea64604b5b36d5,2024-02-03 00:00:02+00:00,0.895,0.35592053895099757,0.7815023279877802,8.3160662728149,False,False
0x1e14c1e407a8aa7a727fadf74049b255a93f1c22f137d6a244ea64604b5b36d5,2024-02-04 00:00:03+00:00,0.8905,0.3531826564757776,0.7957819208776291,8.16104975018015,False,False
0x1e14c1e407a8aa7a727fadf74049b255a93f1c22f137d6a244ea64604b5b36d5,2024-02-05 00:00:02+00:00,0.887,0.3504448373767333,0.8076321666866724,8.057708360553846,False,False
0x1e14c1e407a8aa7a727fadf74049b255a93f1c22f137d6a244ea64604b5b36d5,2024-02-06 00:00:02+00:00,0.871,0.34770698658960125,0.8506193344996754,7.570549172738057,False,False
0x1e14c1e407a8aa7a727fadf74049b255a93f1c22f137d6a244ea64604b5b36d5,2024-02-07 00:00:02+00:00,0.867,0.34496913580246913,0.8639231389306148,7.492113839361506,False,False
0x1e14c1e407a8aa7a727fadf74049b255a93f1c22f137d6a244ea64604b5b36d5,2024-02-08 00:00:02+00:00,0.8595,0.34223128501533706,0.8860423680441891,7.337232546806277,False,False
0x1e14c1e407a8aa7a727fadf74049b255a93f1c22f137d6a244ea64604b5b36d5,2024-02-09 00:00:02+00:00,0.8635,0.33949343422820494,0.8796143254969268,7.462722631906751,False,False
0x1e14c1e407a8aa7a727fadf74049b255a93f1c22f137d6a244ea64604b5b36d5,2024-02-10 00:00:03+00:00,0.8635,0.336755551752985,0.8831827974858482,7.492997851285431,False,False
0x1e14c1e407a8aa7a727fadf74049b255a93f1c22f137d6a244ea64604b5b36d5,2024-02-11 00:00:03+00:00,0.862,0.3340177009658529,0.8905740852238311,7.486583990919592,False,False
0x1e14c1e407a8aa7a727fadf74049b255a93f1c22f137d6a244ea64604b5b36d5,2024-02-12 00:00:03+00:00,0.862,0.3312798501787208,0.8942465723104791,7.517456642039738,False,False
0x1e14c1e407a8aa7a727fadf74049b255a93f1c22f137d6a244ea64604b5b36d5,2024-02-13 00:00:02+00:00,0.862,0.32854203107967656,0.8979648270834415,7.548714037824418,False,False
0x1e14c1e407a8aa7a727fadf74049b255a93f1c22f137d6a244ea64604b5b36d5,2024-02-14 00:00:03+00:00,0.68,0.3258041486044566,1.400161138396545,6.434564055131182,False,False
0x1e14c1e407a8aa7a727fadf74049b255a93f1c22f137d6a244ea64604b5b36d5,2024-02-15 00:00:03+00:00,0.68,0.3230662978173245,1.406081509621434,6.461771643480856,False,False
0x1e14c1e407a8aa7a727fadf74049b255a93f1c22f137d6a244ea64604b5b36d5,2024-02-16 00:00:03+00:00,0.675,0.3203284470301924,1.4277287160757333,6.50816508752471,False,False
0x1e14c1e407a8aa7a727fadf74049b255a93f1c22f137d6a244ea64604b5b36d5,2024-02-17 00:00:02+00:00,0.64,0.3175906279311481,1.5478755864831002,6.718210010777344,False,False
0x1e14c1e407a8aa7a727fadf74049b255a93f1c22f137d6a244ea64604b5b36d5,2024-02-18 00:00:02+00:00,0.6575,0.314852777144016,1.4964425129242493,6.645133414778383,False,False
0x1e14c1e407a8aa7a727fadf74049b255a93f1c22f137d6a244ea64604b5b36d5,2024-02-19 00:00:02+00:00,0.6565,0.3121149263568839,1.5062791644032036,6.6795006575304114,False,False
0x1e14c1e407a8aa7a727fadf74049b255a93f1c22f137d6a244ea64604b5b36d5,2024-02-20 00:00:02+00:00,0.656,0.3093770755697518,1.514582738200874,6.711671946792018,False,False
0x1e14c1e407a8aa7a727fadf74049b255a93f1c22f137d6a244ea64604b5b36d5,2024-02-21 00:00:03+00:00,0.6565,0.3066391930945319,1.5196686571247136,6.73887552478668,False,False
0x1e14c1e407a8aa7a727fadf74049b255a93f1c22f137d6a244ea64604b5b36d5,2024-02-22 00:00:02+00:00,0.658,0.3039013739954876,1.5215031740154281,6.761154544230382,False,False
0x1e14c1e407a8aa7a727fadf74049b255a93f1c22f137d6a244ea64604b5b36d5,2024-02-23 00:00:02+00:00,0.705,0.3011635232083555,1.3776189341313048,6.62396410208585,False,False
0x1e14c1e407a8aa7a727fadf74049b255a93f1c22f137d6a244ea64604b5b36d5,2024-02-24 00:00:02+00:00,0.72,0.2984256724212234,1.338006975144367,6.636939360835154,False,False
0x1e14c1e407a8aa7a727fadf74049b255a93f1c22f137d6a244ea64604b5b36d5,2024-02-25 00:00:02+00:00,0.704,0.2956878216340913,1.3934305998822174,6.686840639791046,False,False
0x1e14c1e407a8aa7a727fadf74049b255a93f1c22f137d6a244ea64604b5b36d5,2024-02-26 00:00:02+00:00,0.7135,0.29294997084695923,1.3704023203661366,6.703930164411538,False,False
0x1e14c1e407a8aa7a727fadf74049b255a93f1c22f137d6a244ea64604b5b36d5,2024-02-27 00:00:02+00:00,0.703,0.2902121200598271,1.4096635093762482,6.751553033302432,False,False
0x1e14c1e407a8aa7a727fadf74049b255a93f1c22f137d6a244ea64604b5b36d5,2024-02-28 00:00:03+00:00,0.657,0.2874742375846072,1.5677934684310646,6.957117866932317,False,False
0x1e14c1e407a8aa7a727fadf74049b255a93f1c22f137d6a244ea64604b5b36d5,2024-02-29 00:00:02+00:00,0.648,0.2847364184855629,1.6065443342643397,7.0432814879013215,False,False
0x1e14c1e407a8aa7a727fadf74049b255a93f1c22f137d6a244ea64604b5b36d5,2024-03-01 00:00:02+00:00,0.683,0.2819985676984308,1.4950474155364706,6.905179947145737,False,False
0x1e14c1e407a8aa7a727fadf74049b255a93f1c22f137d6a244ea64604b5b36d5,2024-03-02 00:00:03+00:00,0.675,0.2792606852232109,1.5291093683341817,6.970299114913649,False,False
0x1e14c1e407a8aa7a727fadf74049b255a93f1c22f137d6a244ea64604b5b36d5,2024-03-03 00:00:03+00:00,0.685,0.2765228344360788,1.5031138739196013,6.966116899175537,False,False
0x1e14c1e407a8aa7a727fadf74049b255a93f1c22f137d6a244ea64604b5b36d5,2024-03-04 00:00:03+00:00,0.6775,0.2737849836489467,1.5358419052840004,7.029225802953175,False,False
0x1e14c1e407a8aa7a727fadf74049b255a93f1c22f137d6a244ea64604b5b36d5,2024-03-05 00:00:03+00:00,0.6655,0.2710471328618146,1.584842691985146,7.119376810697402,False,False
0x1e14c1e407a8aa7a727fadf74049b255a93f1c22f137d6a244ea64604b5b36d5,2024-03-06 00:00:03+00:00,0.62,0.26830928207468246,1.758566762067973,7.464205271935369,False,False
0x1e14c1e407a8aa7a727fadf74049b255a93f1c22f137d6a244ea64604b5b36d5,2024-03-07 00:00:02+00:00,0.6595,0.2655714629756382,1.622273619437714,7.224240405672495,False,False
0x1e14c1e407a8aa7a727fadf74049b255a93f1c22f137d6a244ea64604b5b36d5,2024-03-08 00:00:02+00:00,0.655,0.2628336121885061,1.6468157097760872,7.287601326589611,False,False
0x1e14c1e407a8aa7a727fadf74049b255a93f1c22f137d6a244ea64604b5b36d5,2024-03-09 00:00:03+00:00,0.715,0.2600957297132862,1.449476449848628,7.113122070168704,False,False
0x1e14c1e407a8aa7a727fadf74049b255a93f1c22f137d6a244ea64604b5b36d5,2024-03-10 00:00:02+00:00,0.7225,0.2573579106142419,1.4326839819855808,7.14577876859294,False,False
0x1e14c1e407a8aa7a727fadf74049b255a93f1c22f137d6a244ea64604b5b36d5,2024-03-11 00:00:02+00:00,0.725,0.2546200598271098,1.4322240749072674,7.18356902774805,False,False
0x1e14c1e407a8aa7a727fadf74049b255a93f1c22f137d6a244ea64604b5b36d5,2024-03-12 00:00:02+00:00,0.714,0.2518822090399777,1.4762408645023912,7.2292455804117015,False,False
0x1e14c1e407a8aa7a727fadf74049b255a93f1c22f137d6a244ea64604b5b36d5,2024-03-13 00:00:03+00:00,0.6645,0.24914432656475777,1.6566665296420253,7.431005595197918,False,False
0x1e14c1e407a8aa7a727fadf74049b255a93f1c22f137d6a244ea64604b5b36d5,2024-03-14 00:00:03+00:00,0.664,0.24640647577762567,1.66767110530778,7.4748597304744875,False,False
0x1e14c1e407a8aa7a727fadf74049b255a93f1c22f137d6a244ea64604b5b36d5,2024-03-15 00:00:03+00:00,0.6,0.24366862499049358,1.9265747408930134,8.02739475372089,False,False
0x1e14c1e407a8aa7a727fadf74049b255a93f1c22f137d6a244ea64604b5b36d5,2024-03-16 00:00:02+00:00,0.545,0.24093080589144927,2.179467669009699,8.789062078877706,False,False
0x1e14c1e407a8aa7a727fadf74049b255a93f1c22f137d6a244ea64604b5b36d5,2024-03-17 00:00:03+00:00,0.555,0.23819292341622936,2.1456831410689445,8.687855617244436,False,False
0x1e14c1e407a8aa7a727fadf74049b255a93f1c22f137d6a244ea64604b5b36d5,2024-03-18 00:00:03+00:00,0.5225,0.23545507262909726,2.312956552187133,9.270599172071977,False,False
0x1e14c1e407a8aa7a727fadf74049b255a93f1c22f137d6a244ea64604b5b36d5,2024-03-19 00:00:02+00:00,0.5015,0.232717253530053,2.4329128910801288,9.731739149972865,False,False
0x1e14c1e407a8aa7a727fadf74049b255a93f1c22f137d6a244ea64604b5b36d5,2024-03-20 00:00:03+00:00,0.5255,0.22997937105483307,2.3254226556718276,9.325947411905677,False,False
0x1e14c1e407a8aa7a727fadf74049b255a93f1c22f137d6a244ea64604b5b36d5,2024-03-21 00:00:03+00:00,0.6595,0.22724152026770097,1.7537632528930551,7.809784491179096,False,False
0x1e14c1e407a8aa7a727fadf74049b255a93f1c22f137d6a244ea64604b5b36d5,2024-03-22 00:00:02+00:00,0.6575,0.22450370116865667,1.772156407329531,7.869474207563625,False,False
0x1e14c1e407a8aa7a727fadf74049b255a93f1c22f137d6a244ea64604b5b36d5,2024-03-23 00:00:03+00:00,0.6755,0.22176581869343676,1.714028135851781,7.819480340884426,False,False
0x1e14c1e407a8aa7a727fadf74049b255a93f1c22f137d6a244ea64604b5b36d5,2024-03-24 00:00:03+00:00,0.6755,0.21902796790630466,1.7247075468210291,7.8682003370032545,False,False
0x1e14c1e407a8aa7a727fadf74049b255a93f1c22f137d6a244ea64604b5b36d5,2024-03-25 00:00:03+00:00,0.665,0.21629011711917256,1.7760954318909394,7.9725976069619096,False,False
0x1e14c1e407a8aa7a727fadf74049b255a93f1c22f137d6a244ea64604b5b36d5,2024-03-26 00:00:02+00:00,0.664,0.21355229802012826,1.7913660455310227,8.029286994097026,False,False
0x1e14c1e407a8aa7a727fadf74049b255a93f1c22f137d6a244ea64604b5b36d5,2024-03-27 00:00:03+00:00,0.655,0.21081441554490835,1.8388034113605902,8.137198412924397,False,False
0x1e14c1e407a8aa7a727fadf74049b255a93f1c22f137d6a244ea64604b5b36d5,2024-03-28 00:00:03+00:00,0.615,0.20807656475777625,2.0186017136790997,8.525400543465736,False,False
0x1e14c1e407a8aa7a727fadf74049b255a93f1c22f137d6a244ea64604b5b36d5,2024-03-29 00:00:02+00:00,0.6065,0.20533874565873197,2.0695653719835287,8.671687267576807,False,False
0x1e14c1e407a8aa7a727fadf74049b255a93f1c22f137d6a244ea64604b5b36d5,2024-03-30 00:00:02+00:00,0.5905,0.20260089487159988,2.1563726761845894,8.917641559881641,False,False
0x1e14c1e407a8aa7a727fadf74049b255a93f1c22f137d6a244ea64604b5b36d5,2024-03-31 00:00:03+00:00,0.5795,0.19986301239637996,2.2228857148566106,9.122160191220692,False,False
0x1e14c1e407a8aa7a727fadf74049b255a93f1c22f137d6a244ea64604b5b36d5,2024-04-01 00:00:02+00:00,0.577,0.19712519329733566,2.2502811483309215,9.219780917564648,False,False
0x1e14c1e407a8aa7a727fadf74049b255a93f1c22f137d6a244ea64604b5b36d5,2024-04-02 00:00:03+00:00,0.52,0.19438731082211574,2.5591746410051446,10.253103529668047,False,False
0x1e14c1e407a8aa7a727fadf74049b255a93f1c22f137d6a244ea64604b5b36d5,2024-04-03 00:00:03+00:00,0.5155,0.19164946003498365,2.6022071493319525,10.418841103628397,False,False
0x1e14c1e407a8aa7a727fadf74049b255a93f1c22f137d6a244ea64604b5b36d5,2024-04-04 00:00:03+00:00,0.52,0.18891160924785155,2.5959992085263166,10.400637854672743,False,False
0x1e14c1e407a8aa7a727fadf74049b255a93f1c22f137d6a244ea64604b5b36d5,2024-04-05 00:00:03+00:00,0.575,0.18617375846071946,2.3254531487636725,9.515920813355182,False,False
0x1e14c1e407a8aa7a727fadf74049b255a93f1c22f137d6a244ea64604b5b36d5,2024-04-06 00:00:03+00:00,0.425,0.18343590767358733,3.225866963501544,13.200478623024221,False,False
0x1e14c1e407a8aa7a727fadf74049b255a93f1c22f137d6a244ea64604b5b36d5,2024-04-07 00:00:02+00:00,0.41,0.18069808857454306,3.3563586284000335,13.87498399503941,False,False
0x1e14c1e407a8aa7a727fadf74049b255a93f1c22f137d6a244ea64604b5b36d5,2024-04-08 00:00:03+00:00,0.4205,0.17796020609932314,3.306820774260415,13.570355248068068,False,False
0x1e14c1e407a8aa7a727fadf74049b255a93f1c22f137d6a244ea64604b5b36d5,2024-04-09 00:00:03+00:00,0.4195,0.17522235531219105,3.339699547292639,13.714286201807612,False,False
0x1e14c1e407a8aa7a727fadf74049b255a93f1c22f137d6a244ea64604b5b36d5,2024-04-10 00:00:03+00:00,0.4205,0.17248450452505895,3.3588999243278765,13.78407489472505,False,False
0x1e14c1e407a8aa7a727fadf74049b255a93f1c22f137d6a244ea64604b5b36d5,2024-04-11 00:00:03+00:00,0.14,0.16974665373792683,6.5005573855030345,53.991340411154766,False,False
0x1e14c1e407a8aa7a727fadf74049b255a93f1c22f137d6a244ea64604b5b36d5,2024-04-12 00:00:03+00:00,0.165,0.16700880295079473,6.122948028490255,44.441647820651454,False,False
0x1e14c1e407a8aa7a727fadf74049b255a93f1c22f137d6a244ea64604b5b36d5,2024-04-13 00:00:02+00:00,0.19,0.16427098385175046,5.789655132241662,37.61959150254491,False,False
0x1e14c1e407a8aa7a727fadf74049b255a93f1c22f137d6a244ea64604b5b36d5,2024-04-14 00:00:03+00:00,0.1935,0.16153310137653054,5.7876178556819875,37.08638536491772,False,False
0x1e14c1e407a8aa7a727fadf74049b255a93f1c22f137d6a244ea64604b5b36d5,2024-04-15 00:00:03+00:00,0.1725,0.15879525058939845,6.157364084897877,43.13578762571304,False,False
0x1e14c1e407a8aa7a727fadf74049b255a93f1c22f137d6a244ea64604b5b36d5,2024-04-16 00:00:03+00:00,0.172,0.15605739980226632,6.219206168585217,43.669293959844524,False,False
0x1e14c1e407a8aa7a727fadf74049b255a93f1c22f137d6a244ea64604b5b36d5,2024-04-17 00:00:03+00:00,0.1345,0.15331954901513423,6.947434074864883,59.68086070853071,False,False
0x1e14c1e407a8aa7a727fadf74049b255a93f1c22f137d6a244ea64604b5b36d5,2024-04-18 00:00:03+00:00,0.155,0.15058169822800213,6.622580170557427,50.56369666392385,False,False
0x1e14c1e407a8aa7a727fadf74049b255a93f1c22f137d6a244ea64604b5b36d5,2024-04-19 00:00:03+00:00,0.14,0.14784384744087004,6.965456419797806,57.852628071410344,False,False
0x1e14c1e407a8aa7a727fadf74049b255a93f1c22f137d6a244ea64604b5b36d5,2024-04-20 00:00:02+00:00,0.14,0.14510602834182573,7.0308604763297105,58.39585113230656,False,False
0x1e14c1e407a8aa7a727fadf74049b255a93f1c22f137d6a244ea64604b5b36d5,2024-04-21 00:00:03+00:00,0.15,0.14236814586660582,6.904082200720309,54.14966431937497,False,False
0x1e14c1e407a8aa7a727fadf74049b255a93f1c22f137d6a244ea64604b5b36d5,2024-04-22 00:00:03+00:00,0.143,0.13963029507947372,7.1074549267549605,57.99589498865746,False,False
0x1e14c1e407a8aa7a727fadf74049b255a93f1c22f137d6a244ea64604b5b36d5,2024-04-23 00:00:02+00:00,0.1425,0.13689247598042945,7.188194753257945,58.82620635881905,False,False
0x1e14c1e407a8aa7a727fadf74049b255a93f1c22f137d6a244ea64604b5b36d5,2024-04-24 00:00:03+00:00,0.148,0.13415459350520953,7.15139644221088,56.71390402717676,False,False
0x1e14c1e407a8aa7a727fadf74049b255a93f1c22f137d6a244ea64604b5b36d5,2024-04-25 00:00:03+00:00,0.1475,0.13141674271807743,7.235450766745764,57.54123578106876,False,False
0x1e14c1e407a8aa7a727fadf74049b255a93f1c22f137d6a244ea64604b5b36d5,2024-04-26 00:00:02+00:00,0.1005,0.12867892361903313,8.410277529879464,93.03430075724174,False,False
0x1e14c1e407a8aa7a727fadf74049b255a93f1c22f137d6a244ea64604b5b36d5,2024-04-27 00:00:03+00:00,0.1,0.12594104114381321,8.515114801168878,94.61238667965418,False,False
0x1e14c1e407a8aa7a727fadf74049b255a93f1c22f137d6a244ea64604b5b36d5,2024-04-28 00:00:03+00:00,0.0995,0.12320319035668112,8.623330257282069,96.24279372746093,False,False
0x1e14c1e407a8aa7a727fadf74049b255a93f1c22f137d6a244ea64604b5b36d5,2024-04-29 00:00:03+00:00,0.095,0.12046533956954901,8.852025479365661,102.96045919587857,False,False
0x1e14c1e407a8aa7a727fadf74049b255a93f1c22f137d6a244ea64604b5b36d5,2024-04-30 00:00:04+00:00,0.0925,0.1177274570943291,9.030365855441332,107.57639318521429,False,False
0x1e14c1e407a8aa7a727fadf74049b255a93f1c22f137d6a244ea64604b5b36d5,2024-05-01 00:00:03+00:00,0.083,0.11498963799528482,9.445958498962408,124.10766510704637,False,False
0x1e14c1e407a8aa7a727fadf74049b255a93f1c22f137d6a244ea64604b5b36d5,2024-05-02 00:00:03+00:00,0.04,0.11225178720815271,11.522421529033648,300.06306065191797,True,False
0x1e14c1e407a8aa7a727fadf74049b255a93f1c22f137d6a244ea64604b5b36d5,2024-05-03 00:00:03+00:00,0.057,0.10951393642102061,10.731297660021697,199.648335101146,False,False
0x1e14c1e407a8aa7a727fadf74049b255a93f1c22f137d6a244ea64604b5b36d5,2024-05-04 00:00:03+00:00,0.069,0.1067760856338885,10.33480268675825,160.8805038490364,False,False
0x1e14c1e407a8aa7a727fadf74049b255a93f1c22f137d6a244ea64604b5b36d5,2024-05-05 00:00:03+00:00,0.075,0.10403823484675641,10.228653385176562,147.44004879533782,False,False
0x1e14c1e407a8aa7a727fadf74049b255a93f1c22f137d6a244ea64604b5b36d5,2024-05-06 00:00:02+00:00,0.0595,0.10130041574771212,11.0363819131053,197.22000032354148,False,False
0x1e14c1e407a8aa7a727fadf74049b255a93f1c22f137d6a244ea64604b5b36d5,2024-05-07 00:00:02+00:00,0.0645,0.09856256496058002,10.954725333760969,181.55072458472182,False,False
0x1e14c1e407a8aa7a727fadf74049b255a93f1c22f137d6a244ea64604b5b36d5,2024-05-08 00:00:03+00:00,0.0625,0.09582468248536011,11.203098197996155,191.19954257913437,False,False
0x1e14c1e407a8aa7a727fadf74049b255a93f1c22f137d6a244ea64604b5b36d5,2024-05-09 00:00:03+00:00,0.055,0.093086831698228,11.744511769695448,225.96463241357284,False,False
0x1e14c1e407a8aa7a727fadf74049b255a93f1c22f137d6a244ea64604b5b36d5,2024-05-10 00:00:03+00:00,0.0555,0.0903489809110959,11.894240894065007,226.9038080888407,False,False
0x1e14c1e407a8aa7a727fadf74049b255a93f1c22f137d6a244ea64604b5b36d5,2024-05-11 00:00:04+00:00,0.054,0.08761109843587599,12.16121306937929,238.06305436886873,False,False
0x1e14c1e407a8aa7a727fadf74049b255a93f1c22f137d6a244ea64604b5b36d5,2024-05-12 00:00:03+00:00,0.0545,0.0848732793368317,12.327630387129549,239.23326597023174,False,False
0x1e14c1e407a8aa7a727fadf74049b255a93f1c22f137d6a244ea64604b5b36d5,2024-05-13 00:00:04+00:00,0.05,0.08213539686161178,12.797542699026415,269.42195155845087,False,False
0x1e14c1e407a8aa7a727fadf74049b255a93f1c22f137d6a244ea64604b5b36d5,2024-05-14 00:00:03+00:00,0.048,0.07939757776256749,13.14325544198197,287.62376229827487,True,False
0x1e14c1e407a8aa7a727fadf74049b255a93f1c22f137d6a244ea64604b5b36d5,2024-05-15 00:00:04+00:00,0.042,0.07665969528734758,13.792798800032681,342.7974649575674,True,False
0x1e14c1e407a8aa7a727fadf74049b255a93f1c22f137d6a244ea64604b5b36d5,2024-05-16 00:00:04+00:00,0.0375,0.07392184450021548,14.399522852445836,398.94781928854263,True,False
0x1e14c1e407a8aa7a727fadf74049b255a93f1c22f137d6a244ea64604b5b36d5,2024-05-17 00:00:03+00:00,0.0325,0.07118402540117119,15.120333346116785,480.86927755489677,True,False
0x1e14c1e407a8aa7a727fadf74049b255a93f1c22f137d6a244ea64604b5b36d5,2024-05-18 00:00:03+00:00,0.031,0.0684461746140391,15.568086678857378,518.2624814027557,True,False
0x1e14c1e407a8aa7a727fadf74049b255a93f1c22f137d6a244ea64604b5b36d5,2024-05-19 00:00:03+00:00,0.0295,0.06570832382690699,16.04690615058728,560.4975995454826,True,False
0x1e14c1e407a8aa7a727fadf74049b255a93f1c22f137d6a244ea64604b5b36d5,2024-05-20 00:00:03+00:00,0.0295,0.06297047303977489,16.392040906563718,572.552708513477,True,False
0x1e14c1e407a8aa7a727fadf74049b255a93f1c22f137d6a244ea64604b5b36d5,2024-05-21 00:00:03+00:00,0.029,0.06023262225264279,16.816987404430957,597.2153629188166,True,False
0x1e14c1e407a8aa7a727fadf74049b255a93f1c22f137d6a244ea64604b5b36d5,2024-05-22 00:00:03+00:00,0.0265,0.057494771465510686,17.51566666377667,678.9610203904089,True,False
0x1e14c1e407a8aa7a727fadf74049b255a93f1c22f137d6a244ea64604b5b36d5,2024-05-23 00:00:03+00:00,0.0225,0.05475692067837858,18.502006107894722,841.2392660594361,True,False
0x1e14c1e407a8aa7a727fadf74049b255a93f1c22f137d6a244ea64604b5b36d5,2024-05-24 00:00:03+00:00,0.018,0.05201906989124648,19.73806810695959,1116.6592049649012,True,False
0x1e14c1e407a8aa7a727fadf74049b255a93f1c22f137d6a244ea64604b5b36d5,2024-05-25 00:00:03+00:00,0.021,0.04928121910411438,19.745183505762842,960.4155603756428,True,False
0x1e14c1e407a8aa7a727fadf74049b255a93f1c22f137d6a244ea64604b5b36d5,2024-05-26 00:00:03+00:00,0.023,0.04654336831698228,19.988325581699204,889.5165138044238,True,False
0x1e14c1e407a8aa7a727fadf74049b255a93f1c22f137d6a244ea64604b5b36d5,2024-05-27 00:00:03+00:00,0.0205,0.04380551752985018,,,True,False
0x1e14c1e407a8aa7a727fadf74049b255a93f1c22f137d6a244ea64604b5b36d5,2024-05-28 00:00:03+00:00,0.02,0.04106766674271808,,,True,False
0x1e14c1e407a8aa7a727fadf74049b255a93f1c22f137d6a244ea64604b5b36d5,2024-05-29 00:00:04+00:00,0.0205,0.03832978426749816,,,True,False
0x1e14c1e407a8aa7a727fadf74049b255a93f1c22f137d6a244ea64604b5b36d5,2024-05-30 00:00:03+00:00,0.02,0.03559196516845387,,,True,False
0x1e14c1e407a8aa7a727fadf74049b255a93f1c22f137d6a244ea64604b5b36d5,2024-05-31 00:00:03+00:00,0.022,0.032854114381321776,,,True,False
0x1e14c1e407a8aa7a727fadf74049b255a93f1c22f137d6a244ea64604b5b36d5,2024-06-01 00:00:03+00:00,0.0225,0.030116263594189674,,,True,False
0x1e14c1e407a8aa7a727fadf74049b255a93f1c22f137d6a244ea64604b5b36d5,2024-06-02 00:00:03+00:00,0.022,0.02737841280705757,,,True,False
0x1e14c1e407a8aa7a727fadf74049b255a93f1c22f137d6a244ea64604b5b36d5,2024-06-03 00:00:03+00:00,0.0225,0.02464056201992547,,,True,False
0x1e14c1e407a8aa7a727fadf74049b255a93f1c22f137d6a244ea64604b5b36d5,2024-06-04 00:00:02+00:00,0.0225,0.021902742920881183,,,True,False
0x1e14c1e407a8aa7a727fadf74049b255a93f1c22f137d6a244ea64604b5b36d5,2024-06-05 00:00:02+00:00,0.024,0.01916489213374908,,,True,False
0x1e14c1e407a8aa7a727fadf74049b255a93f1c22f137d6a244ea64604b5b36d5,2024-06-06 00:00:03+00:00,0.031,0.016427009658529165,,,True,False
0x1e14c1e407a8aa7a727fadf74049b255a93f1c22f137d6a244ea64604b5b36d5,2024-06-07 00:00:02+00:00,0.036,0.013689190559484879,,,True,False
0x1e14c1e407a8aa7a727fadf74049b255a93f1c22f137d6a244ea64604b5b36d5,2024-06-08 00:00:02+00:00,0.0285,0.010951339772352776,,,True,False
0x1e14c1e407a8aa7a727fadf74049b255a93f1c22f137d6a244ea64604b5b36d5,2024-06-09 00:00:03+00:00,0.033,0.008213457297132862,,,True,False
0x1e14c1e407a8aa7a727fadf74049b255a93f1c22f137d6a244ea64604b5b36d5,2024-06-10 00:00:04+00:00,0.029,0.005475574821912946,,,True,False
0x1e14c1e407a8aa7a727fadf74049b255a93f1c22f137d6a244ea64604b5b36d5,2024-06-11 00:00:02+00:00,0.0245,0.002737787410956473,,,True,False
0x1e14c1e407a8aa7a727fadf74049b255a93f1c22f137d6a244ea64604b5b36d5,2024-06-12 00:00:03+00:00,0.0255,0.0,,,True,False
0x1e14c1e407a8aa7a727fadf74049b255a93f1c22f137d6a244ea64604b5b36d5,2024-06-13 00:00:03+00:00,0.0005,0.0,,,True,False
0x1e3afb4a670b4c28b8a2742ef61830023bb39809260af94908392cc7c9fdb7ca,2023-06-13 00:00:02+00:00,0.5,0.11498966968337263,3.47214869136992,13.88859476547968,False,False
0x1e3afb4a670b4c28b8a2742ef61830023bb39809260af94908392cc7c9fdb7ca,2023-06-14 00:00:02+00:00,0.465,0.11225181889624053,3.7861962822847377,15.219359993105169,False,False
0x1e3afb4a670b4c28b8a2742ef61830023bb39809260af94908392cc7c9fdb7ca,2023-06-15 00:00:02+00:00,0.015,0.10951396810910842,14.018158873139713,948.7755582497268,True,False
0x1e3afb4a670b4c28b8a2742ef61830023bb39809260af94908392cc7c9fdb7ca,2023-06-16 00:00:02+00:00,0.015,0.10677611732197632,14.196741450192723,960.8623654952773,True,False
0x1e3afb4a670b4c28b8a2742ef61830023bb39809260af94908392cc7c9fdb7ca,2023-06-17 00:00:02+00:00,0.015,0.10403826653484421,14.382327758961006,973.423198576041,True,False
0x1e3afb4a670b4c28b8a2742ef61830023bb39809260af94908392cc7c9fdb7ca,2023-06-18 00:00:02+00:00,0.02,0.10130041574771212,13.890604658016546,708.7043192865585,True,False
0x1e3afb4a670b4c28b8a2742ef61830023bb39809260af94908392cc7c9fdb7ca,2023-06-19 00:00:02+00:00,0.025,0.09856256496058002,13.525835056932426,554.9060536177406,True,False
0x1e3afb4a670b4c28b8a2742ef61830023bb39809260af94908392cc7c9fdb7ca,2023-06-20 00:00:02+00:00,0.025,0.09582471417344791,13.717700582554867,562.7774597971228,True,False
0x1e3afb4a670b4c28b8a2742ef61830023bb39809260af94908392cc7c9fdb7ca,2023-06-21 00:00:02+00:00,0.025,0.09308686338631582,13.917969714025654,570.9936292933602,True,False
0x1e3afb4a670b4c28b8a2742ef61830023bb39809260af94908392cc7c9fdb7ca,2023-06-22 00:00:02+00:00,0.02,0.09034901259918371,14.70838738116932,750.4279276106796,True,False
0x1e3afb4a670b4c28b8a2742ef61830023bb39809260af94908392cc7c9fdb7ca,2023-06-23 00:00:02+00:00,0.02,0.08761116181205161,14.936438158068233,762.0631713300119,True,False
0x1e3afb4a670b4c28b8a2742ef61830023bb39809260af94908392cc7c9fdb7ca,2023-06-24 00:00:02+00:00,0.02,0.08487331102491952,15.175436521099476,774.2569653622182,True,False
0x1e3afb4a670b4c28b8a2742ef61830023bb39809260af94908392cc7c9fdb7ca,2023-06-25 00:00:02+00:00,0.025,0.08213546023778741,14.816810892279806,607.8691648114792,True,False
0x1e3afb4a670b4c28b8a2742ef61830023bb39809260af94908392cc7c9fdb7ca,2023-06-26 00:00:02+00:00,0.025,0.07939760945065531,15.070108259645194,618.2608516777515,True,False
0x1e3afb4a670b4c28b8a2742ef61830023bb39809260af94908392cc7c9fdb7ca,2023-06-27 00:00:02+00:00,0.02,0.0766597586635232,15.9677248725463,814.6798404360358,True,False
0x1e3afb4a670b4c28b8a2742ef61830023bb39809260af94908392cc7c9fdb7ca,2023-06-28 00:00:02+00:00,0.02,0.07392190787639111,16.260735338878508,829.6293540244137,True,False
0x1e3afb4a670b4c28b8a2742ef61830023bb39809260af94908392cc7c9fdb7ca,2023-06-29 00:00:02+00:00,0.015,0.07118405708925901,17.387388861633628,1176.8114288753725,True,False
0x1e3afb4a670b4c28b8a2742ef61830023bb39809260af94908392cc7c9fdb7ca,2023-06-30 00:00:02+00:00,0.015,0.0684462063021269,17.731727334915274,1200.1169093005262,True,False
0x1e3afb4a670b4c28b8a2742ef61830023bb39809260af94908392cc7c9fdb7ca,2023-07-01 00:00:02+00:00,0.015,0.0657083555149948,18.097368777728626,1224.8642150746955,True,False
0x1e3afb4a670b4c28b8a2742ef61830023bb39809260af94908392cc7c9fdb7ca,2023-07-02 00:00:02+00:00,0.015,0.0629705047278627,18.486604421526312,1251.2084210846913,True,False
0x1e3afb4a670b4c28b8a2742ef61830023bb39809260af94908392cc7c9fdb7ca,2023-07-03 00:00:02+00:00,0.01,0.0602326539407306,,,True,False
0x1e3afb4a670b4c28b8a2742ef61830023bb39809260af94908392cc7c9fdb7ca,2023-07-04 00:00:02+00:00,0.005,0.0574948031535985,,,True,False
0x1e3afb4a670b4c28b8a2742ef61830023bb39809260af94908392cc7c9fdb7ca,2023-07-05 00:00:02+00:00,0.005,0.054756952366466397,,,True,False
0x1e3afb4a670b4c28b8a2742ef61830023bb39809260af94908392cc7c9fdb7ca,2023-07-06 00:00:02+00:00,0.005,0.052019101579334294,,,True,False
0x1e3afb4a670b4c28b8a2742ef61830023bb39809260af94908392cc7c9fdb7ca,2023-07-07 00:00:02+00:00,0.005,0.0492812507922022,,,True,False
0x1e3afb4a670b4c28b8a2742ef61830023bb39809260af94908392cc7c9fdb7ca,2023-07-08 00:00:02+00:00,0.01,0.046543400005070096,,,True,False
0x1e3afb4a670b4c28b8a2742ef61830023bb39809260af94908392cc7c9fdb7ca,2023-07-09 00:00:02+00:00,0.01,0.04380554921793799,,,True,False
0x1e3afb4a670b4c28b8a2742ef61830023bb39809260af94908392cc7c9fdb7ca,2023-07-10 00:00:02+00:00,0.01,0.04106769843080589,,,True,False
0x1e3afb4a670b4c28b8a2742ef61830023bb39809260af94908392cc7c9fdb7ca,2023-07-11 00:00:02+00:00,0.01,0.03832984764367379,,,True,False
0x1e3afb4a670b4c28b8a2742ef61830023bb39809260af94908392cc7c9fdb7ca,2023-07-12 00:00:02+00:00,0.01,0.035591996856541686,,,True,False
0x1e3afb4a670b4c28b8a2742ef61830023bb39809260af94908392cc7c9fdb7ca,2023-07-13 00:00:02+00:00,0.01,0.03285414606940959,,,True,False
0x1e3afb4a670b4c28b8a2742ef61830023bb39809260af94908392cc7c9fdb7ca,2023-07-14 00:00:02+00:00,0.01,0.030116295282277487,,,True,False
0x1e3afb4a670b4c28b8a2742ef61830023bb39809260af94908392cc7c9fdb7ca,2023-07-15 00:00:02+00:00,0.005,0.027378444495145385,,,True,False
0x1e3afb4a670b4c28b8a2742ef61830023bb39809260af94908392cc7c9fdb7ca,2023-07-16 00:00:02+00:00,0.01,0.024640593708013282,,,True,False
0x1e3afb4a670b4c28b8a2742ef61830023bb39809260af94908392cc7c9fdb7ca,2023-07-17 00:00:02+00:00,0.005,0.021902742920881183,,,True,False
0x1e3afb4a670b4c28b8a2742ef61830023bb39809260af94908392cc7c9fdb7ca,2023-07-18 00:00:02+00:00,0.01,0.01916489213374908,,,True,False
0x1e3afb4a670b4c28b8a2742ef61830023bb39809260af94908392cc7c9fdb7ca,2023-07-19 00:00:02+00:00,0.01,0.016427041346616978,,,True,False
0x1e3afb4a670b4c28b8a2742ef61830023bb39809260af94908392cc7c9fdb7ca,2023-07-20 00:00:02+00:00,0.005,0.013689190559484879,,,True,False
0x1e3afb4a670b4c28b8a2742ef61830023bb39809260af94908392cc7c9fdb7ca,2023-07-21 00:00:02+00:00,0.005,0.010951339772352776,,,True,False
0x1e3afb4a670b4c28b8a2742ef61830023bb39809260af94908392cc7c9fdb7ca,2023-07-22 00:00:02+00:00,0.005,0.008213488985220676,,,True,False
0x1e3afb4a670b4c28b8a2742ef61830023bb39809260af94908392cc7c9fdb7ca,2023-07-23 00:00:02+00:00,0.005,0.005475638198088575,,,True,False
0x1e3afb4a670b4c28b8a2742ef61830023bb39809260af94908392cc7c9fdb7ca,2023-07-24 00:00:02+00:00,0.005,0.002737787410956473,,,True,False
0x1e3afb4a670b4c28b8a2742ef61830023bb39809260af94908392cc7c9fdb7ca,2023-07-25 00:00:03+00:00,0.01,0.0,,,True,False
0x1e3afb4a670b4c28b8a2742ef61830023bb39809260af94908392cc7c9fdb7ca,2023-07-26 00:00:02+00:00,0.005,0.0,,,True,False
0x26000a18ec71be1c8dc92eeb52d274d561da9081bdae520968bb27f80ed453df,2023-12-09 00:00:02+00:00,0.51,0.14510602834182573,3.025790727874035,12.108006113941716,False,False
0x26000a18ec71be1c8dc92eeb52d274d561da9081bdae520968bb27f80ed453df,2023-12-10 00:00:02+00:00,0.24,0.14236817755469364,5.510784228159565,30.212632829822176,False,False
0x26000a18ec71be1c8dc92eeb52d274d561da9081bdae520968bb27f80ed453df,2023-12-11 00:00:02+00:00,0.14,0.13963032676756154,7.167394847457589,59.52985753702316,False,False
0x26000a18ec71be1c8dc92eeb52d274d561da9081bdae520968bb27f80ed453df,2023-12-12 00:00:02+00:00,0.13,0.13689247598042945,7.448377537429562,65.8565653176796,False,False
0x26000a18ec71be1c8dc92eeb52d274d561da9081bdae520968bb27f80ed453df,2023-12-13 00:00:02+00:00,0.255,0.13415462519329732,5.482399822854587,28.85853308516693,False,False
0x26000a18ec71be1c8dc92eeb52d274d561da9081bdae520968bb27f80ed453df,2023-12-14 00:00:02+00:00,0.25,0.13141677440616523,5.603663449787671,29.886205065534245,False,False
0x26000a18ec71be1c8dc92eeb52d274d561da9081bdae520968bb27f80ed453df,2023-12-15 00:00:02+00:00,0.015,0.12867892361903313,12.932188482266,875.2750241804399,True,False
0x26000a18ec71be1c8dc92eeb52d274d561da9081bdae520968bb27f80ed453df,2023-12-16 00:00:02+00:00,0.015,0.12594107283190104,13.072000058521633,884.7377366173694,True,False
0x26000a18ec71be1c8dc92eeb52d274d561da9081bdae520968bb27f80ed453df,2023-12-17 00:00:02+00:00,0.015,0.12320322204476893,13.216446507018235,894.5141459910819,True,False
0x26000a18ec71be1c8dc92eeb52d274d561da9081bdae520968bb27f80ed453df,2023-12-18 00:00:02+00:00,0.015,0.12046537125763683,13.36578970405639,904.6219765858808,True,False
0x26000a18ec71be1c8dc92eeb52d274d561da9081bdae520968bb27f80ed453df,2023-12-19 00:00:02+00:00,0.015,0.11772752047050473,13.520312720294312,915.0803871603595,True,False
0x26000a18ec71be1c8dc92eeb52d274d561da9081bdae520968bb27f80ed453df,2023-12-20 00:00:02+00:00,0.015,0.11498966968337263,13.680322078404563,925.9101237498859,True,False
0x26000a18ec71be1c8dc92eeb52d274d561da9081bdae520968bb27f80ed453df,2023-12-21 00:00:03+00:00,0.015,0.11225178720815271,13.846152266166278,937.1338251212371,True,False
0x26000a18ec71be1c8dc92eeb52d274d561da9081bdae520968bb27f80ed453df,2023-12-22 00:00:02+00:00,0.015,0.10951396810910842,14.018158873139713,948.7755582497268,True,False
0x26000a18ec71be1c8dc92eeb52d274d561da9081bdae520968bb27f80ed453df,2023-12-23 00:00:02+00:00,0.015,0.10677611732197632,14.196741450192723,960.8623654952773,True,False
0x26000a18ec71be1c8dc92eeb52d274d561da9081bdae520968bb27f80ed453df,2023-12-24 00:00:02+00:00,0.015,0.10403826653484421,14.382327758961006,973.423198576041,True,False
0x26000a18ec71be1c8dc92eeb52d274d561da9081bdae520968bb27f80ed453df,2023-12-25 00:00:02+00:00,0.015,0.10130041574771212,14.575387896675421,986.4898745634803,True,False
0x26000a18ec71be1c8dc92eeb52d274d561da9081bdae520968bb27f80ed453df,2023-12-26 00:00:02+00:00,0.015,0.09856256496058002,14.776437355472735,1000.0972829423171,True,False
0x26000a18ec71be1c8dc92eeb52d274d561da9081bdae520968bb27f80ed453df,2023-12-27 00:00:03+00:00,0.015,0.09582468248536011,14.986045296360334,1014.2839456081444,True,False
0x26000a18ec71be1c8dc92eeb52d274d561da9081bdae520968bb27f80ed453df,2023-12-28 00:00:03+00:00,0.015,0.093086831698228,15.20483147498541,1029.0918087976588,True,False
0x26000a18ec71be1c8dc92eeb52d274d561da9081bdae520968bb27f80ed453df,2023-12-29 00:00:02+00:00,0.015,0.09034901259918371,15.433485920383301,1044.5675749836414,True,False
0x26000a18ec71be1c8dc92eeb52d274d561da9081bdae520968bb27f80ed453df,2023-12-30 00:00:02+00:00,0.05,0.08761116181205161,12.39116235709526,260.8665759388476,False,False
0x26000a18ec71be1c8dc92eeb52d274d561da9081bdae520968bb27f80ed453df,2023-12-31 00:00:02+00:00,0.035,0.08487331102491952,13.636656189723745,403.74999821535886,True,False
0x26000a18ec71be1c8dc92eeb52d274d561da9081bdae520968bb27f80ed453df,2024-01-01 00:00:02+00:00,0.035,0.08213546023778741,13.86207090905562,410.42400915042543,True,False
0x26000a18ec71be1c8dc92eeb52d274d561da9081bdae520968bb27f80ed453df,2024-01-02 00:00:02+00:00,0.0075,0.07939760945065531,18.222789699363922,2448.0657866483857,True,False
0x26000a18ec71be1c8dc92eeb52d274d561da9081bdae520968bb27f80ed453df,2024-01-03 00:00:02+00:00,0.2455,0.0766597586635232,7.414059922230968,40.02629125305719,False,False
0x26000a18ec71be1c8dc92eeb52d274d561da9081bdae520968bb27f80ed453df,2024-01-04 00:00:02+00:00,0.0155,0.07392190787639111,16.972427666384554,1112.2349754343652,True,False
0x26000a18ec71be1c8dc92eeb52d274d561da9081bdae520968bb27f80ed453df,2024-01-05 00:00:03+00:00,0.2455,0.07118402540117119,7.693935548614286,41.53725602185549,False,False
0x26000a18ec71be1c8dc92eeb52d274d561da9081bdae520968bb27f80ed453df,2024-01-06 00:00:02+00:00,0.013,0.0684462063021269,18.13533281393695,1413.3997984519488,True,False
0x26000a18ec71be1c8dc92eeb52d274d561da9081bdae520968bb27f80ed453df,2024-01-07 00:00:02+00:00,0.0125,0.0657083555149948,18.620983840669865,1508.53539975047,True,False
0x26000a18ec71be1c8dc92eeb52d274d561da9081bdae520968bb27f80ed453df,2024-01-08 00:00:02+00:00,0.0125,0.0629705047278627,19.021481323065743,1540.9807654129208,True,False
0x26000a18ec71be1c8dc92eeb52d274d561da9081bdae520968bb27f80ed453df,2024-01-09 00:00:03+00:00,0.025,0.06023262225264279,17.30231443192521,709.8385407969317,True,False
0x26000a18ec71be1c8dc92eeb52d274d561da9081bdae520968bb27f80ed453df,2024-01-10 00:00:03+00:00,0.5,0.057494771465510686,4.910362476239317,19.64144990495727,False,False
0x26000a18ec71be1c8dc92eeb52d274d561da9081bdae520968bb27f80ed453df,2024-01-11 00:00:03+00:00,0.5,0.05475692067837858,5.031624461692452,20.12649784676981,False,False
0x26000a18ec71be1c8dc92eeb52d274d561da9081bdae520968bb27f80ed453df,2024-01-12 00:00:03+00:00,0.25,0.05201906989124648,8.906686259627076,47.50232671801107,False,False
0x26000a18ec71be1c8dc92eeb52d274d561da9081bdae520968bb27f80ed453df,2024-01-13 00:00:02+00:00,0.045,0.0492812507922022,16.935320162675243,394.07376760151817,True,False
0x26000a18ec71be1c8dc92eeb52d274d561da9081bdae520968bb27f80ed453df,2024-01-14 00:00:02+00:00,0.013,0.046543400005070096,,,True,False
0x26000a18ec71be1c8dc92eeb52d274d561da9081bdae520968bb27f80ed453df,2024-01-15 00:00:03+00:00,0.013,0.04380551752985018,,,True,False
0x26000a18ec71be1c8dc92eeb52d274d561da9081bdae520968bb27f80ed453df,2024-01-16 00:00:02+00:00,0.013,0.04106769843080589,,,True,False
0x26000a18ec71be1c8dc92eeb52d274d561da9081bdae520968bb27f80ed453df,2024-01-17 00:00:03+00:00,0.0065,0.038329815955585975,,,True,False
0x26000a18ec71be1c8dc92eeb52d274d561da9081bdae520968bb27f80ed453df,2024-01-18 00:00:02+00:00,0.005,0.035591996856541686,,,True,False
0x26000a18ec71be1c8dc92eeb52d274d561da9081bdae520968bb27f80ed453df,2024-01-19 00:00:02+00:00,0.005,0.03285414606940959,,,True,False
0x26000a18ec71be1c8dc92eeb52d274d561da9081bdae520968bb27f80ed453df,2024-01-20 00:00:03+00:00,0.005,0.030116263594189674,,,True,False
0x26000a18ec71be1c8dc92eeb52d274d561da9081bdae520968bb27f80ed453df,2024-01-21 00:00:02+00:00,0.005,0.027378444495145385,,,True,False
0x26000a18ec71be1c8dc92eeb52d274d561da9081bdae520968bb27f80ed453df,2024-01-22 00:00:02+00:00,0.005,0.024640593708013282,,,True,False
0x26000a18ec71be1c8dc92eeb52d274d561da9081bdae520968bb27f80ed453df,2024-01-23 00:00:03+00:00,0.005,0.02190271123279337,,,True,False
0x26000a18ec71be1c8dc92eeb52d274d561da9081bdae520968bb27f80ed453df,2024-01-24 00:00:02+00:00,0.005,0.01916489213374908,,,True,False
0x26000a18ec71be1c8dc92eeb52d274d561da9081bdae520968bb27f80ed453df,2024-01-25 00:00:02+00:00,0.015,0.016427041346616978,,,True,False
0x26000a18ec71be1c8dc92eeb52d274d561da9081bdae520968bb27f80ed453df,2024-01-26 00:00:02+00:00,0.015,0.013689190559484879,,,True,False
0x26000a18ec71be1c8dc92eeb52d274d561da9081bdae520968bb27f80ed453df,2024-01-27 00:00:02+00:00,0.004,0.010951339772352776,,,True,False
0x26000a18ec71be1c8dc92eeb52d274d561da9081bdae520968bb27f80ed453df,2024-01-28 00:00:02+00:00,0.0045,0.008213488985220676,,,True,False
0x26000a18ec71be1c8dc92eeb52d274d561da9081bdae520968bb27f80ed453df,2024-01-29 00:00:02+00:00,0.004,0.005475638198088575,,,True,False
0x26000a18ec71be1c8dc92eeb52d274d561da9081bdae520968bb27f80ed453df,2024-01-30 00:00:02+00:00,0.003,0.002737787410956473,,,True,False
0x26000a18ec71be1c8dc92eeb52d274d561da9081bdae520968bb27f80ed453df,2024-01-31 00:00:02+00:00,0.002,0.0,,,True,False
0x260fd9d6b10746909a26c2af7a68b409f757c95a07dc57ddd480774a36c8399b,2024-03-22 00:00:02+00:00,0.28,0.774811709382209,2.1546706752088323,10.687850571472381,False,False
0x260fd9d6b10746909a26c2af7a68b409f757c95a07dc57ddd480774a36c8399b,2024-03-23 00:00:03+00:00,0.315,0.7720738269069891,1.9960373254969965,9.250549533064518,False,False
0x260fd9d6b10746909a26c2af7a68b409f757c95a07dc57ddd480774a36c8399b,2024-03-24 00:00:03+00:00,0.315,0.769335976119857,1.9995858395375372,9.266994969470685,False,False
0x260fd9d6b10746909a26c2af7a68b409f757c95a07dc57ddd480774a36c8399b,2024-03-25 00:00:03+00:00,0.32,0.7665981253327249,1.9811404059739162,9.104505542159542,False,False
0x260fd9d6b10746909a26c2af7a68b409f757c95a07dc57ddd480774a36c8399b,2024-03-26 00:00:02+00:00,0.325,0.7638603062336806,1.9629310130395121,8.947833677672989,False,False
0x260fd9d6b10746909a26c2af7a68b409f757c95a07dc57ddd480774a36c8399b,2024-03-27 00:00:03+00:00,0.335,0.7611224237584607,1.9237275427976233,8.635293649635834,False,False
0x260fd9d6b10746909a26c2af7a68b409f757c95a07dc57ddd480774a36c8399b,2024-03-28 00:00:03+00:00,0.33,0.7583845729713287,1.9484593586586358,8.81257059547099,False,False
0x260fd9d6b10746909a26c2af7a68b409f757c95a07dc57ddd480774a36c8399b,2024-03-29 00:00:02+00:00,0.33,0.7556467538722843,1.951985944332986,8.828520779434582,False,False
0x260fd9d6b10746909a26c2af7a68b409f757c95a07dc57ddd480774a36c8399b,2024-03-30 00:00:02+00:00,0.33,0.7529089030851522,1.9555317894145796,8.84455807062225,False,False
0x260fd9d6b10746909a26c2af7a68b409f757c95a07dc57ddd480774a36c8399b,2024-03-31 00:00:03+00:00,0.345,0.7501710206099323,1.8957884017669775,8.389372283513564,False,False
0x260fd9d6b10746909a26c2af7a68b409f757c95a07dc57ddd480774a36c8399b,2024-04-01 00:00:02+00:00,0.33,0.747433201510888,1.962681838697308,8.876896601977874,False,False
0x260fd9d6b10746909a26c2af7a68b409f757c95a07dc57ddd480774a36c8399b,2024-04-02 00:00:03+00:00,0.325,0.7446953190356681,1.9880289115190513,9.062240052508495,False,False
0x260fd9d6b10746909a26c2af7a68b409f757c95a07dc57ddd480774a36c8399b,2024-04-03 00:00:03+00:00,0.32,0.741957468248536,2.0137688874789488,9.254452607899582,False,False
0x260fd9d6b10746909a26c2af7a68b409f757c95a07dc57ddd480774a36c8399b,2024-04-04 00:00:03+00:00,0.31,0.7392196174614039,2.0626366196040644,9.642994949060611,False,False
0x260fd9d6b10746909a26c2af7a68b409f757c95a07dc57ddd480774a36c8399b,2024-04-05 00:00:03+00:00,0.31,0.7364817666742718,2.0664669606674364,9.660902106907137,False,False
0x260fd9d6b10746909a26c2af7a68b409f757c95a07dc57ddd480774a36c8399b,2024-04-06 00:00:03+00:00,0.285,0.7337439158871397,2.1893007485040648,10.743716101111838,False,False
0x260fd9d6b10746909a26c2af7a68b409f757c95a07dc57ddd480774a36c8399b,2024-04-07 00:00:02+00:00,0.29,0.7310060967880955,2.1688666989401377,10.533592515493629,False,False
0x260fd9d6b10746909a26c2af7a68b409f757c95a07dc57ddd480774a36c8399b,2024-04-08 00:00:03+00:00,0.29,0.7282682143128755,2.172939739263399,10.5533741586372,False,False
0x260fd9d6b10746909a26c2af7a68b409f757c95a07dc57ddd480774a36c8399b,2024-04-09 00:00:03+00:00,0.28,0.7255303635257434,2.226646080158191,11.044871429356105,False,False
0x260fd9d6b10746909a26c2af7a68b409f757c95a07dc57ddd480774a36c8399b,2024-04-10 00:00:03+00:00,0.28,0.7227925127386113,2.2308592274880494,11.065769977619293,False,False
0x260fd9d6b10746909a26c2af7a68b409f757c95a07dc57ddd480774a36c8399b,2024-04-11 00:00:03+00:00,0.17,0.7200546619514792,2.9104122760262294,20.62659302640843,False,False
0x260fd9d6b10746909a26c2af7a68b409f757c95a07dc57ddd480774a36c8399b,2024-04-12 00:00:03+00:00,0.165,0.7173168111643471,2.954437112960041,21.443927511958197,False,False
0x260fd9d6b10746909a26c2af7a68b409f757c95a07dc57ddd480774a36c8399b,2024-04-13 00:00:02+00:00,0.165,0.7145789920653028,2.9600914783482986,21.48496808817491,False,False
0x260fd9d6b10746909a26c2af7a68b409f757c95a07dc57ddd480774a36c8399b,2024-04-14 00:00:03+00:00,0.165,0.7118411095900828,2.965778565437013,21.526246165392944,False,False
0x260fd9d6b10746909a26c2af7a68b409f757c95a07dc57ddd480774a36c8399b,2024-04-15 00:00:03+00:00,0.165,0.7091032588029508,2.971498491604631,21.567762595569814,False,False
0x260fd9d6b10746909a26c2af7a68b409f757c95a07dc57ddd480774a36c8399b,2024-04-16 00:00:03+00:00,0.165,0.7063654080158187,2.977251641020138,21.609520167085016,False,False
0x260fd9d6b10746909a26c2af7a68b409f757c95a07dc57ddd480774a36c8399b,2024-04-17 00:00:03+00:00,0.145,0.7036275572286866,3.14860635477971,25.39710711659375,False,False
0x260fd9d6b10746909a26c2af7a68b409f757c95a07dc57ddd480774a36c8399b,2024-04-18 00:00:03+00:00,0.145,0.7008897064415545,3.1547499836096766,25.446662501388804,False,False
0x260fd9d6b10746909a26c2af7a68b409f757c95a07dc57ddd480774a36c8399b,2024-04-19 00:00:03+00:00,0.135,0.6981518556544224,3.251081622898779,27.840561960169374,False,False
0x260fd9d6b10746909a26c2af7a68b409f757c95a07dc57ddd480774a36c8399b,2024-04-20 00:00:02+00:00,0.14,0.6954140365553781,3.211659396121198,26.674911927916927,False,False
0x260fd9d6b10746909a26c2af7a68b409f757c95a07dc57ddd480774a36c8399b,2024-04-21 00:00:03+00:00,0.135,0.6926761540801581,3.2639064540272367,27.950387103637222,False,False
0x260fd9d6b10746909a26c2af7a68b409f757c95a07dc57ddd480774a36c8399b,2024-04-22 00:00:03+00:00,0.13,0.6899383032930261,3.317770512047381,29.33484095532609,False,False
0x260fd9d6b10746909a26c2af7a68b409f757c95a07dc57ddd480774a36c8399b,2024-04-23 00:00:02+00:00,0.105,0.6872004841939818,3.5867980671359483,38.167577197509424,False,False
0x260fd9d6b10746909a26c2af7a68b409f757c95a07dc57ddd480774a36c8399b,2024-04-24 00:00:03+00:00,0.11,0.6844626017187618,3.537585033407711,36.13467858434842,False,False
0x260fd9d6b10746909a26c2af7a68b409f757c95a07dc57ddd480774a36c8399b,2024-04-25 00:00:03+00:00,0.105,0.6817247509316298,3.6011741539409248,38.32055497675898,False,False
0x260fd9d6b10746909a26c2af7a68b409f757c95a07dc57ddd480774a36c8399b,2024-04-26 00:00:02+00:00,0.08,0.6789869318325855,3.929875884777836,53.39505278230755,False,False
0x260fd9d6b10746909a26c2af7a68b409f757c95a07dc57ddd480774a36c8399b,2024-04-27 00:00:03+00:00,0.08,0.6762490493573656,3.9378231565456625,53.503032018283456,False,False
0x260fd9d6b10746909a26c2af7a68b409f757c95a07dc57ddd480774a36c8399b,2024-04-28 00:00:03+00:00,0.085,0.6735111985702334,3.8752225943834633,49.82607000171601,False,False
0x260fd9d6b10746909a26c2af7a68b409f757c95a07dc57ddd480774a36c8399b,2024-04-29 00:00:03+00:00,0.085,0.6707733477831014,3.8831231594511366,49.9276523233833,False,False
0x260fd9d6b10746909a26c2af7a68b409f757c95a07dc57ddd480774a36c8399b,2024-04-30 00:00:04+00:00,0.095,0.6680354653078815,3.759014060895636,43.722175759181575,False,False
0x260fd9d6b10746909a26c2af7a68b409f757c95a07dc57ddd480774a36c8399b,2024-05-01 00:00:03+00:00,0.09,0.6652976462088371,3.8313969626084328,46.781403694852656,False,False
0x260fd9d6b10746909a26c2af7a68b409f757c95a07dc57ddd480774a36c8399b,2024-05-02 00:00:03+00:00,0.085,0.6625597954217051,3.9071179730549415,50.2361680881381,False,False
0x260fd9d6b10746909a26c2af7a68b409f757c95a07dc57ddd480774a36c8399b,2024-05-03 00:00:03+00:00,0.095,0.659821944634573,3.7823379670674586,43.99346283300329,False,False
0x260fd9d6b10746909a26c2af7a68b409f757c95a07dc57ddd480774a36c8399b,2024-05-04 00:00:03+00:00,0.125,0.6570840938474408,3.449802725485462,31.541053490152795,False,False
0x260fd9d6b10746909a26c2af7a68b409f757c95a07dc57ddd480774a36c8399b,2024-05-05 00:00:03+00:00,0.09,0.6543462430603088,3.8633258272793953,47.17125552233694,False,False
0x260fd9d6b10746909a26c2af7a68b409f757c95a07dc57ddd480774a36c8399b,2024-05-06 00:00:02+00:00,0.09,0.6516084239612645,3.8714334574668223,47.27024978591969,False,False
0x260fd9d6b10746909a26c2af7a68b409f757c95a07dc57ddd480774a36c8399b,2024-05-07 00:00:02+00:00,0.09,0.6488705731741323,3.879592441933406,47.369871085877975,False,False
0x260fd9d6b10746909a26c2af7a68b409f757c95a07dc57ddd480774a36c8399b,2024-05-08 00:00:03+00:00,0.085,0.6461326906989124,3.9564730058576805,50.87075545943658,False,False
0x260fd9d6b10746909a26c2af7a68b409f757c95a07dc57ddd480774a36c8399b,2024-05-09 00:00:03+00:00,0.085,0.6433948399117804,3.9648820984256887,50.978876225338325,False,False
0x260fd9d6b10746909a26c2af7a68b409f757c95a07dc57ddd480774a36c8399b,2024-05-10 00:00:03+00:00,0.095,0.6406569891246483,3.838494526974362,44.646635963644805,False,False
0x260fd9d6b10746909a26c2af7a68b409f757c95a07dc57ddd480774a36c8399b,2024-05-11 00:00:04+00:00,0.095,0.6379191066494283,3.846722917270794,44.742342742318044,False,False
0x260fd9d6b10746909a26c2af7a68b409f757c95a07dc57ddd480774a36c8399b,2024-05-12 00:00:03+00:00,0.095,0.635181287550384,3.8550042595103293,44.83866542030042,False,False
0x260fd9d6b10746909a26c2af7a68b409f757c95a07dc57ddd480774a36c8399b,2024-05-13 00:00:04+00:00,0.095,0.6324434050751642,3.8633395116226388,44.93561513954799,False,False
0x260fd9d6b10746909a26c2af7a68b409f757c95a07dc57ddd480774a36c8399b,2024-05-14 00:00:03+00:00,0.095,0.6297055859761198,3.871728870966028,45.03319419559206,False,False
0x260fd9d6b10746909a26c2af7a68b409f757c95a07dc57ddd480774a36c8399b,2024-05-15 00:00:04+00:00,0.095,0.6269677035008999,3.880173318109211,45.13141399370992,False,False
0x260fd9d6b10746909a26c2af7a68b409f757c95a07dc57ddd480774a36c8399b,2024-05-16 00:00:04+00:00,0.11,0.6242298527137679,3.704328411735234,37.83787958871537,False,False
0x260fd9d6b10746909a26c2af7a68b409f757c95a07dc57ddd480774a36c8399b,2024-05-17 00:00:03+00:00,0.105,0.6214920336147236,3.771645552894863,40.13456294647367,False,False
0x260fd9d6b10746909a26c2af7a68b409f757c95a07dc57ddd480774a36c8399b,2024-05-18 00:00:03+00:00,0.105,0.6187541828275914,3.7799806926334143,40.223258234992436,False,False
0x260fd9d6b10746909a26c2af7a68b409f757c95a07dc57ddd480774a36c8399b,2024-05-19 00:00:03+00:00,0.13,0.6160163320404594,3.5111983018509036,31.045077823615415,False,False
0x260fd9d6b10746909a26c2af7a68b409f757c95a07dc57ddd480774a36c8399b,2024-05-20 00:00:03+00:00,0.13,0.6132784812533273,3.519027071537687,31.11429771474524,False,False
0x260fd9d6b10746909a26c2af7a68b409f757c95a07dc57ddd480774a36c8399b,2024-05-21 00:00:03+00:00,0.125,0.6105406304661951,3.578882603786384,32.72121237747551,False,False
0x260fd9d6b10746909a26c2af7a68b409f757c95a07dc57ddd480774a36c8399b,2024-05-22 00:00:03+00:00,0.125,0.607802779679063,3.5869340946440484,32.794826008174155,False,False
0x260fd9d6b10746909a26c2af7a68b409f757c95a07dc57ddd480774a36c8399b,2024-05-23 00:00:03+00:00,0.13,0.605064928891931,3.5428313629195287,31.324768902913604,False,False
0x260fd9d6b10746909a26c2af7a68b409f757c95a07dc57ddd480774a36c8399b,2024-05-24 00:00:03+00:00,0.13,0.6023270781047988,3.5508741245105346,31.395880853320374,False,False
0x260fd9d6b10746909a26c2af7a68b409f757c95a07dc57ddd480774a36c8399b,2024-05-25 00:00:03+00:00,0.13,0.5995892273176667,3.5589719108237805,31.467479317628474,False,False
0x260fd9d6b10746909a26c2af7a68b409f757c95a07dc57ddd480774a36c8399b,2024-05-26 00:00:03+00:00,0.115,0.5968513765305347,3.730154052135522,36.65098552822915,False,False
0x260fd9d6b10746909a26c2af7a68b409f757c95a07dc57ddd480774a36c8399b,2024-05-27 00:00:03+00:00,0.115,0.5941135257434026,3.7387389993902898,36.73533774886062,False,False
0x260fd9d6b10746909a26c2af7a68b409f757c95a07dc57ddd480774a36c8399b,2024-05-28 00:00:03+00:00,0.11,0.5913756749562704,3.8058355749837465,38.87472497429771,False,False
0x260fd9d6b10746909a26c2af7a68b409f757c95a07dc57ddd480774a36c8399b,2024-05-29 00:00:04+00:00,0.11,0.5886377924810505,3.814676191753818,38.965027494931746,False,False
0x260fd9d6b10746909a26c2af7a68b409f757c95a07dc57ddd480774a36c8399b,2024-05-30 00:00:03+00:00,0.11,0.5858999733820063,3.8235784972330564,39.055960135169116,False,False
0x260fd9d6b10746909a26c2af7a68b409f757c95a07dc57ddd480774a36c8399b,2024-05-31 00:00:03+00:00,0.105,0.5831621225948741,3.893623921504322,41.43255037514575,False,False
0x260fd9d6b10746909a26c2af7a68b409f757c95a07dc57ddd480774a36c8399b,2024-06-01 00:00:03+00:00,0.1,0.580424271807742,3.966444341972752,44.071603799697236,False,False
0x260fd9d6b10746909a26c2af7a68b409f757c95a07dc57ddd480774a36c8399b,2024-06-02 00:00:03+00:00,0.1,0.57768642102061,3.975832390593866,44.175915451042954,False,False
0x260fd9d6b10746909a26c2af7a68b409f757c95a07dc57ddd480774a36c8399b,2024-06-03 00:00:03+00:00,0.1,0.5749485702334778,3.9852874171526915,44.28097130169657,False,False
0x260fd9d6b10746909a26c2af7a68b409f757c95a07dc57ddd480774a36c8399b,2024-06-04 00:00:02+00:00,0.105,0.5722107511344335,3.9307067883009923,41.827153905836575,False,False
0x260fd9d6b10746909a26c2af7a68b409f757c95a07dc57ddd480774a36c8399b,2024-06-05 00:00:02+00:00,0.115,0.5694729003473015,3.8187685486916454,37.521675742487304,False,False
0x260fd9d6b10746909a26c2af7a68b409f757c95a07dc57ddd480774a36c8399b,2024-06-06 00:00:03+00:00,0.105,0.5667350178720816,3.9496501758260223,42.02873291647802,False,False
0x260fd9d6b10746909a26c2af7a68b409f757c95a07dc57ddd480774a36c8399b,2024-06-07 00:00:02+00:00,0.105,0.5639971987730372,3.9592249897426592,42.13061973655397,False,False
0x260fd9d6b10746909a26c2af7a68b409f757c95a07dc57ddd480774a36c8399b,2024-06-08 00:00:02+00:00,0.1,0.5612593479859052,4.03359558933261,44.81772877036233,False,False
0x260fd9d6b10746909a26c2af7a68b409f757c95a07dc57ddd480774a36c8399b,2024-06-09 00:00:03+00:00,0.085,0.5585214655106853,4.255485644121773,54.71534097231466,False,False
0x260fd9d6b10746909a26c2af7a68b409f757c95a07dc57ddd480774a36c8399b,2024-06-10 00:00:04+00:00,0.085,0.5557835830354653,4.265954382711595,54.84994384714361,False,False
0x260fd9d6b10746909a26c2af7a68b409f757c95a07dc57ddd480774a36c8399b,2024-06-11 00:00:02+00:00,0.085,0.5530457956245088,4.276500396935735,54.985540301327354,False,False
0x260fd9d6b10746909a26c2af7a68b409f757c95a07dc57ddd480774a36c8399b,2024-06-12 00:00:03+00:00,0.075,0.550307913149289,4.447460204713493,64.10753448235664,False,False
0x260fd9d6b10746909a26c2af7a68b409f757c95a07dc57ddd480774a36c8399b,2024-06-13 00:00:03+00:00,0.07,0.5475700623621568,4.54568385215898,69.82617284422396,False,False
0x260fd9d6b10746909a26c2af7a68b409f757c95a07dc57ddd480774a36c8399b,2024-06-14 00:00:03+00:00,0.075,0.5448322115750247,4.469753381883581,64.42887757670026,False,False
0x260fd9d6b10746909a26c2af7a68b409f757c95a07dc57ddd480774a36c8399b,2024-06-15 00:00:04+00:00,0.085,0.5420943290998048,4.3194816378686225,55.538175993167755,False,False
0x260fd9d6b10746909a26c2af7a68b409f757c95a07dc57ddd480774a36c8399b,2024-06-16 00:00:04+00:00,0.085,0.5393564783126727,4.330430914374644,55.67895743329661,False,False
0x260fd9d6b10746909a26c2af7a68b409f757c95a07dc57ddd480774a36c8399b,2024-06-17 00:00:04+00:00,0.095,0.5366186275255406,4.194119861848392,48.783016712397696,False,False
0x260fd9d6b10746909a26c2af7a68b409f757c95a07dc57ddd480774a36c8399b,2024-06-18 00:00:03+00:00,0.095,0.5338808084264963,4.204860140961942,48.907939993741685,False,False
0x260fd9d6b10746909a26c2af7a68b409f757c95a07dc57ddd480774a36c8399b,2024-06-19 00:00:03+00:00,0.095,0.5311429576393643,4.215683481627245,49.033829387929565,False,False
0x260fd9d6b10746909a26c2af7a68b409f757c95a07dc57ddd480774a36c8399b,2024-06-20 00:00:04+00:00,0.095,0.5284050751641443,4.2265909596801325,49.16069740831791,False,False
0x260fd9d6b10746909a26c2af7a68b409f757c95a07dc57ddd480774a36c8399b,2024-06-21 00:00:03+00:00,0.095,0.5256672560651,4.237583287392736,49.28855233954912,False,False
0x260fd9d6b10746909a26c2af7a68b409f757c95a07dc57ddd480774a36c8399b,2024-06-22 00:00:02+00:00,0.095,0.5229294369660558,4.248661828698793,49.41741004592955,False,False
0x260fd9d6b10746909a26c2af7a68b409f757c95a07dc57ddd480774a36c8399b,2024-06-23 00:00:03+00:00,0.095,0.5201915544908358,4.259827975981015,49.54728672266373,False,False
0x260fd9d6b10746909a26c2af7a68b409f757c95a07dc57ddd480774a36c8399b,2024-06-24 00:00:03+00:00,0.095,0.5174537037037037,4.271082496935799,49.67819129904971,False,False
0x260fd9d6b10746909a26c2af7a68b409f757c95a07dc57ddd480774a36c8399b,2024-06-25 00:00:03+00:00,0.1,0.5147158529165716,4.212019517358333,46.800216859537024,False,False
0x260fd9d6b10746909a26c2af7a68b409f757c95a07dc57ddd480774a36c8399b,2024-06-26 00:00:03+00:00,0.1,0.5119780021294394,4.223266587575865,46.92518430639849,False,False
0x260fd9d6b10746909a26c2af7a68b409f757c95a07dc57ddd480774a36c8399b,2024-06-27 00:00:02+00:00,0.1,0.5092401830303952,4.23460410676079,47.05115674178654,False,False
0x260fd9d6b10746909a26c2af7a68b409f757c95a07dc57ddd480774a36c8399b,2024-06-28 00:00:03+00:00,0.095,0.5065023005551753,4.317009444216849,50.212380857421905,False,False
0x260fd9d6b10746909a26c2af7a68b409f757c95a07dc57ddd480774a36c8399b,2024-06-29 00:00:02+00:00,0.095,0.5037644814561311,4.328724418506647,50.348641099234044,False,False
0x260fd9d6b10746909a26c2af7a68b409f757c95a07dc57ddd480774a36c8399b,2024-06-30 00:00:02+00:00,0.095,0.5010266306689989,4.340535422629353,50.48601829170517,False,False
0x260fd9d6b10746909a26c2af7a68b409f757c95a07dc57ddd480774a36c8399b,2024-07-01 00:00:02+00:00,0.095,0.4982887798818668,4.352443636971439,50.624526164250526,False,False
0x260fd9d6b10746909a26c2af7a68b409f757c95a07dc57ddd480774a36c8399b,2024-07-02 00:00:03+00:00,0.115,0.4955508974066469,4.093697376341801,40.223015242857294,False,False
0x260fd9d6b10746909a26c2af7a68b409f757c95a07dc57ddd480774a36c8399b,2024-07-03 00:00:02+00:00,0.1,0.4928130783076026,4.304602314100996,47.82891460112217,False,False
0x260fd9d6b10746909a26c2af7a68b409f757c95a07dc57ddd480774a36c8399b,2024-07-04 00:00:03+00:00,0.085,0.4900751958323827,4.542947344887173,58.41140912744677,False,False
0x260fd9d6b10746909a26c2af7a68b409f757c95a07dc57ddd480774a36c8399b,2024-07-05 00:00:02+00:00,0.095,0.4873373767333384,4.4010758078556975,51.19018095790285,False,False
0x260fd9d6b10746909a26c2af7a68b409f757c95a07dc57ddd480774a36c8399b,2024-07-06 00:00:02+00:00,0.165,0.4845995259462063,3.594502270586684,26.089655384407067,False,False
0x260fd9d6b10746909a26c2af7a68b409f757c95a07dc57ddd480774a36c8399b,2024-07-07 00:00:02+00:00,0.105,0.4818616751590742,4.283388461199648,45.580084716144164,False,False
0x260fd9d6b10746909a26c2af7a68b409f757c95a07dc57ddd480774a36c8399b,2024-07-08 00:00:02+00:00,0.105,0.4791238243719421,4.295609282096313,45.71012803507649,False,False
0x260fd9d6b10746909a26c2af7a68b409f757c95a07dc57ddd480774a36c8399b,2024-07-09 00:00:02+00:00,0.105,0.47638597358481,4.3079353041739905,45.841290813237464,False,False
0x260fd9d6b10746909a26c2af7a68b409f757c95a07dc57ddd480774a36c8399b,2024-07-10 00:00:03+00:00,0.105,0.4736480911095901,4.320368189919708,45.973590741364276,False,False
0x260fd9d6b10746909a26c2af7a68b409f757c95a07dc57ddd480774a36c8399b,2024-07-11 00:00:03+00:00,0.125,0.470910240322458,4.075075606457356,37.25783411618154,False,False
0x260fd9d6b10746909a26c2af7a68b409f757c95a07dc57ddd480774a36c8399b,2024-07-12 00:00:02+00:00,0.27,0.4681724212234137,2.8355237378160845,14.386218862587947,False,False
0x260fd9d6b10746909a26c2af7a68b409f757c95a07dc57ddd480774a36c8399b,2024-07-13 00:00:03+00:00,0.27,0.4654345387481938,2.8438513830201644,14.428469726129702,False,False
0x260fd9d6b10746909a26c2af7a68b409f757c95a07dc57ddd480774a36c8399b,2024-07-14 00:00:02+00:00,0.305,0.4626967196491495,2.6362449693518015,12.436584358305467,False,False
0x260fd9d6b10746909a26c2af7a68b409f757c95a07dc57ddd480774a36c8399b,2024-07-15 00:00:03+00:00,0.28,0.4599588371739296,2.796530144301197,13.871677303081334,False,False
0x260fd9d6b10746909a26c2af7a68b409f757c95a07dc57ddd480774a36c8399b,2024-07-16 00:00:02+00:00,0.28,0.4572210180748853,2.804890396771704,13.913146809383452,False,False
0x260fd9d6b10746909a26c2af7a68b409f757c95a07dc57ddd480774a36c8399b,2024-07-17 00:00:01+00:00,0.305,0.454483198975841,2.659959705070654,12.548459512068186,False,False
0x260fd9d6b10746909a26c2af7a68b409f757c95a07dc57ddd480774a36c8399b,2024-07-18 00:00:02+00:00,0.325,0.4517453165006211,2.5524966373476037,11.635312306997623,False,False
0x260fd9d6b10746909a26c2af7a68b409f757c95a07dc57ddd480774a36c8399b,2024-07-19 00:00:01+00:00,0.325,0.4490074974015768,2.5602667232641965,11.670731502059015,False,False
0x260fd9d6b10746909a26c2af7a68b409f757c95a07dc57ddd480774a36c8399b,2024-07-20 00:00:01+00:00,0.305,0.4462696466144447,2.6843262587297203,12.663409641371482,False,False
0x260fd9d6b10746909a26c2af7a68b409f757c95a07dc57ddd480774a36c8399b,2024-07-21 00:00:01+00:00,0.305,0.4435317958273126,2.6925984707897506,12.702434111521407,False,False
0x260fd9d6b10746909a26c2af7a68b409f757c95a07dc57ddd480774a36c8399b,2024-07-22 00:00:01+00:00,0.305,0.4407939450401805,2.700947633972013,12.741821601471932,False,False
0x260fd9d6b10746909a26c2af7a68b409f757c95a07dc57ddd480774a36c8399b,2024-07-23 00:00:01+00:00,0.305,0.43805609425304837,2.709374948768888,12.781577774590813,False,False
0x260fd9d6b10746909a26c2af7a68b409f757c95a07dc57ddd480774a36c8399b,2024-07-24 00:00:01+00:00,0.31,0.4353182434659163,2.6878562083705986,12.565947678216919,False,False
0x260fd9d6b10746909a26c2af7a68b409f757c95a07dc57ddd480774a36c8399b,2024-07-25 00:00:01+00:00,0.31,0.4325803926787842,2.6963486668303034,12.605650616317455,False,False
0x260fd9d6b10746909a26c2af7a68b409f757c95a07dc57ddd480774a36c8399b,2024-07-26 00:00:02+00:00,0.355,0.4298425102035643,2.4504777229311667,10.701944417212214,False,False
0x260fd9d6b10746909a26c2af7a68b409f757c95a07dc57ddd480774a36c8399b,2024-07-27 00:00:02+00:00,0.355,0.42710465941643216,2.458319272848613,10.73619073195158,False,False
0x260fd9d6b10746909a26c2af7a68b409f757c95a07dc57ddd480774a36c8399b,2024-07-28 00:00:02+00:00,0.35,0.4243668086293001,2.493232208568063,10.959262455244234,False,False
0x260fd9d6b10746909a26c2af7a68b409f757c95a07dc57ddd480774a36c8399b,2024-07-29 00:00:02+00:00,0.35,0.421628957842168,2.5013140209551867,10.994786905297525,False,False
0x260fd9d6b10746909a26c2af7a68b409f757c95a07dc57ddd480774a36c8399b,2024-07-30 00:00:01+00:00,0.36,0.41889113874312367,2.4554719682066515,10.657430417563592,False,False
0x260fd9d6b10746909a26c2af7a68b409f757c95a07dc57ddd480774a36c8399b,2024-07-31 00:00:02+00:00,0.38,0.4161532562679038,2.3591312257699726,10.013290431960835,False,False
0x260fd9d6b10746909a26c2af7a68b409f757c95a07dc57ddd480774a36c8399b,2024-08-01 00:00:02+00:00,0.35,0.41341540548077166,2.5260393112737285,11.103469500104302,False,False
0x260fd9d6b10746909a26c2af7a68b409f757c95a07dc57ddd480774a36c8399b,2024-08-02 00:00:01+00:00,0.45,0.41067758638172736,2.0438103518100883,8.257819603273083,False,False
0x260fd9d6b10746909a26c2af7a68b409f757c95a07dc57ddd480774a36c8399b,2024-08-03 00:00:02+00:00,0.195,0.40793970390650747,3.628355551875332,23.11422552556351,False,False
0x260fd9d6b10746909a26c2af7a68b409f757c95a07dc57ddd480774a36c8399b,2024-08-04 00:00:01+00:00,0.275,0.40520188480746316,3.0134393194987474,15.114429188708451,False,False
0x260fd9d6b10746909a26c2af7a68b409f757c95a07dc57ddd480774a36c8399b,2024-08-05 00:00:01+00:00,0.245,0.4024640340203311,3.239531802303113,17.513349383987638,False,False
0x260fd9d6b10746909a26c2af7a68b409f757c95a07dc57ddd480774a36c8399b,2024-08-06 00:00:01+00:00,0.185,0.399726183233199,3.7585853308726986,24.92843860635184,False,False
0x260fd9d6b10746909a26c2af7a68b409f757c95a07dc57ddd480774a36c8399b,2024-08-07 00:00:01+00:00,0.26,0.39698833244606685,3.150532182649145,16.374907394226323,False,False
0x260fd9d6b10746909a26c2af7a68b409f757c95a07dc57ddd480774a36c8399b,2024-08-08 00:00:01+00:00,0.235,0.3942504816589348,3.350695639703233,18.638273618151764,False,False
0x260fd9d6b10746909a26c2af7a68b409f757c95a07dc57ddd480774a36c8399b,2024-08-09 00:00:02+00:00,0.28,0.39151259918371484,3.0311408496331094,15.035420881116615,False,False
0x260fd9d6b10746909a26c2af7a68b409f757c95a07dc57ddd480774a36c8399b,2024-08-10 00:00:02+00:00,0.32,0.38877474839658277,2.7819550440821845,12.784719871701217,False,False
0x260fd9d6b10746909a26c2af7a68b409f757c95a07dc57ddd480774a36c8399b,2024-08-11 00:00:01+00:00,0.325,0.38603692929753847,2.7611982009991074,12.586658466092796,False,False
0x260fd9d6b10746909a26c2af7a68b409f757c95a07dc57ddd480774a36c8399b,2024-08-12 00:00:01+00:00,0.335,0.38329907851040634,2.7108278199702966,12.168456155180323,False,False
0x260fd9d6b10746909a26c2af7a68b409f757c95a07dc57ddd480774a36c8399b,2024-08-13 00:00:02+00:00,0.345,0.38056119603518646,2.6616917095957984,11.778699898642763,False,False
0x260fd9d6b10746909a26c2af7a68b409f757c95a07dc57ddd480774a36c8399b,2024-08-14 00:00:02+00:00,0.35,0.37782334524805433,2.6423420644827598,11.614690393330813,False,False
0x260fd9d6b10746909a26c2af7a68b409f757c95a07dc57ddd480774a36c8399b,2024-08-15 00:00:02+00:00,0.365,0.37508549446092226,2.5668957967558983,11.074946809431122,False,False
0x260fd9d6b10746909a26c2af7a68b409f757c95a07dc57ddd480774a36c8399b,2024-08-16 00:00:02+00:00,0.385,0.37234764367379014,2.46728279071183,10.420368665238433,False,False
0x260fd9d6b10746909a26c2af7a68b409f757c95a07dc57ddd480774a36c8399b,2024-08-17 00:00:02+00:00,0.39,0.3696097928866581,2.449862602509717,10.297867181629748,False,False
0x260fd9d6b10746909a26c2af7a68b409f757c95a07dc57ddd480774a36c8399b,2024-08-18 00:00:02+00:00,0.385,0.36687194209952595,2.4856271564134587,10.497844605272764,False,False
0x260fd9d6b10746909a26c2af7a68b409f757c95a07dc57ddd480774a36c8399b,2024-08-19 00:00:02+00:00,0.345,0.3641340913123938,2.721067612531441,12.041454198612417,False,False
0x260fd9d6b10746909a26c2af7a68b409f757c95a07dc57ddd480774a36c8399b,2024-08-20 00:00:01+00:00,0.355,0.3613962722133496,2.6724747238420505,11.671469478510977,False,False
0x260fd9d6b10746909a26c2af7a68b409f757c95a07dc57ddd480774a36c8399b,2024-08-21 00:00:02+00:00,0.355,0.35865838973812963,2.682655736206684,11.715932901874371,False,False
0x260fd9d6b10746909a26c2af7a68b409f757c95a07dc57ddd480774a36c8399b,2024-08-22 00:00:02+00:00,0.35,0.35592053895099757,2.722431165729026,11.966730398808906,False,False
0x260fd9d6b10746909a26c2af7a68b409f757c95a07dc57ddd480774a36c8399b,2024-08-23 00:00:02+00:00,0.36,0.35318268816386544,2.674150609923477,11.60655646668176,False,False
0x260fd9d6b10746909a26c2af7a68b409f757c95a07dc57ddd480774a36c8399b,2024-08-24 00:00:02+00:00,0.38,0.3504448373767333,2.5708036886235024,10.911730427094662,False,False
0x260fd9d6b10746909a26c2af7a68b409f757c95a07dc57ddd480774a36c8399b,2024-08-25 00:00:01+00:00,0.355,0.3477070182776891,2.7245746543691647,11.899004932281537,False,False
0x260fd9d6b10746909a26c2af7a68b409f757c95a07dc57ddd480774a36c8399b,2024-08-26 00:00:02+00:00,0.355,0.34496913580246913,2.7353652178892363,11.946130441704275,False,False
0x260fd9d6b10746909a26c2af7a68b409f757c95a07dc57ddd480774a36c8399b,2024-08-27 00:00:01+00:00,0.36,0.3422313167034248,2.7165999799585863,11.790798524125808,False,False
0x260fd9d6b10746909a26c2af7a68b409f757c95a07dc57ddd480774a36c8399b,2024-08-28 00:00:01+00:00,0.36,0.33949346591629276,2.727532017016941,11.838246601636028,False,False
0x260fd9d6b10746909a26c2af7a68b409f757c95a07dc57ddd480774a36c8399b,2024-08-29 00:00:02+00:00,0.36,0.3367555834410728,2.738597230947302,11.886272703764332,False,False
0x260fd9d6b10746909a26c2af7a68b409f757c95a07dc57ddd480774a36c8399b,2024-08-30 00:00:02+00:00,0.365,0.33401773265394075,2.7201234317686502,11.736051911416892,False,False
0x260fd9d6b10746909a26c2af7a68b409f757c95a07dc57ddd480774a36c8399b,2024-08-31 00:00:02+00:00,0.365,0.3312798818668086,2.7313404853410477,11.784448216335013,False,False
0x260fd9d6b10746909a26c2af7a68b409f757c95a07dc57ddd480774a36c8399b,2024-09-01 00:00:02+00:00,0.365,0.32854203107967656,2.7426974616083055,11.833448221802634,False,False
0x260fd9d6b10746909a26c2af7a68b409f757c95a07dc57ddd480774a36c8399b,2024-09-02 00:00:02+00:00,0.365,0.32580418029254443,2.7541972939841757,11.883064584118976,False,False
0x260fd9d6b10746909a26c2af7a68b409f757c95a07dc57ddd480774a36c8399b,2024-09-03 00:00:02+00:00,0.365,0.3230663295054123,2.7658430027141145,11.933310334221181,False,False
0x260fd9d6b10746909a26c2af7a68b409f757c95a07dc57ddd480774a36c8399b,2024-09-04 00:00:02+00:00,0.365,0.32032847871828024,2.7776376982617546,11.984198892295348,False,False
0x260fd9d6b10746909a26c2af7a68b409f757c95a07dc57ddd480774a36c8399b,2024-09-05 00:00:02+00:00,0.29,0.3175906279311481,3.290482013310348,15.98097140995798,False,False
0x260fd9d6b10746909a26c2af7a68b409f757c95a07dc57ddd480774a36c8399b,2024-09-06 00:00:02+00:00,0.315,0.314852777144016,3.125678526907285,14.485823320158891,False,False
0x260fd9d6b10746909a26c2af7a68b409f757c95a07dc57ddd480774a36c8399b,2024-09-07 00:00:02+00:00,0.255,0.3121149263568839,3.594316037186259,18.919942293387336,False,False
0x260fd9d6b10746909a26c2af7a68b409f757c95a07dc57ddd480774a36c8399b,2024-09-08 00:00:02+00:00,0.255,0.3093770755697518,3.6101850625674996,19.00347447068035,False,False
0x260fd9d6b10746909a26c2af7a68b409f757c95a07dc57ddd480774a36c8399b,2024-09-09 00:00:01+00:00,0.255,0.30663925647070756,3.626265960610544,19.088121913991547,False,False
0x260fd9d6b10746909a26c2af7a68b409f757c95a07dc57ddd480774a36c8399b,2024-09-10 00:00:02+00:00,0.295,0.3039013739954876,3.3262802502544693,15.993654286594394,False,False
0x260fd9d6b10746909a26c2af7a68b409f757c95a07dc57ddd480774a36c8399b,2024-09-11 00:00:01+00:00,0.255,0.3011635548964433,3.659083519476686,19.26086863785596,False,False
0x260fd9d6b10746909a26c2af7a68b409f757c95a07dc57ddd480774a36c8399b,2024-09-12 00:00:02+00:00,0.325,0.2984256724212234,3.140464709212504,14.315508645982923,False,False
0x260fd9d6b10746909a26c2af7a68b409f757c95a07dc57ddd480774a36c8399b,2024-09-13 00:00:02+00:00,0.285,0.2956878216340913,3.448744042131251,16.924274528922837,False,False
0x260fd9d6b10746909a26c2af7a68b409f757c95a07dc57ddd480774a36c8399b,2024-09-14 00:00:02+00:00,0.235,0.29294997084695923,3.8870879505722313,21.621960509371334,False,False
0x260fd9d6b10746909a26c2af7a68b409f757c95a07dc57ddd480774a36c8399b,2024-09-15 00:00:02+00:00,0.235,0.2902121200598271,3.9053802341646526,21.723711495840092,False,False
0x260fd9d6b10746909a26c2af7a68b409f757c95a07dc57ddd480774a36c8399b,2024-09-16 00:00:02+00:00,0.24,0.287474269272695,3.8781122939212045,21.261580558778533,False,False
0x260fd9d6b10746909a26c2af7a68b409f757c95a07dc57ddd480774a36c8399b,2024-09-17 00:00:02+00:00,0.185,0.2847364184855629,4.453323083145086,29.53621676766762,False,False
0x260fd9d6b10746909a26c2af7a68b409f757c95a07dc57ddd480774a36c8399b,2024-09-18 00:00:02+00:00,0.195,0.2819985676984308,4.363996313305019,27.800581706036112,False,False
0x260fd9d6b10746909a26c2af7a68b409f757c95a07dc57ddd480774a36c8399b,2024-09-19 00:00:01+00:00,0.085,0.27926074859938654,6.0181653417024545,77.37917507814149,False,False
0x260fd9d6b10746909a26c2af7a68b409f757c95a07dc57ddd480774a36c8399b,2024-09-20 00:00:02+00:00,0.065,0.2765228661241666,6.526752100308618,107.39205430372058,False,False
0x260fd9d6b10746909a26c2af7a68b409f757c95a07dc57ddd480774a36c8399b,2024-09-21 00:00:02+00:00,0.065,0.2737850153370345,6.559304689332948,107.92767896886792,False,False
0x260fd9d6b10746909a26c2af7a68b409f757c95a07dc57ddd480774a36c8399b,2024-09-22 00:00:02+00:00,0.065,0.2710471645499024,6.592349262293799,108.4713988036824,False,False
0x260fd9d6b10746909a26c2af7a68b409f757c95a07dc57ddd480774a36c8399b,2024-09-23 00:00:02+00:00,0.055,0.2683093137627703,6.9176919343238845,133.09652591291746,False,False
0x260fd9d6b10746909a26c2af7a68b409f757c95a07dc57ddd480774a36c8399b,2024-09-24 00:00:02+00:00,0.055,0.2655714629756382,6.95325871676116,133.7808314913162,False,False
0x260fd9d6b10746909a26c2af7a68b409f757c95a07dc57ddd480774a36c8399b,2024-09-25 00:00:02+00:00,0.034,0.2628336121885061,7.7961185605235555,237.3681208294835,True,False
0x260fd9d6b10746909a26c2af7a68b409f757c95a07dc57ddd480774a36c8399b,2024-09-26 00:00:02+00:00,0.0405,0.26009576140137397,7.548906505739374,194.26029518304603,True,False
0x260fd9d6b10746909a26c2af7a68b409f757c95a07dc57ddd480774a36c8399b,2024-09-27 00:00:02+00:00,0.0405,0.2573579106142419,7.588954045968086,195.2908612630829,True,False
0x260fd9d6b10746909a26c2af7a68b409f757c95a07dc57ddd480774a36c8399b,2024-09-28 00:00:02+00:00,0.0525,0.2546200598271098,7.1831895400605354,144.40386058671766,False,False
0x260fd9d6b10746909a26c2af7a68b409f757c95a07dc57ddd480774a36c8399b,2024-09-29 00:00:03+00:00,0.0495,0.2518821773518899,7.325496216550719,155.6968148938245,True,False
0x260fd9d6b10746909a26c2af7a68b409f757c95a07dc57ddd480774a36c8399b,2024-09-30 00:00:03+00:00,0.0455,0.24914432656475777,7.512814840830282,172.98775242386344,True,False
0x260fd9d6b10746909a26c2af7a68b409f757c95a07dc57ddd480774a36c8399b,2024-10-01 00:00:02+00:00,0.0595,0.2464065074657135,7.076300188139117,126.45339173493659,False,False
0x260fd9d6b10746909a26c2af7a68b409f757c95a07dc57ddd480774a36c8399b,2024-10-02 00:00:02+00:00,0.05,0.2436686566785814,7.4300533589905084,156.42217597874753,False,False
0x260fd9d6b10746909a26c2af7a68b409f757c95a07dc57ddd480774a36c8399b,2024-10-03 00:00:02+00:00,0.0605,0.24093080589144927,7.125523809261188,125.36163176757793,False,False
0x260fd9d6b10746909a26c2af7a68b409f757c95a07dc57ddd480774a36c8399b,2024-10-04 00:00:02+00:00,0.0615,0.23819295510431718,7.135868664288854,123.63386764537519,False,False
0x260fd9d6b10746909a26c2af7a68b409f757c95a07dc57ddd480774a36c8399b,2024-10-05 00:00:02+00:00,0.102,0.23545510431718508,6.187139690772375,67.54814283126309,False,False
0x260fd9d6b10746909a26c2af7a68b409f757c95a07dc57ddd480774a36c8399b,2024-10-06 00:00:02+00:00,0.101,0.232717253530053,6.243690368910288,68.76386710107256,False,False
0x260fd9d6b10746909a26c2af7a68b409f757c95a07dc57ddd480774a36c8399b,2024-10-07 00:00:02+00:00,0.103,0.2299794027429209,6.24014283458677,67.54059199041866,False,False
0x260fd9d6b10746909a26c2af7a68b409f757c95a07dc57ddd480774a36c8399b,2024-10-08 00:00:02+00:00,0.176,0.22724155195578877,5.100832118828899,35.172330916461405,False,False
0x260fd9d6b10746909a26c2af7a68b409f757c95a07dc57ddd480774a36c8399b,2024-10-09 00:00:02+00:00,0.161,0.22450370116865667,5.337267466118098,39.51219261408581,False,False
0x260fd9d6b10746909a26c2af7a68b409f757c95a07dc57ddd480774a36c8399b,2024-10-10 00:00:02+00:00,0.195,0.22176585038152458,4.921080747313379,31.34945531016645,False,False
0x260fd9d6b10746909a26c2af7a68b409f757c95a07dc57ddd480774a36c8399b,2024-10-11 00:00:03+00:00,0.207,0.21902796790630466,4.807448074014466,29.28674253592403,False,False
0x260fd9d6b10746909a26c2af7a68b409f757c95a07dc57ddd480774a36c8399b,2024-10-12 00:00:02+00:00,0.186,0.21629014880726039,5.096698071144448,33.66290237473546,False,False
0x260fd9d6b10746909a26c2af7a68b409f757c95a07dc57ddd480774a36c8399b,2024-10-13 00:00:03+00:00,0.1775,0.21355226633204047,5.2415236472549624,35.902383816122004,False,False
0x260fd9d6b10746909a26c2af7a68b409f757c95a07dc57ddd480774a36c8399b,2024-10-14 00:00:02+00:00,0.179,0.21081444723299617,5.255198659519735,35.75962451785692,False,False
0x260fd9d6b10746909a26c2af7a68b409f757c95a07dc57ddd480774a36c8399b,2024-10-15 00:00:02+00:00,0.1925,0.20807659644586407,5.112144469685039,32.887423712339924,False,False
0x260fd9d6b10746909a26c2af7a68b409f757c95a07dc57ddd480774a36c8399b,2024-10-16 00:00:03+00:00,0.175,0.20533871397064415,5.379836991104524,37.26294019812658,False,False
0x260fd9d6b10746909a26c2af7a68b409f757c95a07dc57ddd480774a36c8399b,2024-10-17 00:00:02+00:00,0.1685,0.20260089487159988,5.508304814073415,39.31477604967188,False,False
0x260fd9d6b10746909a26c2af7a68b409f757c95a07dc57ddd480774a36c8399b,2024-10-18 00:00:02+00:00,0.2115,0.19986304408446776,4.977844210139002,29.848961865462613,False,False
0x260fd9d6b10746909a26c2af7a68b409f757c95a07dc57ddd480774a36c8399b,2024-10-19 00:00:02+00:00,0.207,0.19712519329733566,5.067494930513274,30.870935483264034,False,False
0x260fd9d6b10746909a26c2af7a68b409f757c95a07dc57ddd480774a36c8399b,2024-10-20 00:00:02+00:00,0.206,0.19438734251020356,5.115542475496453,31.275479173268284,False,False
0x260fd9d6b10746909a26c2af7a68b409f757c95a07dc57ddd480774a36c8399b,2024-10-21 00:00:02+00:00,0.2045,0.19164949172307147,5.170907289451121,31.785807941376365,False,False
0x260fd9d6b10746909a26c2af7a68b409f757c95a07dc57ddd480774a36c8399b,2024-10-22 00:00:02+00:00,0.261,0.18891164093593937,4.55665303324915,23.624412368630853,False,False
0x260fd9d6b10746909a26c2af7a68b409f757c95a07dc57ddd480774a36c8399b,2024-10-23 00:00:02+00:00,0.2245,0.18617379014880725,4.998842734514762,28.712521037593458,False,False
0x260fd9d6b10746909a26c2af7a68b409f757c95a07dc57ddd480774a36c8399b,2024-10-24 00:00:03+00:00,0.2225,0.18343590767358733,5.060118810683866,29.25029841068747,False,False
0x260fd9d6b10746909a26c2af7a68b409f757c95a07dc57ddd480774a36c8399b,2024-10-25 00:00:03+00:00,0.215,0.18069805688645524,5.191009574347364,30.75698162848386,False,False
0x260fd9d6b10746909a26c2af7a68b409f757c95a07dc57ddd480774a36c8399b,2024-10-26 00:00:03+00:00,0.233,0.17796020609932314,5.01081152141788,28.038629527101744,False,False
0x260fd9d6b10746909a26c2af7a68b409f757c95a07dc57ddd480774a36c8399b,2024-10-27 00:00:03+00:00,0.228,0.17522235531219105,5.109948265765313,29.031157768414875,False,False
0x260fd9d6b10746909a26c2af7a68b409f757c95a07dc57ddd480774a36c8399b,2024-10-28 00:00:03+00:00,0.231,0.17248450452505895,5.113845155771671,28.787851517806732,False,False
0x260fd9d6b10746909a26c2af7a68b409f757c95a07dc57ddd480774a36c8399b,2024-10-29 00:00:02+00:00,0.227,0.16974668542601465,5.204063743807387,29.657685565178213,False,False
0x260fd9d6b10746909a26c2af7a68b409f757c95a07dc57ddd480774a36c8399b,2024-10-30 00:00:03+00:00,0.2,0.16700880295079473,5.600895301891525,35.00559563682202,False,False
0x260fd9d6b10746909a26c2af7a68b409f757c95a07dc57ddd480774a36c8399b,2024-10-31 00:00:03+00:00,0.2155,0.16427095216366264,5.437810313159137,32.16502043306664,False,False
0x260fd9d6b10746909a26c2af7a68b409f757c95a07dc57ddd480774a36c8399b,2024-11-01 00:00:03+00:00,0.212,0.16153310137653054,5.530318229109173,33.104577082590104,False,False
0x260fd9d6b10746909a26c2af7a68b409f757c95a07dc57ddd480774a36c8399b,2024-11-02 00:00:03+00:00,0.153,0.15879525058939845,6.484031541670279,50.034582198380136,False,False
0x260fd9d6b10746909a26c2af7a68b409f757c95a07dc57ddd480774a36c8399b,2024-11-03 00:00:03+00:00,0.1625,0.15605739980226632,6.376148290203788,46.85114702331141,False,False
0x260fd9d6b10746909a26c2af7a68b409f757c95a07dc57ddd480774a36c8399b,2024-11-04 00:00:03+00:00,0.1695,0.15331954901513423,6.315460236081513,44.86375969326871,False,False
0x260fd9d6b10746909a26c2af7a68b409f757c95a07dc57ddd480774a36c8399b,2024-11-05 00:00:02+00:00,0.1835,0.15058172991608995,6.14711015787055,41.02784803129293,False,False
0x260fd9d6b10746909a26c2af7a68b409f757c95a07dc57ddd480774a36c8399b,2024-11-06 00:00:02+00:00,0.1785,0.14784387912895786,6.283387993921671,42.84972999054931,False,False
0x260fd9d6b10746909a26c2af7a68b409f757c95a07dc57ddd480774a36c8399b,2024-11-07 00:00:03+00:00,0.245,0.14510599665373794,5.395144803765734,29.16688635634942,False,False
0x260fd9d6b10746909a26c2af7a68b409f757c95a07dc57ddd480774a36c8399b,2024-11-08 00:00:02+00:00,0.2435,0.14236817755469364,5.465863513490542,29.672277705419795,False,False
0x260fd9d6b10746909a26c2af7a68b409f757c95a07dc57ddd480774a36c8399b,2024-11-09 00:00:03+00:00,0.2765,0.13963029507947372,5.116001473013482,25.57390159606135,False,False
0x260fd9d6b10746909a26c2af7a68b409f757c95a07dc57ddd480774a36c8399b,2024-11-10 00:00:02+00:00,0.271,0.13689247598042945,5.231873725326794,26.482588620750228,False,False
0x260fd9d6b10746909a26c2af7a68b409f757c95a07dc57ddd480774a36c8399b,2024-11-11 00:00:02+00:00,0.266,0.13415462519329732,5.345619241852815,27.37917294182057,False,False
0x260fd9d6b10746909a26c2af7a68b409f757c95a07dc57ddd480774a36c8399b,2024-11-12 00:00:02+00:00,0.2605,0.13141677440616523,5.469511567348908,28.392434932815824,False,False
0x260fd9d6b10746909a26c2af7a68b409f757c95a07dc57ddd480774a36c8399b,2024-11-13 00:00:03+00:00,0.32,0.1286788919309453,4.835545518957448,22.22217609815004,False,False
0x260fd9d6b10746909a26c2af7a68b409f757c95a07dc57ddd480774a36c8399b,2024-11-14 00:00:03+00:00,0.13,0.12594104114381321,7.765471522711631,68.66022566500115,False,False
0x260fd9d6b10746909a26c2af7a68b409f757c95a07dc57ddd480774a36c8399b,2024-11-15 00:00:03+00:00,0.3355,0.12320319035668112,4.776215136089926,21.42379336161418,False,False
0x260fd9d6b10746909a26c2af7a68b409f757c95a07dc57ddd480774a36c8399b,2024-11-16 00:00:03+00:00,0.35,0.12046533956954901,4.679531536283963,20.56936939025918,False,False
0x260fd9d6b10746909a26c2af7a68b409f757c95a07dc57ddd480774a36c8399b,2024-11-17 00:00:03+00:00,0.343,0.11772748878241691,4.806491740323783,21.328912409191805,False,False
0x260fd9d6b10746909a26c2af7a68b409f757c95a07dc57ddd480774a36c8399b,2024-11-18 00:00:03+00:00,0.344,0.11498963799528482,4.852762484350258,21.504371474183998,False,False
0x260fd9d6b10746909a26c2af7a68b409f757c95a07dc57ddd480774a36c8399b,2024-11-19 00:00:03+00:00,0.3425,0.11225178720815271,4.92770865395776,21.882084444873627,False,False
0x260fd9d6b10746909a26c2af7a68b409f757c95a07dc57ddd480774a36c8399b,2024-11-20 00:00:03+00:00,0.346,0.10951393642102061,4.950935695481528,21.879300770189356,False,False
0x260fd9d6b10746909a26c2af7a68b409f757c95a07dc57ddd480774a36c8399b,2024-11-21 00:00:03+00:00,0.3765,0.1067760856338885,4.692726195417153,19.990505533778933,False,False
0x260fd9d6b10746909a26c2af7a68b409f757c95a07dc57ddd480774a36c8399b,2024-11-22 00:00:03+00:00,0.3665,0.10403823484675641,4.85807999510795,20.923968791617416,False,False
0x260fd9d6b10746909a26c2af7a68b409f757c95a07dc57ddd480774a36c8399b,2024-11-23 00:00:04+00:00,0.4005,0.10130035237153649,4.575068982594591,19.054867748069675,False,False
0x260fd9d6b10746909a26c2af7a68b409f757c95a07dc57ddd480774a36c8399b,2024-11-24 00:00:03+00:00,0.401,0.0985625332724922,4.633195006961957,19.28898541193742,False,False
0x260fd9d6b10746909a26c2af7a68b409f757c95a07dc57ddd480774a36c8399b,2024-11-25 00:00:03+00:00,0.392,0.09582468248536011,4.7907597301233515,20.10086487195955,False,False
0x260fd9d6b10746909a26c2af7a68b409f757c95a07dc57ddd480774a36c8399b,2024-11-26 00:00:04+00:00,0.3845,0.09308680001014019,4.939892193245054,20.87339394740785,False,False
0x260fd9d6b10746909a26c2af7a68b409f757c95a07dc57ddd480774a36c8399b,2024-11-27 00:00:03+00:00,0.3215,0.0903489809110959,5.7517520101226225,26.367522403264097,False,False
0x260fd9d6b10746909a26c2af7a68b409f757c95a07dc57ddd480774a36c8399b,2024-11-28 00:00:03+00:00,0.2725,0.08761113012396379,6.517561435744619,32.87650397929124,False,False
0x260fd9d6b10746909a26c2af7a68b409f757c95a07dc57ddd480774a36c8399b,2024-11-29 00:00:04+00:00,0.294,0.08487324764874389,6.30829720157201,30.3920583606599,False,False
0x260fd9d6b10746909a26c2af7a68b409f757c95a07dc57ddd480774a36c8399b,2024-11-30 00:00:03+00:00,0.285,0.0821354285496996,6.5435348295353455,32.111568296088066,False,False
0x260fd9d6b10746909a26c2af7a68b409f757c95a07dc57ddd480774a36c8399b,2024-12-01 00:00:03+00:00,0.2855,0.07939757776256749,6.647906052231821,32.5894122240545,False,False
0x260fd9d6b10746909a26c2af7a68b409f757c95a07dc57ddd480774a36c8399b,2024-12-02 00:00:03+00:00,0.281,0.0766597269754354,6.834609281957885,33.828168234637296,False,False
0x260fd9d6b10746909a26c2af7a68b409f757c95a07dc57ddd480774a36c8399b,2024-12-03 00:00:03+00:00,0.2335,0.07392187618830329,7.765519006344761,43.38818096855481,False,False
0x260fd9d6b10746909a26c2af7a68b409f757c95a07dc57ddd480774a36c8399b,2024-12-04 00:00:03+00:00,0.2635,0.07118402540117119,7.380642348533024,38.03126665060539,False,False
0x260fd9d6b10746909a26c2af7a68b409f757c95a07dc57ddd480774a36c8399b,2024-12-05 00:00:03+00:00,0.261,0.0684461746140391,7.570084551383619,39.247842177653446,False,False
0x260fd9d6b10746909a26c2af7a68b409f757c95a07dc57ddd480774a36c8399b,2024-12-06 00:00:03+00:00,0.276,0.06570832382690699,7.466252465143535,37.36414277135647,False,False
0x260fd9d6b10746909a26c2af7a68b409f757c95a07dc57ddd480774a36c8399b,2024-12-07 00:00:03+00:00,0.1325,0.06297047303977489,10.90300179821952,94.85510780898936,False,False
0x260fd9d6b10746909a26c2af7a68b409f757c95a07dc57ddd480774a36c8399b,2024-12-08 00:00:03+00:00,0.1225,0.06023262225264279,11.479086212638688,106.78840595512473,False,False
0x260fd9d6b10746909a26c2af7a68b409f757c95a07dc57ddd480774a36c8399b,2024-12-09 00:00:02+00:00,0.125,0.0574948031535985,11.662467389760934,106.62827327781426,False,False
0x260fd9d6b10746909a26c2af7a68b409f757c95a07dc57ddd480774a36c8399b,2024-12-10 00:00:03+00:00,0.123,0.05475692067837858,12.021473063212266,111.44304830039832,False,False
0x260fd9d6b10746909a26c2af7a68b409f757c95a07dc57ddd480774a36c8399b,2024-12-11 00:00:03+00:00,0.127,0.05201906989124648,12.189027768907424,109.93882772688463,False,False
0x260fd9d6b10746909a26c2af7a68b409f757c95a07dc57ddd480774a36c8399b,2024-12-12 00:00:03+00:00,0.0455,0.04928121910411438,16.892248633110423,388.955695879217,True,False
0x260fd9d6b10746909a26c2af7a68b409f757c95a07dc57ddd480774a36c8399b,2024-12-13 00:00:03+00:00,0.0465,0.04654336831698228,17.294551332427485,390.0638018940403,True,False
0x260fd9d6b10746909a26c2af7a68b409f757c95a07dc57ddd480774a36c8399b,2024-12-14 00:00:03+00:00,0.039,0.04380551752985018,18.547434115617584,494.87537329217923,True,False
0x260fd9d6b10746909a26c2af7a68b409f757c95a07dc57ddd480774a36c8399b,2024-12-15 00:00:03+00:00,0.032,0.04106766674271808,19.96981875069187,644.6868140073564,True,False
0x260fd9d6b10746909a26c2af7a68b409f757c95a07dc57ddd480774a36c8399b,2024-12-16 00:00:03+00:00,0.032,0.038329815955585975,,,True,False
0x260fd9d6b10746909a26c2af7a68b409f757c95a07dc57ddd480774a36c8399b,2024-12-17 00:00:04+00:00,0.027,0.03559193348036606,,,True,False
0x260fd9d6b10746909a26c2af7a68b409f757c95a07dc57ddd480774a36c8399b,2024-12-18 00:00:03+00:00,0.029,0.032854114381321776,,,True,False
0x29f8437fee9a3c972bcdc483874dc6f5192142a2158e999ace849dedb342d671,2023-12-07 00:00:02+00:00,0.605,0.39972615154511115,1.488110170723485,6.227053753419751,False,False
0x29f8437fee9a3c972bcdc483874dc6f5192142a2158e999ace849dedb342d671,2023-12-08 00:00:02+00:00,0.63,0.3969883007579791,1.4148101417235406,6.069541577535567,False,False
0x29f8437fee9a3c972bcdc483874dc6f5192142a2158e999ace849dedb342d671,2023-12-09 00:00:02+00:00,0.62,0.39425044997084696,1.4507434226644624,6.15765459535001,False,False
0x29f8437fee9a3c972bcdc483874dc6f5192142a2158e999ace849dedb342d671,2023-12-10 00:00:02+00:00,0.605,0.39151259918371484,1.503638699875525,6.292033475784182,False,False
0x29f8437fee9a3c972bcdc483874dc6f5192142a2158e999ace849dedb342d671,2023-12-11 00:00:02+00:00,0.615,0.38877474839658277,1.4767711442221387,6.237023098815917,False,False
0x29f8437fee9a3c972bcdc483874dc6f5192142a2158e999ace849dedb342d671,2023-12-12 00:00:02+00:00,0.605,0.38603689760945065,1.5142652557399792,6.336500704006609,False,False
0x29f8437fee9a3c972bcdc483874dc6f5192142a2158e999ace849dedb342d671,2023-12-13 00:00:02+00:00,0.575,0.3832990468223186,1.6206825560278033,6.631949078374642,False,False
0x29f8437fee9a3c972bcdc483874dc6f5192142a2158e999ace849dedb342d671,2023-12-14 00:00:02+00:00,0.675,0.38056119603518646,1.3098790528037014,5.970958645259039,False,False
0x29f8437fee9a3c972bcdc483874dc6f5192142a2158e999ace849dedb342d671,2023-12-15 00:00:02+00:00,0.755,0.37782334524805433,1.0974008102518433,5.932697987575852,False,False
0x29f8437fee9a3c972bcdc483874dc6f5192142a2158e999ace849dedb342d671,2023-12-16 00:00:02+00:00,0.755,0.37508549446092226,1.1013986413254229,5.954310805922005,False,False
0x29f8437fee9a3c972bcdc483874dc6f5192142a2158e999ace849dedb342d671,2023-12-17 00:00:02+00:00,0.745,0.37234764367379014,1.1313777196635861,5.955403182858724,False,False
0x29f8437fee9a3c972bcdc483874dc6f5192142a2158e999ace849dedb342d671,2023-12-18 00:00:02+00:00,0.745,0.3696097928866581,1.135560277044906,5.977419539649459,False,False
0x29f8437fee9a3c972bcdc483874dc6f5192142a2158e999ace849dedb342d671,2023-12-19 00:00:02+00:00,0.785,0.36687194209952595,1.0372170237883238,6.145560798627308,False,False
0x29f8437fee9a3c972bcdc483874dc6f5192142a2158e999ace849dedb342d671,2023-12-20 00:00:02+00:00,0.785,0.3641340913123938,1.0411090344806766,6.168621149344848,False,False
0x29f8437fee9a3c972bcdc483874dc6f5192142a2158e999ace849dedb342d671,2023-12-21 00:00:03+00:00,0.785,0.36139620883717394,1.0450452350458148,6.191943327185987,False,False
0x29f8437fee9a3c972bcdc483874dc6f5192142a2158e999ace849dedb342d671,2023-12-22 00:00:02+00:00,0.785,0.35865838973812963,1.0490263288821633,6.215531499820254,False,False
0x29f8437fee9a3c972bcdc483874dc6f5192142a2158e999ace849dedb342d671,2023-12-23 00:00:02+00:00,0.82,0.35592053895099757,0.9654959417754504,6.5413004185328605,False,False
0x29f8437fee9a3c972bcdc483874dc6f5192142a2158e999ace849dedb342d671,2023-12-24 00:00:02+00:00,0.83,0.35318268816386544,0.9445359798587394,6.694089155625366,False,False
0x29f8437fee9a3c972bcdc483874dc6f5192142a2158e999ace849dedb342d671,2023-12-25 00:00:02+00:00,0.84,0.3504448373767333,0.9235451058554528,6.871615370948309,False,False
0x29f8437fee9a3c972bcdc483874dc6f5192142a2158e999ace849dedb342d671,2023-12-26 00:00:02+00:00,0.84,0.34770698658960125,0.9271739814217838,6.898615933197795,False,False
0x29f8437fee9a3c972bcdc483874dc6f5192142a2158e999ace849dedb342d671,2023-12-27 00:00:03+00:00,0.84,0.3449691041143813,0.9308460153821204,6.9259376144503,False,False
0x29f8437fee9a3c972bcdc483874dc6f5192142a2158e999ace849dedb342d671,2023-12-28 00:00:03+00:00,0.84,0.34223125332724924,0.9345619833448227,6.953586185601358,False,False
0x29f8437fee9a3c972bcdc483874dc6f5192142a2158e999ace849dedb342d671,2023-12-29 00:00:02+00:00,0.825,0.33949343422820494,0.9759672203849982,6.759946115220765,False,False
0x29f8437fee9a3c972bcdc483874dc6f5192142a2158e999ace849dedb342d671,2023-12-30 00:00:02+00:00,0.83,0.3367555834410728,0.9672991526252429,6.855415681256149,False,False
0x29f8437fee9a3c972bcdc483874dc6f5192142a2158e999ace849dedb342d671,2023-12-31 00:00:02+00:00,0.83,0.33401773265394075,0.971255403638715,6.88345431352739,False,False
0x29f8437fee9a3c972bcdc483874dc6f5192142a2158e999ace849dedb342d671,2024-01-01 00:00:02+00:00,0.83,0.3312798818668086,0.9752605983177004,6.911839817985118,False,False
0x29f8437fee9a3c972bcdc483874dc6f5192142a2158e999ace849dedb342d671,2024-01-02 00:00:02+00:00,0.835,0.32854203107967656,0.9665620358086077,7.015511056495064,False,False
0x29f8437fee9a3c972bcdc483874dc6f5192142a2158e999ace849dedb342d671,2024-01-03 00:00:02+00:00,0.885,0.32580418029254443,0.8427859025746003,8.280873520752644,False,False
0x29f8437fee9a3c972bcdc483874dc6f5192142a2158e999ace849dedb342d671,2024-01-04 00:00:02+00:00,0.845,0.3230663295054123,0.9490657224334467,7.246159361965616,False,False
0x29f8437fee9a3c972bcdc483874dc6f5192142a2158e999ace849dedb342d671,2024-01-05 00:00:03+00:00,0.82,0.3203284470301924,1.0177221429594125,6.895136469914718,False,False
0x29f8437fee9a3c972bcdc483874dc6f5192142a2158e999ace849dedb342d671,2024-01-06 00:00:02+00:00,0.805,0.3175906279311481,1.0614848288905305,6.7621266373023134,False,False
0x29f8437fee9a3c972bcdc483874dc6f5192142a2158e999ace849dedb342d671,2024-01-07 00:00:02+00:00,0.79,0.314852777144016,1.1061446745869548,6.667538725659764,False,False
0x29f8437fee9a3c972bcdc483874dc6f5192142a2158e999ace849dedb342d671,2024-01-08 00:00:02+00:00,0.79,0.3121149263568839,1.110985594427646,6.696718471534938,False,False
0x29f8437fee9a3c972bcdc483874dc6f5192142a2158e999ace849dedb342d671,2024-01-09 00:00:03+00:00,0.78,0.309377043881664,1.1431637827617565,6.661793605837743,False,False
0x29f8437fee9a3c972bcdc483874dc6f5192142a2158e999ace849dedb342d671,2024-01-10 00:00:03+00:00,0.78,0.3066391930945319,1.1482558531150393,6.691467675495568,False,False
0x29f8437fee9a3c972bcdc483874dc6f5192142a2158e999ace849dedb342d671,2024-01-11 00:00:03+00:00,0.78,0.3039013423073998,1.1534165811920203,6.721541848438347,False,False
0x29f8437fee9a3c972bcdc483874dc6f5192142a2158e999ace849dedb342d671,2024-01-12 00:00:03+00:00,0.79,0.3011634915202677,1.1310050270024044,6.817390156735409,False,False
0x29f8437fee9a3c972bcdc483874dc6f5192142a2158e999ace849dedb342d671,2024-01-13 00:00:02+00:00,0.82,0.2984256724212234,1.0544084733415768,7.143688843777619,False,False
0x29f8437fee9a3c972bcdc483874dc6f5192142a2158e999ace849dedb342d671,2024-01-14 00:00:02+00:00,0.825,0.2956878216340913,1.0457652397464472,7.24339559997539,False,False
0x29f8437fee9a3c972bcdc483874dc6f5192142a2158e999ace849dedb342d671,2024-01-15 00:00:03+00:00,0.825,0.2929499391588714,1.0506406864744484,7.277164927961546,False,False
0x29f8437fee9a3c972bcdc483874dc6f5192142a2158e999ace849dedb342d671,2024-01-16 00:00:02+00:00,0.835,0.2902121200598271,1.0284126949702288,7.464436181965005,False,False
0x29f8437fee9a3c972bcdc483874dc6f5192142a2158e999ace849dedb342d671,2024-01-17 00:00:03+00:00,0.81,0.2874742375846072,1.1018509918775627,7.159525613239526,False,False
0x29f8437fee9a3c972bcdc483874dc6f5192142a2158e999ace849dedb342d671,2024-01-18 00:00:02+00:00,0.785,0.2847364184855629,1.177349426450153,6.975852030514905,False,False
0x29f8437fee9a3c972bcdc483874dc6f5192142a2158e999ace849dedb342d671,2024-01-19 00:00:02+00:00,0.765,0.2819985676984308,1.2408260675719855,6.90210578540946,False,False
0x29f8437fee9a3c972bcdc483874dc6f5192142a2158e999ace849dedb342d671,2024-01-20 00:00:03+00:00,0.75,0.2792606852232109,1.2913771906135618,6.887345016605663,False,False
0x29f8437fee9a3c972bcdc483874dc6f5192142a2158e999ace849dedb342d671,2024-01-21 00:00:02+00:00,0.745,0.2765228661241666,1.3128539101347736,6.9106667200146,False,False
0x29f8437fee9a3c972bcdc483874dc6f5192142a2158e999ace849dedb342d671,2024-01-22 00:00:02+00:00,0.745,0.2737850153370345,1.3194018520676112,6.945134107475253,False,False
0x29f8437fee9a3c972bcdc483874dc6f5192142a2158e999ace849dedb342d671,2024-01-23 00:00:03+00:00,0.735,0.2710471328618146,1.3568723555416586,6.966357877251488,False,False
0x29f8437fee9a3c972bcdc483874dc6f5192142a2158e999ace849dedb342d671,2024-01-24 00:00:02+00:00,0.725,0.2683093137627703,1.3952094314548722,6.997915643660801,False,False
0x29f8437fee9a3c972bcdc483874dc6f5192142a2158e999ace849dedb342d671,2024-01-25 00:00:02+00:00,0.73,0.2655714629756382,1.3865277080235892,7.034640832184623,False,False
0x29f8437fee9a3c972bcdc483874dc6f5192142a2158e999ace849dedb342d671,2024-01-26 00:00:02+00:00,0.76,0.2628336121885061,1.3004544203842157,7.129684322281884,False,False
0x29f8437fee9a3c972bcdc483874dc6f5192142a2158e999ace849dedb342d671,2024-01-27 00:00:02+00:00,0.755,0.26009576140137397,1.3226442052852254,7.150394406191245,False,False
0x29f8437fee9a3c972bcdc483874dc6f5192142a2158e999ace849dedb342d671,2024-01-28 00:00:02+00:00,0.77,0.2573579106142419,1.2836178376881837,7.247983273225206,False,False
0x29f8437fee9a3c972bcdc483874dc6f5192142a2158e999ace849dedb342d671,2024-01-29 00:00:02+00:00,0.795,0.2546200598271098,1.2151239817001755,7.455891895690601,False,False
0x29f8437fee9a3c972bcdc483874dc6f5192142a2158e999ace849dedb342d671,2024-01-30 00:00:02+00:00,0.8,0.2518822090399777,1.2067840845956073,7.542400528722546,False,False
0x29f8437fee9a3c972bcdc483874dc6f5192142a2158e999ace849dedb342d671,2024-01-31 00:00:02+00:00,0.785,0.2491443582528456,1.2586394995220176,7.457499626852424,False,False
0x29f8437fee9a3c972bcdc483874dc6f5192142a2158e999ace849dedb342d671,2024-02-01 00:00:02+00:00,0.735,0.2464065074657135,1.423099665779272,7.306377439503386,False,False
0x29f8437fee9a3c972bcdc483874dc6f5192142a2158e999ace849dedb342d671,2024-02-02 00:00:02+00:00,0.75,0.2436686566785814,1.3824778327972622,7.373215108252065,False,False
0x29f8437fee9a3c972bcdc483874dc6f5192142a2158e999ace849dedb342d671,2024-02-03 00:00:02+00:00,0.645,0.24093080589144927,1.7579391956576746,7.67742852126946,False,False
0x29f8437fee9a3c972bcdc483874dc6f5192142a2158e999ace849dedb342d671,2024-02-04 00:00:03+00:00,0.635,0.23819292341622936,1.8068315107357413,7.795627270998776,False,False
0x29f8437fee9a3c972bcdc483874dc6f5192142a2158e999ace849dedb342d671,2024-02-05 00:00:02+00:00,0.635,0.23545510431718508,1.817305865974364,7.840819182286113,False,False
0x29f8437fee9a3c972bcdc483874dc6f5192142a2158e999ace849dedb342d671,2024-02-06 00:00:02+00:00,0.58,0.232717253530053,2.0578042142966497,8.447472144074917,False,False
0x29f8437fee9a3c972bcdc483874dc6f5192142a2158e999ace849dedb342d671,2024-02-07 00:00:02+00:00,0.595,0.2299794027429209,2.0044985496603145,8.31828426044326,False,False
0x29f8437fee9a3c972bcdc483874dc6f5192142a2158e999ace849dedb342d671,2024-02-08 00:00:02+00:00,0.585,0.22724155195578877,2.0602617149705464,8.48630095755554,False,False
0x29f8437fee9a3c972bcdc483874dc6f5192142a2158e999ace849dedb342d671,2024-02-09 00:00:02+00:00,0.6,0.22450370116865667,2.0071226676514846,8.363011115214519,False,False
0x29f8437fee9a3c972bcdc483874dc6f5192142a2158e999ace849dedb342d671,2024-02-10 00:00:03+00:00,0.585,0.22176581869343676,2.0855421017313183,8.590431888503009,False,False
0x29f8437fee9a3c972bcdc483874dc6f5192142a2158e999ace849dedb342d671,2024-02-11 00:00:03+00:00,0.585,0.21902796790630466,2.0985362648585886,8.643955369616263,False,False
0x29f8437fee9a3c972bcdc483874dc6f5192142a2158e999ace849dedb342d671,2024-02-12 00:00:03+00:00,0.585,0.21629011711917256,2.1117763784397194,8.698491930551825,False,False
0x29f8437fee9a3c972bcdc483874dc6f5192142a2158e999ace849dedb342d671,2024-02-13 00:00:02+00:00,0.575,0.21355229802012826,2.1712743539549284,8.885010144061088,False,False
0x29f8437fee9a3c972bcdc483874dc6f5192142a2158e999ace849dedb342d671,2024-02-14 00:00:03+00:00,0.325,0.21081441554490835,3.736473062243616,17.03235583928714,False,False
0x29f8437fee9a3c972bcdc483874dc6f5192142a2158e999ace849dedb342d671,2024-02-15 00:00:03+00:00,0.325,0.20807656475777625,3.7609747986353406,17.144044666144,False,False
0x29f8437fee9a3c972bcdc483874dc6f5192142a2158e999ace849dedb342d671,2024-02-16 00:00:03+00:00,0.33,0.20533871397064415,3.744558999722368,16.936042513443546,False,False
0x29f8437fee9a3c972bcdc483874dc6f5192142a2158e999ace849dedb342d671,2024-02-17 00:00:02+00:00,0.245,0.20260089487159988,4.565886443251664,24.683802909861676,False,False
0x29f8437fee9a3c972bcdc483874dc6f5192142a2158e999ace849dedb342d671,2024-02-18 00:00:02+00:00,0.255,0.19986304408446776,4.491664203790025,23.643448894802077,False,False
0x29f8437fee9a3c972bcdc483874dc6f5192142a2158e999ace849dedb342d671,2024-02-19 00:00:02+00:00,0.265,0.19712519329733566,4.420007307790517,22.692888244335858,False,False
0x29f8437fee9a3c972bcdc483874dc6f5192142a2158e999ace849dedb342d671,2024-02-20 00:00:02+00:00,0.265,0.19438734251020356,4.45102529355709,22.8521385884076,False,False
0x29f8437fee9a3c972bcdc483874dc6f5192142a2158e999ace849dedb342d671,2024-02-21 00:00:03+00:00,0.275,0.19164946003498365,4.38171755027318,21.977266709834133,False,False
0x29f8437fee9a3c972bcdc483874dc6f5192142a2158e999ace849dedb342d671,2024-02-22 00:00:02+00:00,0.265,0.18891164093593937,4.515072135666326,23.180963345739062,False,False
0x29f8437fee9a3c972bcdc483874dc6f5192142a2158e999ace849dedb342d671,2024-02-23 00:00:02+00:00,0.265,0.18617379014880725,4.548150040640799,23.350789581007824,False,False
0x29f8437fee9a3c972bcdc483874dc6f5192142a2158e999ace849dedb342d671,2024-02-24 00:00:02+00:00,0.245,0.18343593936167515,4.798478703817014,25.94122829472639,False,False
0x29f8437fee9a3c972bcdc483874dc6f5192142a2158e999ace849dedb342d671,2024-02-25 00:00:02+00:00,0.225,0.18069808857454306,5.067972313434607,29.06364050715187,False,False
0x29f8437fee9a3c972bcdc483874dc6f5192142a2158e999ace849dedb342d671,2024-02-26 00:00:02+00:00,0.215,0.17796023778741096,5.230787562673509,30.99266812426905,False,False
0x29f8437fee9a3c972bcdc483874dc6f5192142a2158e999ace849dedb342d671,2024-02-27 00:00:02+00:00,0.2,0.17522238700027887,5.468048272164223,34.17530170102639,False,False
0x29f8437fee9a3c972bcdc483874dc6f5192142a2158e999ace849dedb342d671,2024-02-28 00:00:03+00:00,0.175,0.17248450452505895,5.869883648875409,40.6572027627734,False,False
0x29f8437fee9a3c972bcdc483874dc6f5192142a2158e999ace849dedb342d671,2024-02-29 00:00:02+00:00,0.17,0.16974668542601465,5.994274064517013,42.482452618830706,False,False
0x29f8437fee9a3c972bcdc483874dc6f5192142a2158e999ace849dedb342d671,2024-03-01 00:00:02+00:00,0.16,0.16700883463888255,6.204657160351665,46.16560387166418,False,False
0x29f8437fee9a3c972bcdc483874dc6f5192142a2158e999ace849dedb342d671,2024-03-02 00:00:03+00:00,0.165,0.16427095216366264,6.173761775761211,44.81046471247476,False,False
0x29f8437fee9a3c972bcdc483874dc6f5192142a2158e999ace849dedb342d671,2024-03-03 00:00:03+00:00,0.165,0.16153310137653054,6.225861985466229,45.188619019896414,False,False
0x29f8437fee9a3c972bcdc483874dc6f5192142a2158e999ace849dedb342d671,2024-03-04 00:00:03+00:00,0.165,0.15879525058939845,6.279303872941984,45.57651150747221,False,False
0x29f8437fee9a3c972bcdc483874dc6f5192142a2158e999ace849dedb342d671,2024-03-05 00:00:03+00:00,0.17,0.15605739980226632,6.251655867757608,44.306561784249524,False,False
0x29f8437fee9a3c972bcdc483874dc6f5192142a2158e999ace849dedb342d671,2024-03-06 00:00:03+00:00,0.155,0.15331954901513423,6.56318359590106,50.110201152136355,False,False
0x29f8437fee9a3c972bcdc483874dc6f5192142a2158e999ace849dedb342d671,2024-03-07 00:00:02+00:00,0.2,0.15058172991608995,5.898492003409727,36.86557502131078,False,False
0x29f8437fee9a3c972bcdc483874dc6f5192142a2158e999ace849dedb342d671,2024-03-08 00:00:02+00:00,0.175,0.14784387912895786,6.340198588099726,43.914795415409365,False,False
0x29f8437fee9a3c972bcdc483874dc6f5192142a2158e999ace849dedb342d671,2024-03-09 00:00:03+00:00,0.22,0.14510599665373794,5.723481414418108,33.35362129614282,False,False
0x29f8437fee9a3c972bcdc483874dc6f5192142a2158e999ace849dedb342d671,2024-03-10 00:00:02+00:00,0.265,0.14236817755469364,5.201008824461042,26.702650876452534,False,False
0x29f8437fee9a3c972bcdc483874dc6f5192142a2158e999ace849dedb342d671,2024-03-11 00:00:02+00:00,0.255,0.13963032676756154,5.373826649497953,28.28702013158549,False,False
0x29f8437fee9a3c972bcdc483874dc6f5192142a2158e999ace849dedb342d671,2024-03-12 00:00:02+00:00,0.225,0.13689247598042945,5.822657215837636,33.39158259978573,False,False
0x29f8437fee9a3c972bcdc483874dc6f5192142a2158e999ace849dedb342d671,2024-03-13 00:00:03+00:00,0.15,0.13415459350520953,7.1122922553001935,55.782684355295636,False,False
0x29f8437fee9a3c972bcdc483874dc6f5192142a2158e999ace849dedb342d671,2024-03-14 00:00:03+00:00,0.14,0.13141674271807743,7.387982499668336,61.36198089425528,False,False
0x29f8437fee9a3c972bcdc483874dc6f5192142a2158e999ace849dedb342d671,2024-03-15 00:00:03+00:00,0.105,0.1286788919309453,8.288863718253191,88.20285946531727,False,False
0x29f8437fee9a3c972bcdc483874dc6f5192142a2158e999ace849dedb342d671,2024-03-16 00:00:02+00:00,0.105,0.12594107283190104,8.378474673288526,89.15642110442698,False,False
0x29f8437fee9a3c972bcdc483874dc6f5192142a2158e999ace849dedb342d671,2024-03-17 00:00:03+00:00,0.105,0.12320319035668112,8.471058451241962,90.14161693260934,False,False
0x29f8437fee9a3c972bcdc483874dc6f5192142a2158e999ace849dedb342d671,2024-03-18 00:00:03+00:00,0.095,0.12046533956954901,8.852025479365661,102.96045919587857,False,False
0x29f8437fee9a3c972bcdc483874dc6f5192142a2158e999ace849dedb342d671,2024-03-19 00:00:02+00:00,0.095,0.11772752047050473,8.954363310958374,104.15078000533147,False,False
0x29f8437fee9a3c972bcdc483874dc6f5192142a2158e999ace849dedb342d671,2024-03-20 00:00:03+00:00,0.095,0.11498963799528482,9.060337102689452,105.38339171491074,False,False
0x29f8437fee9a3c972bcdc483874dc6f5192142a2158e999ace849dedb342d671,2024-03-21 00:00:03+00:00,0.12,0.11225178720815271,8.471775299054228,80.22514487740746,False,False
0x29f8437fee9a3c972bcdc483874dc6f5192142a2158e999ace849dedb342d671,2024-03-22 00:00:02+00:00,0.105,0.10951396810910842,8.98491344544997,95.60961367863763,False,False
0x29f8437fee9a3c972bcdc483874dc6f5192142a2158e999ace849dedb342d671,2024-03-23 00:00:03+00:00,0.135,0.1067760856338885,8.313153958677235,71.18950082361151,False,False
0x29f8437fee9a3c972bcdc483874dc6f5192142a2158e999ace849dedb342d671,2024-03-24 00:00:03+00:00,0.145,0.10403823484675641,8.188291596150505,66.04792576043965,False,False
0x29f8437fee9a3c972bcdc483874dc6f5192142a2158e999ace849dedb342d671,2024-03-25 00:00:03+00:00,0.145,0.10130038405962431,8.298206571031333,66.93451559613901,False,False
0x29f8437fee9a3c972bcdc483874dc6f5192142a2158e999ace849dedb342d671,2024-03-26 00:00:02+00:00,0.135,0.09856256496058002,8.65260390209103,74.09637252914605,False,False
0x29f8437fee9a3c972bcdc483874dc6f5192142a2158e999ace849dedb342d671,2024-03-27 00:00:03+00:00,0.125,0.09582468248536011,9.03370789735843,82.59390077584851,False,False
0x29f8437fee9a3c972bcdc483874dc6f5192142a2158e999ace849dedb342d671,2024-03-28 00:00:03+00:00,0.13,0.093086831698228,9.032487029066912,79.86283845328835,False,False
0x29f8437fee9a3c972bcdc483874dc6f5192142a2158e999ace849dedb342d671,2024-03-29 00:00:02+00:00,0.095,0.09034901259918371,10.22143813864969,118.88849245303506,False,False
0x29f8437fee9a3c972bcdc483874dc6f5192142a2158e999ace849dedb342d671,2024-03-30 00:00:02+00:00,0.09,0.08761116181205161,10.558091569926177,128.9144269832256,False,False
0x29f8437fee9a3c972bcdc483874dc6f5192142a2158e999ace849dedb342d671,2024-03-31 00:00:03+00:00,0.08,0.0848732793368317,11.11537325564926,151.02409314740842,False,False
0x29f8437fee9a3c972bcdc483874dc6f5192142a2158e999ace849dedb342d671,2024-04-01 00:00:02+00:00,0.075,0.08213546023778741,11.511968753852885,165.93828834382535,False,False
0x29f8437fee9a3c972bcdc483874dc6f5192142a2158e999ace849dedb342d671,2024-04-02 00:00:03+00:00,0.065,0.07939757776256749,12.180328907029558,200.41676523290099,False,False
0x29f8437fee9a3c972bcdc483874dc6f5192142a2158e999ace849dedb342d671,2024-04-03 00:00:03+00:00,0.045,0.0766597269754354,13.578463784748143,315.96192634667,True,False
0x29f8437fee9a3c972bcdc483874dc6f5192142a2158e999ace849dedb342d671,2024-04-04 00:00:03+00:00,0.045,0.07392187618830329,13.827631009737528,321.7598838798727,True,False
0x29f8437fee9a3c972bcdc483874dc6f5192142a2158e999ace849dedb342d671,2024-04-05 00:00:03+00:00,0.1,0.07118402540117119,11.32616477311726,125.84627525685842,False,False
0x29f8437fee9a3c972bcdc483874dc6f5192142a2158e999ace849dedb342d671,2024-04-06 00:00:03+00:00,0.0425,0.0684461746140391,14.558185556808166,357.74991385183637,True,False
0x29f8437fee9a3c972bcdc483874dc6f5192142a2158e999ace849dedb342d671,2024-04-07 00:00:02+00:00,0.0485,0.0657083555149948,14.412282020775697,312.30736104741175,True,False
0x29f8437fee9a3c972bcdc483874dc6f5192142a2158e999ace849dedb342d671,2024-04-08 00:00:03+00:00,0.05,0.06297047303977489,14.615823481790661,307.70154698506656,False,False
0x29f8437fee9a3c972bcdc483874dc6f5192142a2158e999ace849dedb342d671,2024-04-09 00:00:03+00:00,0.045,0.06023262225264279,15.318575697911118,356.4531866878678,True,False
0x29f8437fee9a3c972bcdc483874dc6f5192142a2158e999ace849dedb342d671,2024-04-10 00:00:03+00:00,0.046,0.057494771465510686,15.59966851666686,355.475082414248,True,False
0x29f8437fee9a3c972bcdc483874dc6f5192142a2158e999ace849dedb342d671,2024-04-11 00:00:03+00:00,0.0255,0.05475692067837858,18.079502682697253,727.5526990290547,True,False
0x29f8437fee9a3c972bcdc483874dc6f5192142a2158e999ace849dedb342d671,2024-04-12 00:00:03+00:00,0.022,0.05201906989124648,19.059728868253977,885.8397875187758,True,False
0x29f8437fee9a3c972bcdc483874dc6f5192142a2158e999ace849dedb342d671,2024-04-13 00:00:02+00:00,0.026,0.0492812507922022,18.987697019046866,749.790594655144,True,False
0x29f8437fee9a3c972bcdc483874dc6f5192142a2158e999ace849dedb342d671,2024-04-14 00:00:03+00:00,0.0355,0.04654336831698228,18.359886006844192,536.2155391568044,True,False
0x29f8437fee9a3c972bcdc483874dc6f5192142a2158e999ace849dedb342d671,2024-04-15 00:00:03+00:00,0.0345,0.04380551752985018,19.03862665660133,571.5631806483485,True,False
0x29f8437fee9a3c972bcdc483874dc6f5192142a2158e999ace849dedb342d671,2024-04-16 00:00:03+00:00,0.034,0.04106766674271808,19.72281369747342,600.4997472132937,True,False
0x29f8437fee9a3c972bcdc483874dc6f5192142a2158e999ace849dedb342d671,2024-04-17 00:00:03+00:00,0.0275,0.038329815955585975,,,True,False
0x29f8437fee9a3c972bcdc483874dc6f5192142a2158e999ace849dedb342d671,2024-04-18 00:00:03+00:00,0.025,0.03559196516845387,,,True,False
0x29f8437fee9a3c972bcdc483874dc6f5192142a2158e999ace849dedb342d671,2024-04-19 00:00:03+00:00,0.0205,0.032854114381321776,,,True,False
0x29f8437fee9a3c972bcdc483874dc6f5192142a2158e999ace849dedb342d671,2024-04-20 00:00:02+00:00,0.022,0.030116295282277487,,,True,False
0x29f8437fee9a3c972bcdc483874dc6f5192142a2158e999ace849dedb342d671,2024-04-21 00:00:03+00:00,0.022,0.02737841280705757,,,True,False
0x29f8437fee9a3c972bcdc483874dc6f5192142a2158e999ace849dedb342d671,2024-04-22 00:00:03+00:00,0.0215,0.02464056201992547,,,True,False
0x29f8437fee9a3c972bcdc483874dc6f5192142a2158e999ace849dedb342d671,2024-04-23 00:00:02+00:00,0.017,0.021902742920881183,,,True,False
0x29f8437fee9a3c972bcdc483874dc6f5192142a2158e999ace849dedb342d671,2024-04-24 00:00:03+00:00,0.018,0.019164860445661267,,,True,False
0x29f8437fee9a3c972bcdc483874dc6f5192142a2158e999ace849dedb342d671,2024-04-25 00:00:03+00:00,0.0175,0.016427009658529165,,,True,False
0x29f8437fee9a3c972bcdc483874dc6f5192142a2158e999ace849dedb342d671,2024-04-26 00:00:02+00:00,0.0185,0.013689190559484879,,,True,False
0x29f8437fee9a3c972bcdc483874dc6f5192142a2158e999ace849dedb342d671,2024-04-27 00:00:03+00:00,0.016,0.010951308084264963,,,True,False
0x29f8437fee9a3c972bcdc483874dc6f5192142a2158e999ace849dedb342d671,2024-04-28 00:00:03+00:00,0.014,0.008213457297132862,,,True,False
0x29f8437fee9a3c972bcdc483874dc6f5192142a2158e999ace849dedb342d671,2024-04-29 00:00:03+00:00,0.014,0.00547560651000076,,,True,False
0x29f8437fee9a3c972bcdc483874dc6f5192142a2158e999ace849dedb342d671,2024-04-30 00:00:04+00:00,0.0135,0.0027377240347808453,,,True,False
0x29f8437fee9a3c972bcdc483874dc6f5192142a2158e999ace849dedb342d671,2024-05-01 00:00:03+00:00,0.0075,0.0,,,True,False
0x29f8437fee9a3c972bcdc483874dc6f5192142a2158e999ace849dedb342d671,2024-05-02 00:00:03+00:00,0.0005,0.0,,,True,False
0x2edbdabce90c3dfa1125836396c80762fa3bf09eaf5e611e4a2fd4a13ce81c25,2023-05-04 00:00:54+00:00,0.035,0.10677446954141,12.157933184186179,359.9684140395612,True,False
0x2edbdabce90c3dfa1125836396c80762fa3bf09eaf5e611e4a2fd4a13ce81c25,2023-05-05 00:00:04+00:00,0.045,0.10403820315866859,11.655686315890662,271.2201586012952,True,False
0x2edbdabce90c3dfa1125836396c80762fa3bf09eaf5e611e4a2fd4a13ce81c25,2023-05-06 00:00:12+00:00,0.055,0.10130009886683398,11.258334741838835,216.61057704355625,False,False
0x2edbdabce90c3dfa1125836396c80762fa3bf09eaf5e611e4a2fd4a13ce81c25,2023-05-07 00:00:24+00:00,0.035,0.09856186782264811,12.654325489777143,374.66544751375704,True,False
0x2edbdabce90c3dfa1125836396c80762fa3bf09eaf5e611e4a2fd4a13ce81c25,2023-05-08 00:00:41+00:00,0.025,0.09582347833802317,13.717789040863622,562.7810888559434,True,False
0x2edbdabce90c3dfa1125836396c80762fa3bf09eaf5e611e4a2fd4a13ce81c25,2023-05-09 00:00:08+00:00,0.03,0.09308667325778894,13.437284332668936,461.7623482016817,True,False
0x2edbdabce90c3dfa1125836396c80762fa3bf09eaf5e611e4a2fd4a13ce81c25,2023-05-10 00:00:45+00:00,0.035,0.09034765001140771,13.217065223855347,391.3268756137779,True,False
0x2edbdabce90c3dfa1125836396c80762fa3bf09eaf5e611e4a2fd4a13ce81c25,2023-05-11 00:00:36+00:00,0.025,0.08761008441706594,14.346403323948444,588.570392777372,True,False
0x2edbdabce90c3dfa1125836396c80762fa3bf09eaf5e611e4a2fd4a13ce81c25,2023-05-12 00:00:54+00:00,0.025,0.08487166324435318,14.576012393564552,597.9902520436739,True,False
0x2edbdabce90c3dfa1125836396c80762fa3bf09eaf5e611e4a2fd4a13ce81c25,2023-05-13 00:00:42+00:00,0.02,0.08213419271427486,15.426406400195061,787.0615510303603,True,False
0x2edbdabce90c3dfa1125836396c80762fa3bf09eaf5e611e4a2fd4a13ce81c25,2023-05-15 00:00:02+00:00,0.02,0.0766597586635232,15.9677248725463,814.6798404360358,True,False
0x2edbdabce90c3dfa1125836396c80762fa3bf09eaf5e611e4a2fd4a13ce81c25,2023-05-16 00:00:23+00:00,0.02,0.07392124242654702,16.26080852947357,829.6330882384476,True,False
0x2edbdabce90c3dfa1125836396c80762fa3bf09eaf5e611e4a2fd4a13ce81c25,2023-05-17 00:00:23+00:00,0.015,0.07118339163941491,17.387470133457708,1176.8169295064438,True,False
0x2edbdabce90c3dfa1125836396c80762fa3bf09eaf5e611e4a2fd4a13ce81c25,2023-05-18 00:00:02+00:00,0.015,0.0684462063021269,17.731727334915274,1200.1169093005262,True,False
0x2edbdabce90c3dfa1125836396c80762fa3bf09eaf5e611e4a2fd4a13ce81c25,2023-05-19 00:00:02+00:00,0.015,0.0657083555149948,18.097368777728626,1224.8642150746955,True,False
0x2edbdabce90c3dfa1125836396c80762fa3bf09eaf5e611e4a2fd4a13ce81c25,2023-05-20 00:00:02+00:00,0.015,0.0629705047278627,18.486604421526312,1251.2084210846913,True,False
0x2edbdabce90c3dfa1125836396c80762fa3bf09eaf5e611e4a2fd4a13ce81c25,2023-05-21 00:00:02+00:00,0.015,0.0602326539407306,18.902086043456663,1279.3290046332768,True,False
0x2edbdabce90c3dfa1125836396c80762fa3bf09eaf5e611e4a2fd4a13ce81c25,2023-05-22 00:00:02+00:00,0.015,0.0574948031535985,19.346902352403138,1309.4350153910752,True,False
0x2edbdabce90c3dfa1125836396c80762fa3bf09eaf5e611e4a2fd4a13ce81c25,2023-05-23 00:00:02+00:00,0.015,0.054756952366466397,19.82467613420582,1341.7716503692602,True,False
0x2edbdabce90c3dfa1125836396c80762fa3bf09eaf5e611e4a2fd4a13ce81c25,2023-05-24 00:00:02+00:00,0.015,0.052019101579334294,,,True,False
0x2edbdabce90c3dfa1125836396c80762fa3bf09eaf5e611e4a2fd4a13ce81c25,2023-05-25 00:00:02+00:00,0.02,0.0492812507922022,19.91525647987559,1016.0845142793669,True,False
0x2edbdabce90c3dfa1125836396c80762fa3bf09eaf5e611e4a2fd4a13ce81c25,2023-05-26 00:00:02+00:00,0.02,0.046543400005070096,,,True,False
0x2edbdabce90c3dfa1125836396c80762fa3bf09eaf5e611e4a2fd4a13ce81c25,2023-05-27 00:00:02+00:00,0.02,0.04380554921793799,,,True,False
0x2edbdabce90c3dfa1125836396c80762fa3bf09eaf5e611e4a2fd4a13ce81c25,2023-05-28 00:00:02+00:00,0.02,0.04106769843080589,,,True,False
0x2edbdabce90c3dfa1125836396c80762fa3bf09eaf5e611e4a2fd4a13ce81c25,2023-05-29 00:00:02+00:00,0.05,0.03832984764367379,18.733685312814714,394.39337500662555,False,False
0x2edbdabce90c3dfa1125836396c80762fa3bf09eaf5e611e4a2fd4a13ce81c25,2023-05-30 00:00:02+00:00,0.025,0.035591996856541686,,,True,False
0x2edbdabce90c3dfa1125836396c80762fa3bf09eaf5e611e4a2fd4a13ce81c25,2023-05-31 00:00:02+00:00,0.02,0.03285414606940959,,,True,False
0x2edbdabce90c3dfa1125836396c80762fa3bf09eaf5e611e4a2fd4a13ce81c25,2023-06-01 00:00:02+00:00,0.01,0.030116295282277487,,,True,False
0x2edbdabce90c3dfa1125836396c80762fa3bf09eaf5e611e4a2fd4a13ce81c25,2023-06-02 00:00:02+00:00,0.01,0.027378444495145385,,,True,False
0x2edbdabce90c3dfa1125836396c80762fa3bf09eaf5e611e4a2fd4a13ce81c25,2023-06-03 00:00:02+00:00,0.005,0.024640593708013282,,,True,False
0x2edbdabce90c3dfa1125836396c80762fa3bf09eaf5e611e4a2fd4a13ce81c25,2023-06-04 00:00:02+00:00,0.005,0.021902742920881183,,,True,False
0x2edbdabce90c3dfa1125836396c80762fa3bf09eaf5e611e4a2fd4a13ce81c25,2023-06-05 00:00:02+00:00,0.005,0.01916489213374908,,,True,False
0x2edbdabce90c3dfa1125836396c80762fa3bf09eaf5e611e4a2fd4a13ce81c25,2023-06-06 00:00:02+00:00,0.01,0.016427041346616978,,,True,False
0x2edbdabce90c3dfa1125836396c80762fa3bf09eaf5e611e4a2fd4a13ce81c25,2023-06-07 00:00:02+00:00,0.005,0.013689190559484879,,,True,False
0x2edbdabce90c3dfa1125836396c80762fa3bf09eaf5e611e4a2fd4a13ce81c25,2023-06-08 00:00:02+00:00,0.005,0.010951339772352776,,,True,False
0x2edbdabce90c3dfa1125836396c80762fa3bf09eaf5e611e4a2fd4a13ce81c25,2023-06-09 00:00:02+00:00,0.005,0.008213488985220676,,,True,False
0x2edbdabce90c3dfa1125836396c80762fa3bf09eaf5e611e4a2fd4a13ce81c25,2023-06-10 00:00:02+00:00,0.005,0.005475638198088575,,,True,False
0x2edbdabce90c3dfa1125836396c80762fa3bf09eaf5e611e4a2fd4a13ce81c25,2023-06-11 00:00:02+00:00,0.005,0.002737787410956473,,,True,False
0x2edbdabce90c3dfa1125836396c80762fa3bf09eaf5e611e4a2fd4a13ce81c25,2023-06-12 00:00:02+00:00,0.005,0.0,,,True,False
0x2edbdabce90c3dfa1125836396c80762fa3bf09eaf5e611e4a2fd4a13ce81c25,2023-06-13 00:00:02+00:00,0.005,0.0,,,True,False
0x2edbdabce90c3dfa1125836396c80762fa3bf09eaf5e611e4a2fd4a13ce81c25,2023-06-14 00:00:02+00:00,0.005,0.0,,,True,False
0x3aacd25625f8dbf5bc0407d622067c2eb5706937a25cdba448f12aea6f38a2c3,2023-12-22 00:00:02+00:00,0.03,0.10951396810910842,12.388550744719613,425.7233932893338,True,False
0x3aacd25625f8dbf5bc0407d622067c2eb5706937a25cdba448f12aea6f38a2c3,2023-12-23 00:00:02+00:00,0.029,0.10677611732197632,12.630688422508326,448.5488981323316,True,False
0x3aacd25625f8dbf5bc0407d622067c2eb5706937a25cdba448f12aea6f38a2c3,2023-12-24 00:00:02+00:00,0.047,0.10403826653484421,11.538715526932137,257.61236692487637,True,False
0x3aacd25625f8dbf5bc0407d622067c2eb5706937a25cdba448f12aea6f38a2c3,2023-12-25 00:00:02+00:00,0.0525,0.10130041574771212,11.388276951053015,228.93885063054185,False,False
0x3aacd25625f8dbf5bc0407d622067c2eb5706937a25cdba448f12aea6f38a2c3,2023-12-26 00:00:02+00:00,0.0525,0.09856256496058002,11.54536415407097,232.09677907417458,False,False
0x3aacd25625f8dbf5bc0407d622067c2eb5706937a25cdba448f12aea6f38a2c3,2023-12-27 00:00:03+00:00,0.046,0.09582468248536011,12.083447278426464,275.3497237814799,True,False
0x3aacd25625f8dbf5bc0407d622067c2eb5706937a25cdba448f12aea6f38a2c3,2023-12-28 00:00:03+00:00,0.053,0.093086831698228,11.852542199968578,236.14875575239742,False,False
0x3aacd25625f8dbf5bc0407d622067c2eb5706937a25cdba448f12aea6f38a2c3,2023-12-29 00:00:02+00:00,0.0635,0.09034901259918371,11.4894001147016,193.20388134243518,False,False
0x3aacd25625f8dbf5bc0407d622067c2eb5706937a25cdba448f12aea6f38a2c3,2023-12-30 00:00:02+00:00,0.064,0.08761116181205161,11.643312622393777,194.36619628728928,False,False
0x3aacd25625f8dbf5bc0407d622067c2eb5706937a25cdba448f12aea6f38a2c3,2023-12-31 00:00:02+00:00,0.0615,0.08487331102491952,11.954343532348226,207.1172825057842,False,False
0x3aacd25625f8dbf5bc0407d622067c2eb5706937a25cdba448f12aea6f38a2c3,2024-01-01 00:00:02+00:00,0.054,0.08213546023778741,12.560042610004889,245.87038231158266,False,False
0x3aacd25625f8dbf5bc0407d622067c2eb5706937a25cdba448f12aea6f38a2c3,2024-01-02 00:00:02+00:00,0.0605,0.07939760945065531,12.41249964000905,218.37709771786558,False,False
0x3aacd25625f8dbf5bc0407d622067c2eb5706937a25cdba448f12aea6f38a2c3,2024-01-03 00:00:02+00:00,0.071,0.0766597586635232,12.101209759679909,183.46563410118267,False,False
0x3aacd25625f8dbf5bc0407d622067c2eb5706937a25cdba448f12aea6f38a2c3,2024-01-04 00:00:02+00:00,0.048,0.07392190787639111,13.62134496217343,298.08615550974764,True,False
0x3aacd25625f8dbf5bc0407d622067c2eb5706937a25cdba448f12aea6f38a2c3,2024-01-05 00:00:03+00:00,0.042,0.07118402540117119,14.313461483885142,355.73768475706186,True,False
0x3aacd25625f8dbf5bc0407d622067c2eb5706937a25cdba448f12aea6f38a2c3,2024-01-06 00:00:02+00:00,0.0355,0.0684462063021269,15.139941403784224,442.17441435127955,True,False
0x3aacd25625f8dbf5bc0407d622067c2eb5706937a25cdba448f12aea6f38a2c3,2024-01-07 00:00:02+00:00,0.031,0.0657083555149948,15.889108559556115,528.9493178719703,True,False
0x3aacd25625f8dbf5bc0407d622067c2eb5706937a25cdba448f12aea6f38a2c3,2024-01-08 00:00:02+00:00,0.0295,0.0629705047278627,16.39203678215262,572.5525644531517,True,False
0x3aacd25625f8dbf5bc0407d622067c2eb5706937a25cdba448f12aea6f38a2c3,2024-01-09 00:00:03+00:00,0.034,0.06023262225264279,16.28557142301231,495.8461643835194,True,False
0x3aacd25625f8dbf5bc0407d622067c2eb5706937a25cdba448f12aea6f38a2c3,2024-01-10 00:00:03+00:00,0.0325,0.057494771465510686,16.824356469722744,535.0620224916794,True,False
0x3aacd25625f8dbf5bc0407d622067c2eb5706937a25cdba448f12aea6f38a2c3,2024-01-11 00:00:03+00:00,0.0325,0.05475692067837858,17.239835954042388,548.275442784095,True,False
0x3aacd25625f8dbf5bc0407d622067c2eb5706937a25cdba448f12aea6f38a2c3,2024-01-12 00:00:03+00:00,0.027,0.05201906989124648,18.348775277589514,698.4422091884403,True,False
0x3aacd25625f8dbf5bc0407d622067c2eb5706937a25cdba448f12aea6f38a2c3,2024-01-13 00:00:02+00:00,0.015,0.0492812507922022,,,True,False
0x3aacd25625f8dbf5bc0407d622067c2eb5706937a25cdba448f12aea6f38a2c3,2024-01-14 00:00:02+00:00,0.017,0.046543400005070096,,,True,False
0x3aacd25625f8dbf5bc0407d622067c2eb5706937a25cdba448f12aea6f38a2c3,2024-01-15 00:00:03+00:00,0.017,0.04380551752985018,,,True,False
0x3aacd25625f8dbf5bc0407d622067c2eb5706937a25cdba448f12aea6f38a2c3,2024-01-16 00:00:02+00:00,0.017,0.04106769843080589,,,True,False
0x3aacd25625f8dbf5bc0407d622067c2eb5706937a25cdba448f12aea6f38a2c3,2024-01-17 00:00:03+00:00,0.0155,0.038329815955585975,,,True,False
0x3aacd25625f8dbf5bc0407d622067c2eb5706937a25cdba448f12aea6f38a2c3,2024-01-18 00:00:02+00:00,0.013,0.035591996856541686,,,True,False
0x3aacd25625f8dbf5bc0407d622067c2eb5706937a25cdba448f12aea6f38a2c3,2024-01-19 00:00:02+00:00,0.0115,0.03285414606940959,,,True,False
0x3aacd25625f8dbf5bc0407d622067c2eb5706937a25cdba448f12aea6f38a2c3,2024-01-20 00:00:03+00:00,0.0105,0.030116263594189674,,,True,False
0x3aacd25625f8dbf5bc0407d622067c2eb5706937a25cdba448f12aea6f38a2c3,2024-01-21 00:00:02+00:00,0.01,0.027378444495145385,,,True,False
0x3aacd25625f8dbf5bc0407d622067c2eb5706937a25cdba448f12aea6f38a2c3,2024-01-22 00:00:02+00:00,0.01,0.024640593708013282,,,True,False
0x3aacd25625f8dbf5bc0407d622067c2eb5706937a25cdba448f12aea6f38a2c3,2024-01-23 00:00:03+00:00,0.01,0.02190271123279337,,,True,False
0x3aacd25625f8dbf5bc0407d622067c2eb5706937a25cdba448f12aea6f38a2c3,2024-01-24 00:00:02+00:00,0.01,0.01916489213374908,,,True,False
0x3aacd25625f8dbf5bc0407d622067c2eb5706937a25cdba448f12aea6f38a2c3,2024-01-25 00:00:02+00:00,0.011,0.016427041346616978,,,True,False
0x3aacd25625f8dbf5bc0407d622067c2eb5706937a25cdba448f12aea6f38a2c3,2024-01-26 00:00:02+00:00,0.009,0.013689190559484879,,,True,False
0x3aacd25625f8dbf5bc0407d622067c2eb5706937a25cdba448f12aea6f38a2c3,2024-01-27 00:00:02+00:00,0.008,0.010951339772352776,,,True,False
0x3aacd25625f8dbf5bc0407d622067c2eb5706937a25cdba448f12aea6f38a2c3,2024-01-28 00:00:02+00:00,0.009,0.008213488985220676,,,True,False
0x3aacd25625f8dbf5bc0407d622067c2eb5706937a25cdba448f12aea6f38a2c3,2024-01-29 00:00:02+00:00,0.009,0.005475638198088575,,,True,False
0x3aacd25625f8dbf5bc0407d622067c2eb5706937a25cdba448f12aea6f38a2c3,2024-01-30 00:00:02+00:00,0.012,0.002737787410956473,,,True,False
0x3aacd25625f8dbf5bc0407d622067c2eb5706937a25cdba448f12aea6f38a2c3,2024-01-31 00:00:02+00:00,0.0145,0.0,,,True,False
0x3aacd25625f8dbf5bc0407d622067c2eb5706937a25cdba448f12aea6f38a2c3,2024-02-01 00:00:02+00:00,0.0005,0.0,,,True,False
0x4057c2528a3815d460f0c5889f52a914745b23400c4548804afee8f9c4a56ec3,2024-03-09 00:00:03+00:00,0.925,0.7775495284812534,0.4765148899814775,6.868683098832112,False,False
0x4057c2528a3815d460f0c5889f52a914745b23400c4548804afee8f9c4a56ec3,2024-03-10 00:00:02+00:00,0.925,0.774811709382209,0.4773560370060855,6.880807740628263,False,False
0x4057c2528a3815d460f0c5889f52a914745b23400c4548804afee8f9c4a56ec3,2024-03-11 00:00:02+00:00,0.9245,0.7720738585950769,0.4791091443776627,6.864052441128552,False,False
0x4057c2528a3815d460f0c5889f52a914745b23400c4548804afee8f9c4a56ec3,2024-03-12 00:00:02+00:00,0.925,0.7693360078079449,0.4790518010544039,6.90525118636979,False,False
0x4057c2528a3815d460f0c5889f52a914745b23400c4548804afee8f9c4a56ec3,2024-03-13 00:00:03+00:00,0.9225,0.7665981253327249,0.484444935228959,6.776045951274886,False,False
0x4057c2528a3815d460f0c5889f52a914745b23400c4548804afee8f9c4a56ec3,2024-03-14 00:00:03+00:00,0.922,0.7638602745455928,0.48621722167126863,6.7609046897946055,False,False
0x4057c2528a3815d460f0c5889f52a914745b23400c4548804afee8f9c4a56ec3,2024-03-15 00:00:03+00:00,0.9175,0.7611224237584607,0.4951880157134429,6.541993436888023,False,False
0x4057c2528a3815d460f0c5889f52a914745b23400c4548804afee8f9c4a56ec3,2024-03-16 00:00:02+00:00,0.9175,0.7583846046594165,0.49608104138186004,6.553791315423796,False,False
0x4057c2528a3815d460f0c5889f52a914745b23400c4548804afee8f9c4a56ec3,2024-03-17 00:00:03+00:00,0.9175,0.7556467221841965,0.4969789368500018,6.565653529518642,False,False
0x4057c2528a3815d460f0c5889f52a914745b23400c4548804afee8f9c4a56ec3,2024-03-18 00:00:03+00:00,0.9155,0.7529088713970644,0.5014668327366592,6.482270595970889,False,False
0x4057c2528a3815d460f0c5889f52a914745b23400c4548804afee8f9c4a56ec3,2024-03-19 00:00:02+00:00,0.9155,0.7501710522980202,0.5023810742911736,6.494088648052424,False,False
0x4057c2528a3815d460f0c5889f52a914745b23400c4548804afee8f9c4a56ec3,2024-03-20 00:00:03+00:00,0.9155,0.7474331698228002,0.5033003558420667,6.505971850245981,False,False
0x4057c2528a3815d460f0c5889f52a914745b23400c4548804afee8f9c4a56ec3,2024-03-21 00:00:03+00:00,0.8695,0.7446953190356681,0.5837731483857654,5.144746933749,False,False
0x4057c2528a3815d460f0c5889f52a914745b23400c4548804afee8f9c4a56ec3,2024-03-22 00:00:02+00:00,0.8945,0.7419574999366239,0.5421392815342209,5.744841769043795,False,False
0x4057c2528a3815d460f0c5889f52a914745b23400c4548804afee8f9c4a56ec3,2024-03-23 00:00:03+00:00,0.9095,0.7392196174614039,0.516834993891323,6.27914668543305,False,False
0x4057c2528a3815d460f0c5889f52a914745b23400c4548804afee8f9c4a56ec3,2024-03-24 00:00:03+00:00,0.9125,0.7364817666742718,0.5124309214671285,6.417921521310415,False,False
0x4057c2528a3815d460f0c5889f52a914745b23400c4548804afee8f9c4a56ec3,2024-03-25 00:00:03+00:00,0.912,0.7337439158871397,0.5142842792499723,6.408047737863494,False,False
0x4057c2528a3815d460f0c5889f52a914745b23400c4548804afee8f9c4a56ec3,2024-03-26 00:00:02+00:00,0.912,0.7310060967880955,0.5152464473071657,6.420036474620788,False,False
0x4057c2528a3815d460f0c5889f52a914745b23400c4548804afee8f9c4a56ec3,2024-03-27 00:00:03+00:00,0.912,0.7282682143128755,0.5162140584362463,6.432093032748288,False,False
0x4057c2528a3815d460f0c5889f52a914745b23400c4548804afee8f9c4a56ec3,2024-03-28 00:00:03+00:00,0.912,0.7255303635257434,0.5171871302253378,6.444217631396257,False,False
0x4057c2528a3815d460f0c5889f52a914745b23400c4548804afee8f9c4a56ec3,2024-03-29 00:00:02+00:00,0.912,0.7227925444266992,0.518165714251184,6.456410913217506,False,False
0x4057c2528a3815d460f0c5889f52a914745b23400c4548804afee8f9c4a56ec3,2024-03-30 00:00:02+00:00,0.912,0.720054693639567,0.5191498856218577,6.468673814068206,False,False
0x4057c2528a3815d460f0c5889f52a914745b23400c4548804afee8f9c4a56ec3,2024-03-31 00:00:03+00:00,0.912,0.7173168111643471,0.5201396976878838,6.481006998702702,False,False
0x4057c2528a3815d460f0c5889f52a914745b23400c4548804afee8f9c4a56ec3,2024-04-01 00:00:02+00:00,0.9115,0.7145789920653028,0.5220442869257069,6.471536480510573,False,False
0x4057c2528a3815d460f0c5889f52a914745b23400c4548804afee8f9c4a56ec3,2024-04-02 00:00:03+00:00,0.9135,0.7118411095900828,0.5193973200296692,6.573172736880879,False,False
0x4057c2528a3815d460f0c5889f52a914745b23400c4548804afee8f9c4a56ec3,2024-04-03 00:00:03+00:00,0.913,0.7091032588029508,0.5213149417096471,6.563116940610684,False,False
0x4057c2528a3815d460f0c5889f52a914745b23400c4548804afee8f9c4a56ec3,2024-04-04 00:00:03+00:00,0.906,0.7063654080158187,0.5350627456596369,6.2827338506838215,False,False
0x4057c2528a3815d460f0c5889f52a914745b23400c4548804afee8f9c4a56ec3,2024-04-05 00:00:03+00:00,0.9155,0.7036275572286866,0.5187307590680673,6.70543479093543,False,False
0x4057c2528a3815d460f0c5889f52a914745b23400c4548804afee8f9c4a56ec3,2024-04-06 00:00:03+00:00,0.8525,0.7008897064415545,0.63130564653687,5.020572764347095,False,False
0x4057c2528a3815d460f0c5889f52a914745b23400c4548804afee8f9c4a56ec3,2024-04-07 00:00:02+00:00,0.853,0.6981518873425102,0.6316717166277263,5.037616069954991,False,False
0x4057c2528a3815d460f0c5889f52a914745b23400c4548804afee8f9c4a56ec3,2024-04-08 00:00:03+00:00,0.8525,0.6954140048672903,0.6337862287161281,5.040300044464462,False,False
0x4057c2528a3815d460f0c5889f52a914745b23400c4548804afee8f9c4a56ec3,2024-04-09 00:00:03+00:00,0.856,0.6926761540801581,0.6289196676241148,5.102216929712768,False,False
0x4057c2528a3815d460f0c5889f52a914745b23400c4548804afee8f9c4a56ec3,2024-04-10 00:00:03+00:00,0.856,0.6899383032930261,0.6301662887764142,5.112330354170027,False,False
0x4057c2528a3815d460f0c5889f52a914745b23400c4548804afee8f9c4a56ec3,2024-04-11 00:00:03+00:00,0.819,0.687200452505894,0.6966168463930748,4.699281878541238,False,False
0x4057c2528a3815d460f0c5889f52a914745b23400c4548804afee8f9c4a56ec3,2024-04-12 00:00:03+00:00,0.765,0.6844626017187618,0.7964517998523714,4.430270058975783,False,False
0x4057c2528a3815d460f0c5889f52a914745b23400c4548804afee8f9c4a56ec3,2024-04-13 00:00:02+00:00,0.7695,0.6817247826197176,0.7896129849438632,4.451790595317765,False,False
0x4057c2528a3815d460f0c5889f52a914745b23400c4548804afee8f9c4a56ec3,2024-04-14 00:00:03+00:00,0.765,0.6789869001444977,0.7996568506735979,4.448098182025298,False,False
0x4057c2528a3815d460f0c5889f52a914745b23400c4548804afee8f9c4a56ec3,2024-04-15 00:00:03+00:00,0.765,0.6762490493573656,0.8012739543736837,4.457093335411952,False,False
0x4057c2528a3815d460f0c5889f52a914745b23400c4548804afee8f9c4a56ec3,2024-04-16 00:00:03+00:00,0.765,0.6735111985702334,0.802900908469897,4.4661432817126805,False,False
0x4057c2528a3815d460f0c5889f52a914745b23400c4548804afee8f9c4a56ec3,2024-04-17 00:00:03+00:00,0.69,0.6707733477831014,0.954460789927048,4.462182281098868,False,False
0x4057c2528a3815d460f0c5889f52a914745b23400c4548804afee8f9c4a56ec3,2024-04-18 00:00:03+00:00,0.745,0.6680354969959693,0.844660444919741,4.446166310934286,False,False
0x4057c2528a3815d460f0c5889f52a914745b23400c4548804afee8f9c4a56ec3,2024-04-19 00:00:03+00:00,0.695,0.6652976462088371,0.9477929828060321,4.471248886925496,False,False
0x4057c2528a3815d460f0c5889f52a914745b23400c4548804afee8f9c4a56ec3,2024-04-20 00:00:02+00:00,0.678,0.6625598271097929,0.9861886681347483,4.517253284847415,False,False
0x4057c2528a3815d460f0c5889f52a914745b23400c4548804afee8f9c4a56ec3,2024-04-21 00:00:03+00:00,0.625,0.659821944634573,1.109358002232071,4.733260809523503,False,False
0x4057c2528a3815d460f0c5889f52a914745b23400c4548804afee8f9c4a56ec3,2024-04-22 00:00:03+00:00,0.63,0.6570840938474408,1.0997058651162004,4.717742879091379,False,False
0x4057c2528a3815d460f0c5889f52a914745b23400c4548804afee8f9c4a56ec3,2024-04-23 00:00:02+00:00,0.685,0.6543462747483966,0.9771327425081433,4.5284798633212535,False,False
0x4057c2528a3815d460f0c5889f52a914745b23400c4548804afee8f9c4a56ec3,2024-04-24 00:00:03+00:00,0.685,0.6516083922731767,0.9791834146051254,4.537983615363808,False,False
0x4057c2528a3815d460f0c5889f52a914745b23400c4548804afee8f9c4a56ec3,2024-04-25 00:00:03+00:00,0.685,0.6488705414860446,0.9812470282272465,4.547547344350582,False,False
0x4057c2528a3815d460f0c5889f52a914745b23400c4548804afee8f9c4a56ec3,2024-04-26 00:00:02+00:00,0.671,0.6461327223870003,1.0141546327376139,4.593944676038639,False,False
0x4057c2528a3815d460f0c5889f52a914745b23400c4548804afee8f9c4a56ec3,2024-04-27 00:00:03+00:00,0.655,0.6433948399117804,1.0525595266909866,4.657858288266342,False,False
0x4057c2528a3815d460f0c5889f52a914745b23400c4548804afee8f9c4a56ec3,2024-04-28 00:00:03+00:00,0.64,0.6406569891246483,1.0898258509864547,4.730146922684265,False,False
0x4057c2528a3815d460f0c5889f52a914745b23400c4548804afee8f9c4a56ec3,2024-04-29 00:00:03+00:00,0.64,0.6379191383375161,1.0921620294727432,4.740286586253226,False,False
0x4057c2528a3815d460f0c5889f52a914745b23400c4548804afee8f9c4a56ec3,2024-04-30 00:00:04+00:00,0.645,0.6351812558622962,1.08268265502892,4.728388055590872,False,False
0x4057c2528a3815d460f0c5889f52a914745b23400c4548804afee8f9c4a56ec3,2024-05-01 00:00:03+00:00,0.635,0.632443436763252,1.10884601055389,4.784148465338755,False,False
0x4057c2528a3815d460f0c5889f52a914745b23400c4548804afee8f9c4a56ec3,2024-05-02 00:00:03+00:00,0.615,0.6297055859761198,1.1603618701498963,4.900694203990692,False,False
0x4057c2528a3815d460f0c5889f52a914745b23400c4548804afee8f9c4a56ec3,2024-05-03 00:00:03+00:00,0.625,0.6269677351889877,1.138053037352146,4.855692959369156,False,False
0x4057c2528a3815d460f0c5889f52a914745b23400c4548804afee8f9c4a56ec3,2024-05-04 00:00:03+00:00,0.74,0.6242298844018557,0.8839147616530318,4.5941515678432,False,False
0x4057c2528a3815d460f0c5889f52a914745b23400c4548804afee8f9c4a56ec3,2024-05-05 00:00:03+00:00,0.74,0.6214920336147236,0.8858595712576243,4.604259725871228,False,False
0x4057c2528a3815d460f0c5889f52a914745b23400c4548804afee8f9c4a56ec3,2024-05-06 00:00:02+00:00,0.7325,0.6187542145156792,0.9031997068127271,4.609484644510107,False,False
0x4057c2528a3815d460f0c5889f52a914745b23400c4548804afee8f9c4a56ec3,2024-05-07 00:00:02+00:00,0.73,0.6160163637285472,0.9103808871742679,4.618878169326575,False,False
0x4057c2528a3815d460f0c5889f52a914745b23400c4548804afee8f9c4a56ec3,2024-05-08 00:00:03+00:00,0.735,0.6132784812533273,0.9020540069857002,4.6312617480975495,False,False
0x4057c2528a3815d460f0c5889f52a914745b23400c4548804afee8f9c4a56ec3,2024-05-09 00:00:03+00:00,0.745,0.6105406304661951,0.8835367968831537,4.650805615913429,False,False
0x4057c2528a3815d460f0c5889f52a914745b23400c4548804afee8f9c4a56ec3,2024-05-10 00:00:03+00:00,0.7355,0.607802779679063,0.9050720349263728,4.652375850829318,False,False
0x4057c2528a3815d460f0c5889f52a914745b23400c4548804afee8f9c4a56ec3,2024-05-11 00:00:04+00:00,0.7355,0.6050648972038432,0.9071174221402896,4.662889831719685,False,False
0x4057c2528a3815d460f0c5889f52a914745b23400c4548804afee8f9c4a56ec3,2024-05-12 00:00:03+00:00,0.734,0.6023270781047988,0.912301557245955,4.672622755352046,False,False
0x4057c2528a3815d460f0c5889f52a914745b23400c4548804afee8f9c4a56ec3,2024-05-13 00:00:04+00:00,0.7275,0.5995891956295789,0.9280337758015696,4.681276336840731,False,False
0x4057c2528a3815d460f0c5889f52a914745b23400c4548804afee8f9c4a56ec3,2024-05-14 00:00:03+00:00,0.7225,0.5968513765305347,0.9407756464299855,4.692294131013987,False,False
0x4057c2528a3815d460f0c5889f52a914745b23400c4548804afee8f9c4a56ec3,2024-05-15 00:00:04+00:00,0.7055,0.5941134940553148,0.9797368943034086,4.715493445525196,False,False
0x4057c2528a3815d460f0c5889f52a914745b23400c4548804afee8f9c4a56ec3,2024-05-16 00:00:04+00:00,0.725,0.5913756432681826,0.9397786206858688,4.713623175853887,False,False
0x4057c2528a3815d460f0c5889f52a914745b23400c4548804afee8f9c4a56ec3,2024-05-17 00:00:03+00:00,0.745,0.5886378241691383,0.8998245631107556,4.736541982422716,False,False
0x4057c2528a3815d460f0c5889f52a914745b23400c4548804afee8f9c4a56ec3,2024-05-18 00:00:03+00:00,0.755,0.5858999733820063,0.881247568774223,4.764144175019451,False,False
0x4057c2528a3815d460f0c5889f52a914745b23400c4548804afee8f9c4a56ec3,2024-05-19 00:00:03+00:00,0.76,0.5831621225948741,0.8730536514221356,4.786478352095042,False,False
0x4057c2528a3815d460f0c5889f52a914745b23400c4548804afee8f9c4a56ec3,2024-05-20 00:00:03+00:00,0.76,0.580424271807742,0.8751103180968073,4.79775393693425,False,False
0x4057c2528a3815d460f0c5889f52a914745b23400c4548804afee8f9c4a56ec3,2024-05-21 00:00:03+00:00,0.76,0.57768642102061,0.8771815883582414,4.809109585297376,False,False
0x4057c2528a3815d460f0c5889f52a914745b23400c4548804afee8f9c4a56ec3,2024-05-22 00:00:03+00:00,0.76,0.5749485702334778,0.879267635852538,4.820546249191546,False,False
0x4057c2528a3815d460f0c5889f52a914745b23400c4548804afee8f9c4a56ec3,2024-05-23 00:00:03+00:00,0.7525,0.5722107194463457,0.8969308874431624,4.815897915732272,False,False
0x4057c2528a3815d460f0c5889f52a914745b23400c4548804afee8f9c4a56ec3,2024-05-24 00:00:03+00:00,0.735,0.5694728686592136,0.9361056883583699,4.806087477131921,False,False
0x4057c2528a3815d460f0c5889f52a914745b23400c4548804afee8f9c4a56ec3,2024-05-25 00:00:03+00:00,0.7125,0.5667350178720816,0.987488349014608,4.820690643549574,False,False
0x4057c2528a3815d460f0c5889f52a914745b23400c4548804afee8f9c4a56ec3,2024-05-26 00:00:03+00:00,0.725,0.5639971670849494,0.9623184588360755,4.826675655604141,False,False
0x4057c2528a3815d460f0c5889f52a914745b23400c4548804afee8f9c4a56ec3,2024-05-27 00:00:03+00:00,0.715,0.5612593162978173,0.9867246850257484,4.842226401794863,False,False
0x4057c2528a3815d460f0c5889f52a914745b23400c4548804afee8f9c4a56ec3,2024-05-28 00:00:03+00:00,0.71,0.5585214655106853,1.0003273939450052,4.858316629164668,False,False
0x4057c2528a3815d460f0c5889f52a914745b23400c4548804afee8f9c4a56ec3,2024-05-29 00:00:04+00:00,0.66,0.5557835830354653,1.120177814886211,4.9918797454822235,False,False
0x4057c2528a3815d460f0c5889f52a914745b23400c4548804afee8f9c4a56ec3,2024-05-30 00:00:03+00:00,0.66,0.553045763936421,1.1229470775990718,5.004220488409411,False,False
0x4057c2528a3815d460f0c5889f52a914745b23400c4548804afee8f9c4a56ec3,2024-05-31 00:00:03+00:00,0.665,0.550307913149289,1.113478296314861,4.998219263000162,False,False
0x4057c2528a3815d460f0c5889f52a914745b23400c4548804afee8f9c4a56ec3,2024-06-01 00:00:03+00:00,0.655,0.5475700623621568,1.140947353496088,5.048998134732107,False,False
0x4057c2528a3815d460f0c5889f52a914745b23400c4548804afee8f9c4a56ec3,2024-06-02 00:00:03+00:00,0.695,0.5448322115750247,1.0473457975155438,4.940893018117909,False,False
0x4057c2528a3815d460f0c5889f52a914745b23400c4548804afee8f9c4a56ec3,2024-06-03 00:00:03+00:00,0.71,0.5420943607878926,1.0153707579021363,4.931378134541701,False,False
0x4057c2528a3815d460f0c5889f52a914745b23400c4548804afee8f9c4a56ec3,2024-06-04 00:00:02+00:00,0.715,0.5393565416888483,1.0065603047400615,4.939567192933684,False,False
0x4057c2528a3815d460f0c5889f52a914745b23400c4548804afee8f9c4a56ec3,2024-06-05 00:00:02+00:00,0.7325,0.5366186909017162,0.9698620705578148,4.949696382547619,False,False
0x4057c2528a3815d460f0c5889f52a914745b23400c4548804afee8f9c4a56ec3,2024-06-06 00:00:03+00:00,0.7395,0.5338808084264963,0.9568841373784065,4.967220614532601,False,False
0x4057c2528a3815d460f0c5889f52a914745b23400c4548804afee8f9c4a56ec3,2024-06-07 00:00:02+00:00,0.739,0.5311429893274521,0.9604492224553468,4.97954273122189,False,False
0x4057c2528a3815d460f0c5889f52a914745b23400c4548804afee8f9c4a56ec3,2024-06-08 00:00:02+00:00,0.761,0.5284051385403199,0.9150272824758342,5.030967195090331,False,False
0x4057c2528a3815d460f0c5889f52a914745b23400c4548804afee8f9c4a56ec3,2024-06-09 00:00:03+00:00,0.7505,0.5256672560651,0.940153645563886,5.020853942736297,False,False
0x4057c2528a3815d460f0c5889f52a914745b23400c4548804afee8f9c4a56ec3,2024-06-10 00:00:04+00:00,0.735,0.5229293735898801,0.9768770000512286,5.0154126558913035,False,False
0x4057c2528a3815d460f0c5889f52a914745b23400c4548804afee8f9c4a56ec3,2024-06-11 00:00:02+00:00,0.7,0.5201915861789236,1.0599893395840474,5.0475682837335585,False,False
0x4057c2528a3815d460f0c5889f52a914745b23400c4548804afee8f9c4a56ec3,2024-06-12 00:00:03+00:00,0.7,0.5174537037037037,1.0627898775859794,5.060904178980854,False,False
0x4057c2528a3815d460f0c5889f52a914745b23400c4548804afee8f9c4a56ec3,2024-06-13 00:00:03+00:00,0.775,0.5147158529165716,0.8969343809208737,5.143709711374187,False,False
0x4057c2528a3815d460f0c5889f52a914745b23400c4548804afee8f9c4a56ec3,2024-06-14 00:00:03+00:00,0.79,0.5119780021294394,0.867441201546552,5.228699225717613,False,False
0x4057c2528a3815d460f0c5889f52a914745b23400c4548804afee8f9c4a56ec3,2024-06-15 00:00:04+00:00,0.792,0.5092401196542196,0.8655447050700367,5.254132096627555,False,False
0x4057c2528a3815d460f0c5889f52a914745b23400c4548804afee8f9c4a56ec3,2024-06-16 00:00:04+00:00,0.794,0.5065022688670875,0.8636525762172189,5.280211881692909,False,False
0x4057c2528a3815d460f0c5889f52a914745b23400c4548804afee8f9c4a56ec3,2024-06-17 00:00:04+00:00,0.7965,0.5037644180799554,0.8607080438224955,5.310136292363214,False,False
0x4057c2528a3815d460f0c5889f52a914745b23400c4548804afee8f9c4a56ec3,2024-06-18 00:00:03+00:00,0.7965,0.5010265989809111,0.8630564745409524,5.324624930267416,False,False
0x4057c2528a3815d460f0c5889f52a914745b23400c4548804afee8f9c4a56ec3,2024-06-19 00:00:03+00:00,0.7965,0.498288748193779,0.8654242612645344,5.339232985000621,False,False
0x4057c2528a3815d460f0c5889f52a914745b23400c4548804afee8f9c4a56ec3,2024-06-20 00:00:04+00:00,0.815,0.49555086571855905,0.8287158100563556,5.496374134016618,False,False
0x4057c2528a3815d460f0c5889f52a914745b23400c4548804afee8f9c4a56ec3,2024-06-21 00:00:03+00:00,0.815,0.4928130466195148,0.8310145839349014,5.511620520211582,False,False
0x4057c2528a3815d460f0c5889f52a914745b23400c4548804afee8f9c4a56ec3,2024-06-22 00:00:02+00:00,0.8,0.4900752275204705,0.8651610231767242,5.407256394854527,False,False
0x4057c2528a3815d460f0c5889f52a914745b23400c4548804afee8f9c4a56ec3,2024-06-23 00:00:03+00:00,0.8,0.4873373450452506,0.8675878756105322,5.422424222565827,False,False
0x4057c2528a3815d460f0c5889f52a914745b23400c4548804afee8f9c4a56ec3,2024-06-24 00:00:03+00:00,0.8,0.4845994942581185,0.8700352373963826,5.437720233727392,False,False
0x4057c2528a3815d460f0c5889f52a914745b23400c4548804afee8f9c4a56ec3,2024-06-25 00:00:03+00:00,0.8,0.48186164347098637,0.8725034279165281,5.453146424478302,False,False
0x4057c2528a3815d460f0c5889f52a914745b23400c4548804afee8f9c4a56ec3,2024-06-26 00:00:03+00:00,0.805,0.4791237926838543,0.8642189032180563,5.505455666303911,False,False
0x4057c2528a3815d460f0c5889f52a914745b23400c4548804afee8f9c4a56ec3,2024-06-27 00:00:02+00:00,0.805,0.47638597358481,0.8666987046704302,5.5212530955275065,False,False
0x4057c2528a3815d460f0c5889f52a914745b23400c4548804afee8f9c4a56ec3,2024-06-28 00:00:03+00:00,0.805,0.4736480911095901,0.8692000342441139,5.5371876683810415,False,False
0x4057c2528a3815d460f0c5889f52a914745b23400c4548804afee8f9c4a56ec3,2024-06-29 00:00:02+00:00,0.8,0.4709102720105458,0.8825904801970117,5.516190501231324,False,False
0x4057c2528a3815d460f0c5889f52a914745b23400c4548804afee8f9c4a56ec3,2024-06-30 00:00:02+00:00,0.805,0.4681724212234137,0.8742682704116549,5.569474568636121,False,False
0x4057c2528a3815d460f0c5889f52a914745b23400c4548804afee8f9c4a56ec3,2024-07-01 00:00:02+00:00,0.8095,0.4654345704362816,0.8670369893043194,5.6224524668791656,False,False
0x4057c2528a3815d460f0c5889f52a914745b23400c4548804afee8f9c4a56ec3,2024-07-02 00:00:03+00:00,0.8095,0.46269668796106167,0.8695984341389575,5.639062602325453,False,False
0x4057c2528a3815d460f0c5889f52a914745b23400c4548804afee8f9c4a56ec3,2024-07-03 00:00:02+00:00,0.81,0.45995886886201737,0.8710896100948916,5.660101430116256,False,False
0x4057c2528a3815d460f0c5889f52a914745b23400c4548804afee8f9c4a56ec3,2024-07-04 00:00:03+00:00,0.815,0.4572209863867975,0.862753372763002,5.722124840079601,False,False
0x4057c2528a3815d460f0c5889f52a914745b23400c4548804afee8f9c4a56ec3,2024-07-05 00:00:02+00:00,0.815,0.4544831672877532,0.8653480959780713,5.73933408043821,False,False
0x4057c2528a3815d460f0c5889f52a914745b23400c4548804afee8f9c4a56ec3,2024-07-06 00:00:02+00:00,0.835,0.4517453165006211,0.8242868520629633,5.98284777400082,False,False
0x4057c2528a3815d460f0c5889f52a914745b23400c4548804afee8f9c4a56ec3,2024-07-07 00:00:02+00:00,0.845,0.449007465713489,0.8050361002292632,6.146486735859997,False,False
0x4057c2528a3815d460f0c5889f52a914745b23400c4548804afee8f9c4a56ec3,2024-07-08 00:00:02+00:00,0.85,0.44626961492635686,0.7966075709771147,6.2479025174675655,False,False
0x4057c2528a3815d460f0c5889f52a914745b23400c4548804afee8f9c4a56ec3,2024-07-09 00:00:02+00:00,0.8625,0.4435317641392248,0.7717520006749793,6.507526751409577,False,False
0x4057c2528a3815d460f0c5889f52a914745b23400c4548804afee8f9c4a56ec3,2024-07-10 00:00:03+00:00,0.86,0.44079388166400485,0.7796262807332854,6.4753013349940645,False,False
0x4057c2528a3815d460f0c5889f52a914745b23400c4548804afee8f9c4a56ec3,2024-07-11 00:00:03+00:00,0.8555,0.4380560308768728,0.7919514762627512,6.406350734916964,False,False
0x4057c2528a3815d460f0c5889f52a914745b23400c4548804afee8f9c4a56ec3,2024-07-12 00:00:02+00:00,0.9525,0.4353182117778285,0.5659462458900536,12.508827095235338,True,False
0x4057c2528a3815d460f0c5889f52a914745b23400c4548804afee8f9c4a56ec3,2024-07-13 00:00:03+00:00,0.9245,0.4325803293026086,0.6400744630326446,9.17015409127747,False,False
0x4057c2528a3815d460f0c5889f52a914745b23400c4548804afee8f9c4a56ec3,2024-07-14 00:00:02+00:00,0.889,0.4298425102035643,0.7247272637457305,7.3442907178399714,False,False
0x4057c2528a3815d460f0c5889f52a914745b23400c4548804afee8f9c4a56ec3,2024-07-15 00:00:03+00:00,0.8775,0.42710462772834434,0.7529482273051568,7.004576799164198,False,False
0x4057c2528a3815d460f0c5889f52a914745b23400c4548804afee8f9c4a56ec3,2024-07-16 00:00:02+00:00,0.885,0.4243668086293001,0.738456443396444,7.255774437695348,False,False
0x4057c2528a3815d460f0c5889f52a914745b23400c4548804afee8f9c4a56ec3,2024-07-17 00:00:01+00:00,0.91,0.4216289895302558,0.6831641700887559,8.34144285822657,False,False
0x4057c2528a3815d460f0c5889f52a914745b23400c4548804afee8f9c4a56ec3,2024-07-18 00:00:02+00:00,0.9135,0.41889110705503585,0.67708106223951,8.568721106833717,False,False
0x4057c2528a3815d460f0c5889f52a914745b23400c4548804afee8f9c4a56ec3,2024-07-19 00:00:01+00:00,0.9155,0.4161532879559916,0.674507457833459,8.719100796389064,False,False
0x4057c2528a3815d460f0c5889f52a914745b23400c4548804afee8f9c4a56ec3,2024-07-20 00:00:01+00:00,0.907,0.4134154371688595,0.6970371707554562,8.263531798739272,False,False
0x4057c2528a3815d460f0c5889f52a914745b23400c4548804afee8f9c4a56ec3,2024-07-21 00:00:01+00:00,0.91,0.41067758638172736,0.6922130971081656,8.451930367621072,False,False
0x4057c2528a3815d460f0c5889f52a914745b23400c4548804afee8f9c4a56ec3,2024-07-22 00:00:01+00:00,0.906,0.4079397355945953,0.7040790470961841,8.267331819738203,False,False
0x4057c2528a3815d460f0c5889f52a914745b23400c4548804afee8f9c4a56ec3,2024-07-23 00:00:01+00:00,0.906,0.40520188480746316,0.7064536882460242,8.295214976351795,False,False
0x4057c2528a3815d460f0c5889f52a914745b23400c4548804afee8f9c4a56ec3,2024-07-24 00:00:01+00:00,0.903,0.4024640340203311,0.7160115114451414,8.174487235505264,False,False
0x4057c2528a3815d460f0c5889f52a914745b23400c4548804afee8f9c4a56ec3,2024-07-25 00:00:01+00:00,0.9035,0.399726183233199,0.7172649422754224,8.226671089406736,False,False
0x4057c2528a3815d460f0c5889f52a914745b23400c4548804afee8f9c4a56ec3,2024-07-26 00:00:02+00:00,0.916,0.3969883007579791,0.6893649639256806,8.959307599366824,False,False
0x4057c2528a3815d460f0c5889f52a914745b23400c4548804afee8f9c4a56ec3,2024-07-27 00:00:02+00:00,0.9135,0.39425044997084696,0.6979191874822545,8.832435591778484,False,False
0x4057c2528a3815d460f0c5889f52a914745b23400c4548804afee8f9c4a56ec3,2024-07-28 00:00:02+00:00,0.9165,0.39151259918371484,0.6929268906134842,9.054583345433311,False,False
0x4057c2528a3815d460f0c5889f52a914745b23400c4548804afee8f9c4a56ec3,2024-07-29 00:00:02+00:00,0.9195,0.38877474839658277,0.6878478008767734,9.292760389987448,False,False
0x4057c2528a3815d460f0c5889f52a914745b23400c4548804afee8f9c4a56ec3,2024-07-30 00:00:01+00:00,0.9355,0.38603692929753847,0.6487592140879108,10.751771661100863,False,False
0x4057c2528a3815d460f0c5889f52a914745b23400c4548804afee8f9c4a56ec3,2024-07-31 00:00:02+00:00,0.947,0.3832990468223186,0.6192000066759209,12.336873277597984,False,False
0x4057c2528a3815d460f0c5889f52a914745b23400c4548804afee8f9c4a56ec3,2024-08-01 00:00:02+00:00,0.949,0.38056119603518646,0.6156313625451161,12.719919059177164,False,False
0x4057c2528a3815d460f0c5889f52a914745b23400c4548804afee8f9c4a56ec3,2024-08-02 00:00:01+00:00,0.952,0.37782337693614215,0.6089820177109533,13.326812362372042,True,False
0x4057c2528a3815d460f0c5889f52a914745b23400c4548804afee8f9c4a56ec3,2024-08-03 00:00:02+00:00,0.9655,0.37508549446092226,0.5680548822475264,17.05371196864362,True,False
0x4057c2528a3815d460f0c5889f52a914745b23400c4548804afee8f9c4a56ec3,2024-08-04 00:00:01+00:00,0.964,0.37234767536187796,0.5752612848160855,16.57622420516612,True,False
0x4057c2528a3815d460f0c5889f52a914745b23400c4548804afee8f9c4a56ec3,2024-08-05 00:00:01+00:00,0.9645,0.36960982457474584,0.5756848733220634,16.81334920150012,True,False
0x4057c2528a3815d460f0c5889f52a914745b23400c4548804afee8f9c4a56ec3,2024-08-06 00:00:01+00:00,0.9725,0.36687197378761377,0.5488366666823637,20.522053439864056,True,False
0x4057c2528a3815d460f0c5889f52a914745b23400c4548804afee8f9c4a56ec3,2024-08-07 00:00:01+00:00,0.9735,0.36413412300048165,0.5469957093601663,21.203233202902073,True,False
0x4057c2528a3815d460f0c5889f52a914745b23400c4548804afee8f9c4a56ec3,2024-08-08 00:00:01+00:00,0.9765,0.3613962722133496,0.5368657273606355,23.39513579155413,True,False
0x4057c2528a3815d460f0c5889f52a914745b23400c4548804afee8f9c4a56ec3,2024-08-09 00:00:02+00:00,0.9745,0.35865838973812963,0.5471532345740601,22.018460329542982,True,False
0x4057c2528a3815d460f0c5889f52a914745b23400c4548804afee8f9c4a56ec3,2024-08-10 00:00:02+00:00,0.9755,0.35592053895099757,0.5451584026572632,22.810213607140824,True,False
0x4057c2528a3815d460f0c5889f52a914745b23400c4548804afee8f9c4a56ec3,2024-08-11 00:00:01+00:00,0.975,0.35318271985195326,0.5493329478039777,22.53673632016317,True,False
0x4057c2528a3815d460f0c5889f52a914745b23400c4548804afee8f9c4a56ec3,2024-08-12 00:00:01+00:00,0.977,0.35044486906482114,0.5430505827591414,24.16672968533403,True,False
0x4057c2528a3815d460f0c5889f52a914745b23400c4548804afee8f9c4a56ec3,2024-08-13 00:00:02+00:00,0.981,0.34770698658960125,0.5270659192764734,28.277585668569824,True,False
0x4057c2528a3815d460f0c5889f52a914745b23400c4548804afee8f9c4a56ec3,2024-08-14 00:00:02+00:00,0.974,0.34496913580246913,0.5599537818495235,22.111585130687214,True,False
0x4057c2528a3815d460f0c5889f52a914745b23400c4548804afee8f9c4a56ec3,2024-08-15 00:00:02+00:00,0.9825,0.34223128501533706,0.5239014758239121,30.470460244211605,True,False
0x4057c2528a3815d460f0c5889f52a914745b23400c4548804afee8f9c4a56ec3,2024-08-16 00:00:02+00:00,0.9835,0.33949343422820494,0.520889046055309,32.098661000773994,True,False
0x4057c2528a3815d460f0c5889f52a914745b23400c4548804afee8f9c4a56ec3,2024-08-17 00:00:02+00:00,0.984,0.3367555834410728,0.5203676094646623,33.05180446294854,True,False
0x4057c2528a3815d460f0c5889f52a914745b23400c4548804afee8f9c4a56ec3,2024-08-18 00:00:02+00:00,0.9825,0.33401773265394075,0.5303037692924228,30.842821914499396,True,False
0x4057c2528a3815d460f0c5889f52a914745b23400c4548804afee8f9c4a56ec3,2024-08-19 00:00:02+00:00,0.975,0.3312798818668086,0.567202112791847,23.269830268383444,True,False
0x4057c2528a3815d460f0c5889f52a914745b23400c4548804afee8f9c4a56ec3,2024-08-20 00:00:01+00:00,0.973,0.3285420627677643,0.5779251492264194,21.998597283179887,True,False
0x4057c2528a3815d460f0c5889f52a914745b23400c4548804afee8f9c4a56ec3,2024-08-21 00:00:02+00:00,0.976,0.32580418029254443,0.5676255212459935,24.232646911116504,True,False
0x4057c2528a3815d460f0c5889f52a914745b23400c4548804afee8f9c4a56ec3,2024-08-22 00:00:02+00:00,0.9565,0.3230663295054123,0.6437405558603618,15.471650254107999,True,False
0x4057c2528a3815d460f0c5889f52a914745b23400c4548804afee8f9c4a56ec3,2024-08-23 00:00:02+00:00,0.9685,0.32032847871828024,0.6033203134197782,19.77596884135273,True,False
0x4057c2528a3815d460f0c5889f52a914745b23400c4548804afee8f9c4a56ec3,2024-08-24 00:00:02+00:00,0.978,0.3175906279311481,0.5658790399455239,26.30038296828051,True,False
0x4057c2528a3815d460f0c5889f52a914745b23400c4548804afee8f9c4a56ec3,2024-08-25 00:00:01+00:00,0.981,0.3148528088321038,0.5538827728283359,29.716335255557453,True,False
0x4057c2528a3815d460f0c5889f52a914745b23400c4548804afee8f9c4a56ec3,2024-08-26 00:00:02+00:00,0.9835,0.3121149263568839,0.5432548910673549,33.47690783179161,True,False
0x4057c2528a3815d460f0c5889f52a914745b23400c4548804afee8f9c4a56ec3,2024-08-27 00:00:01+00:00,0.9815,0.3093771072578396,0.5562186051627318,30.63257315266115,True,False
0x4057c2528a3815d460f0c5889f52a914745b23400c4548804afee8f9c4a56ec3,2024-08-28 00:00:01+00:00,0.981,0.30663925647070756,0.561251826184257,30.11169194614821,True,False
0x4057c2528a3815d460f0c5889f52a914745b23400c4548804afee8f9c4a56ec3,2024-08-29 00:00:02+00:00,0.982,0.3039013739954876,0.5586029055840053,31.60233681737977,True,False
0x4057c2528a3815d460f0c5889f52a914745b23400c4548804afee8f9c4a56ec3,2024-08-30 00:00:02+00:00,0.9815,0.3011635232083555,0.5637524136330273,31.047481853920694,True,False
0x4057c2528a3815d460f0c5889f52a914745b23400c4548804afee8f9c4a56ec3,2024-08-31 00:00:02+00:00,0.9895,0.2984256724212234,0.5180058054191858,49.85738881293468,True,False
0x4057c2528a3815d460f0c5889f52a914745b23400c4548804afee8f9c4a56ec3,2024-09-01 00:00:02+00:00,0.9895,0.2956878216340913,0.5203984551886967,50.08767825873567,True,False
0x4057c2528a3815d460f0c5889f52a914745b23400c4548804afee8f9c4a56ec3,2024-09-02 00:00:02+00:00,0.9895,0.29294997084695923,0.5228245688652687,50.32118856231103,True,False
0x4057c2528a3815d460f0c5889f52a914745b23400c4548804afee8f9c4a56ec3,2024-09-03 00:00:02+00:00,0.991,0.2902121200598271,0.5138413763171116,57.611994205304526,True,False
0x4057c2528a3815d460f0c5889f52a914745b23400c4548804afee8f9c4a56ec3,2024-09-04 00:00:02+00:00,0.9915,0.287474269272695,0.5121928638954948,60.774567814125675,True,False
0x4057c2528a3815d460f0c5889f52a914745b23400c4548804afee8f9c4a56ec3,2024-09-05 00:00:02+00:00,0.9915,0.2847364184855629,0.5146494390332655,61.06605428889899,True,False
0x4057c2528a3815d460f0c5889f52a914745b23400c4548804afee8f9c4a56ec3,2024-09-06 00:00:02+00:00,0.9905,0.2819985676984308,0.525262116572668,55.82104907916475,True,False
0x4057c2528a3815d460f0c5889f52a914745b23400c4548804afee8f9c4a56ec3,2024-09-07 00:00:02+00:00,0.991,0.2792607169112987,0.5238198126177224,58.730778407637835,True,False
0x4057c2528a3815d460f0c5889f52a914745b23400c4548804afee8f9c4a56ec3,2024-09-08 00:00:02+00:00,0.991,0.2765228661241666,0.5264065934471506,59.020808773085555,True,False
0x4057c2528a3815d460f0c5889f52a914745b23400c4548804afee8f9c4a56ec3,2024-09-09 00:00:01+00:00,0.9925,0.2737850470251223,0.5159789894520876,69.31707666862683,True,False
0x4057c2528a3815d460f0c5889f52a914745b23400c4548804afee8f9c4a56ec3,2024-09-10 00:00:02+00:00,0.9895,0.2710471645499024,0.5435384647285333,52.314874248998834,True,False
0x4057c2528a3815d460f0c5889f52a914745b23400c4548804afee8f9c4a56ec3,2024-09-11 00:00:01+00:00,0.993,0.2683093454508581,0.5164595732769854,74.30003931477269,True,False
0x4057c2528a3815d460f0c5889f52a914745b23400c4548804afee8f9c4a56ec3,2024-09-12 00:00:02+00:00,0.9955,0.2655714629756382,0.49114001410871094,109.6355854922075,True,False
0x4057c2528a3815d460f0c5889f52a914745b23400c4548804afee8f9c4a56ec3,2024-09-13 00:00:02+00:00,0.9955,0.2628336121885061,0.4936914085874996,110.20512497070266,True,False
0x4057c2528a3815d460f0c5889f52a914745b23400c4548804afee8f9c4a56ec3,2024-09-14 00:00:02+00:00,0.9945,0.26009576140137397,0.5085804613066917,92.98056790652156,True,False
0x4057c2528a3815d460f0c5889f52a914745b23400c4548804afee8f9c4a56ec3,2024-09-15 00:00:02+00:00,0.995,0.2573579106142419,0.5053008295492504,101.56800593954772,True,False
0x4057c2528a3815d460f0c5889f52a914745b23400c4548804afee8f9c4a56ec3,2024-09-16 00:00:02+00:00,0.9945,0.2546200598271098,0.5140199806057235,93.97504101754708,True,False
0x4057c2528a3815d460f0c5889f52a914745b23400c4548804afee8f9c4a56ec3,2024-09-17 00:00:02+00:00,0.994,0.2518822090399777,0.5225005889083123,87.60908600072298,True,False
0x4057c2528a3815d460f0c5889f52a914745b23400c4548804afee8f9c4a56ec3,2024-09-18 00:00:02+00:00,0.993,0.2491443582528456,0.5359554646022193,77.10479997154638,True,False
0x42e7fa3bd683a276dae0292f0ab910ac18eb76ce7cf014ec9203f6539768735a,2024-03-22 00:00:02+00:00,0.24,0.774811709382209,2.362227831107437,12.950810477562703,False,False
0x42e7fa3bd683a276dae0292f0ab910ac18eb76ce7cf014ec9203f6539768735a,2024-03-23 00:00:03+00:00,0.24,0.7720738269069891,2.366412520726163,12.973752854858349,False,False
0x42e7fa3bd683a276dae0292f0ab910ac18eb76ce7cf014ec9203f6539768735a,2024-03-24 00:00:03+00:00,0.23,0.769335976119857,2.4271294018856864,13.704852636282814,False,False
0x42e7fa3bd683a276dae0292f0ab910ac18eb76ce7cf014ec9203f6539768735a,2024-03-25 00:00:03+00:00,0.23,0.7665981253327249,2.4314596991779704,13.729303778531735,False,False
0x42e7fa3bd683a276dae0292f0ab910ac18eb76ce7cf014ec9203f6539768735a,2024-03-26 00:00:02+00:00,0.225,0.7638603062336806,2.4649268846367822,14.135781417271868,False,False
0x42e7fa3bd683a276dae0292f0ab910ac18eb76ce7cf014ec9203f6539768735a,2024-03-27 00:00:03+00:00,0.225,0.7611224237584607,2.469356278498333,14.161182959130226,False,False
0x42e7fa3bd683a276dae0292f0ab910ac18eb76ce7cf014ec9203f6539768735a,2024-03-28 00:00:03+00:00,0.225,0.7583845729713287,2.4738095852499145,14.186721635841803,False,False
0x42e7fa3bd683a276dae0292f0ab910ac18eb76ce7cf014ec9203f6539768735a,2024-03-29 00:00:02+00:00,0.225,0.7556467538722843,2.478287020925039,14.212398686308466,False,False
0x42e7fa3bd683a276dae0292f0ab910ac18eb76ce7cf014ec9203f6539768735a,2024-03-30 00:00:02+00:00,0.23,0.7529089030851522,2.453464259002531,13.85355312819046,False,False
0x42e7fa3bd683a276dae0292f0ab910ac18eb76ce7cf014ec9203f6539768735a,2024-03-31 00:00:03+00:00,0.235,0.7501710206099323,2.4290751730550775,13.511751762230997,False,False
0x42e7fa3bd683a276dae0292f0ab910ac18eb76ce7cf014ec9203f6539768735a,2024-04-01 00:00:02+00:00,0.235,0.747433201510888,2.4335199110635437,13.536475656034176,False,False
0x42e7fa3bd683a276dae0292f0ab910ac18eb76ce7cf014ec9203f6539768735a,2024-04-02 00:00:03+00:00,0.26,0.7446953190356681,2.300294705193587,11.955793686037355,False,False
0x42e7fa3bd683a276dae0292f0ab910ac18eb76ce7cf014ec9203f6539768735a,2024-04-03 00:00:03+00:00,0.285,0.741957468248536,2.177149122573471,10.684083536123032,False,False
0x42e7fa3bd683a276dae0292f0ab910ac18eb76ce7cf014ec9203f6539768735a,2024-04-04 00:00:03+00:00,0.275,0.7392196174614039,2.2310609621242534,11.190274418178074,False,False
0x42e7fa3bd683a276dae0292f0ab910ac18eb76ce7cf014ec9203f6539768735a,2024-04-05 00:00:03+00:00,0.275,0.7364817666742718,2.2352040692208286,11.211054892643654,False,False
0x42e7fa3bd683a276dae0292f0ab910ac18eb76ce7cf014ec9203f6539768735a,2024-04-06 00:00:03+00:00,0.275,0.7337439158871397,2.239370343774703,11.231951567522021,False,False
0x42e7fa3bd683a276dae0292f0ab910ac18eb76ce7cf014ec9203f6539768735a,2024-04-07 00:00:02+00:00,0.28,0.7310060967880955,2.2182908567578212,11.0034268688384,False,False
0x42e7fa3bd683a276dae0292f0ab910ac18eb76ce7cf014ec9203f6539768735a,2024-04-08 00:00:03+00:00,0.28,0.7282682143128755,2.2224567135665008,11.024090841103675,False,False
0x42e7fa3bd683a276dae0292f0ab910ac18eb76ce7cf014ec9203f6539768735a,2024-04-09 00:00:03+00:00,0.28,0.7255303635257434,2.226646080158191,11.044871429356105,False,False
0x42e7fa3bd683a276dae0292f0ab910ac18eb76ce7cf014ec9203f6539768735a,2024-04-10 00:00:03+00:00,0.28,0.7227925127386113,2.2308592274880494,11.065769977619293,False,False
0x42e7fa3bd683a276dae0292f0ab910ac18eb76ce7cf014ec9203f6539768735a,2024-04-11 00:00:03+00:00,0.275,0.7200546619514792,2.2605569143836846,11.33821649847616,False,False
0x42e7fa3bd683a276dae0292f0ab910ac18eb76ce7cf014ec9203f6539768735a,2024-04-12 00:00:03+00:00,0.275,0.7173168111643471,2.264866846254104,11.35983371161933,False,False
0x42e7fa3bd683a276dae0292f0ab910ac18eb76ce7cf014ec9203f6539768735a,2024-04-13 00:00:02+00:00,0.275,0.7145789920653028,2.2692014738717794,11.381574790579458,False,False
0x42e7fa3bd683a276dae0292f0ab910ac18eb76ce7cf014ec9203f6539768735a,2024-04-14 00:00:03+00:00,0.275,0.7118411095900828,2.2735611858935822,11.403441684732702,False,False
0x42e7fa3bd683a276dae0292f0ab910ac18eb76ce7cf014ec9203f6539768735a,2024-04-15 00:00:03+00:00,0.275,0.7091032588029508,2.2779460723016483,11.425434845400117,False,False
0x42e7fa3bd683a276dae0292f0ab910ac18eb76ce7cf014ec9203f6539768735a,2024-04-16 00:00:03+00:00,0.275,0.7063654080158187,2.2823564275993165,11.44755574971444,False,False
0x42e7fa3bd683a276dae0292f0ab910ac18eb76ce7cf014ec9203f6539768735a,2024-04-17 00:00:03+00:00,0.27,0.7036275572286866,2.3129422046596404,11.73486658883633,False,False
0x42e7fa3bd683a276dae0292f0ab910ac18eb76ce7cf014ec9203f6539768735a,2024-04-18 00:00:03+00:00,0.27,0.7008897064415545,2.3174552675228943,11.757763914372878,False,False
0x42e7fa3bd683a276dae0292f0ab910ac18eb76ce7cf014ec9203f6539768735a,2024-04-19 00:00:03+00:00,0.235,0.6981518556544224,2.5179444721764574,14.006088010994063,False,False
0x42e7fa3bd683a276dae0292f0ab910ac18eb76ce7cf014ec9203f6539768735a,2024-04-20 00:00:02+00:00,0.235,0.6954140365553781,2.5228961300313197,14.03363165084867,False,False
0x42e7fa3bd683a276dae0292f0ab910ac18eb76ce7cf014ec9203f6539768735a,2024-04-21 00:00:03+00:00,0.225,0.6926761540801581,2.5884864414045663,14.844366689058445,False,False
0x42e7fa3bd683a276dae0292f0ab910ac18eb76ce7cf014ec9203f6539768735a,2024-04-22 00:00:03+00:00,0.22,0.6899383032930261,2.6248097401551043,15.296094056847927,False,False
0x42e7fa3bd683a276dae0292f0ab910ac18eb76ce7cf014ec9203f6539768735a,2024-04-23 00:00:02+00:00,0.22,0.6872004841939818,2.6300331873761134,15.326533725968027,False,False
0x42e7fa3bd683a276dae0292f0ab910ac18eb76ce7cf014ec9203f6539768735a,2024-04-24 00:00:03+00:00,0.22,0.6844626017187618,2.6352880656665136,15.357156559828168,False,False
0x42e7fa3bd683a276dae0292f0ab910ac18eb76ce7cf014ec9203f6539768735a,2024-04-25 00:00:03+00:00,0.22,0.6817247509316298,2.6405745071535773,15.3879633284008,False,False
0x42e7fa3bd683a276dae0292f0ab910ac18eb76ce7cf014ec9203f6539768735a,2024-04-26 00:00:02+00:00,0.175,0.6789869318325855,2.9585153558461217,20.491881252613833,False,False
0x42e7fa3bd683a276dae0292f0ab910ac18eb76ce7cf014ec9203f6539768735a,2024-04-27 00:00:03+00:00,0.185,0.6762490493573656,2.8896974787351124,19.16562744974374,False,False
0x42e7fa3bd683a276dae0292f0ab910ac18eb76ce7cf014ec9203f6539768735a,2024-04-28 00:00:03+00:00,0.195,0.6735111985702334,2.8238096346250416,17.988913104794023,False,False
0x42e7fa3bd683a276dae0292f0ab910ac18eb76ce7cf014ec9203f6539768735a,2024-04-29 00:00:03+00:00,0.195,0.6707733477831014,2.8295666437294,18.02558779251091,False,False
0x42e7fa3bd683a276dae0292f0ab910ac18eb76ce7cf014ec9203f6539768735a,2024-04-30 00:00:04+00:00,0.195,0.6680354653078815,2.8353590753723816,18.062488137425586,False,False
0x42e7fa3bd683a276dae0292f0ab910ac18eb76ce7cf014ec9203f6539768735a,2024-05-01 00:00:03+00:00,0.175,0.6652976462088371,2.988797850074281,20.701630130384636,False,False
0x42e7fa3bd683a276dae0292f0ab910ac18eb76ce7cf014ec9203f6539768735a,2024-05-02 00:00:03+00:00,0.185,0.6625597954217051,2.919397106818555,19.362607241376587,False,False
0x42e7fa3bd683a276dae0292f0ab910ac18eb76ce7cf014ec9203f6539768735a,2024-05-03 00:00:03+00:00,0.185,0.659821944634573,2.9254476781320586,19.40273704614199,False,False
0x42e7fa3bd683a276dae0292f0ab910ac18eb76ce7cf014ec9203f6539768735a,2024-05-04 00:00:03+00:00,0.22,0.6570840938474408,2.6896296270029323,15.673832325191913,False,False
0x42e7fa3bd683a276dae0292f0ab910ac18eb76ce7cf014ec9203f6539768735a,2024-05-05 00:00:03+00:00,0.26,0.6543462430603088,2.453968508329804,12.754514076558232,False,False
0x42e7fa3bd683a276dae0292f0ab910ac18eb76ce7cf014ec9203f6539768735a,2024-05-06 00:00:02+00:00,0.265,0.6516084239612645,2.4310881609683572,12.481520528652842,False,False
0x42e7fa3bd683a276dae0292f0ab910ac18eb76ce7cf014ec9203f6539768735a,2024-05-07 00:00:02+00:00,0.28,0.6488705731741323,2.354506800855852,11.679101194721488,False,False
0x42e7fa3bd683a276dae0292f0ab910ac18eb76ce7cf014ec9203f6539768735a,2024-05-08 00:00:03+00:00,0.28,0.6461326906989124,2.359489947952506,11.703819186272352,False,False
0x42e7fa3bd683a276dae0292f0ab910ac18eb76ce7cf014ec9203f6539768735a,2024-05-09 00:00:03+00:00,0.29,0.6433948399117804,2.3118229640421495,11.227892006032782,False,False
0x42e7fa3bd683a276dae0292f0ab910ac18eb76ce7cf014ec9203f6539768735a,2024-05-10 00:00:03+00:00,0.265,0.6406569891246483,2.451778708726622,12.587748472476559,False,False
0x42e7fa3bd683a276dae0292f0ab910ac18eb76ce7cf014ec9203f6539768735a,2024-05-11 00:00:04+00:00,0.255,0.6379191066494283,2.5141473353465384,13.23409572494559,False,False
0x42e7fa3bd683a276dae0292f0ab910ac18eb76ce7cf014ec9203f6539768735a,2024-05-12 00:00:03+00:00,0.245,0.635181287550384,2.5786769489617214,13.940678194143649,False,False
0x42e7fa3bd683a276dae0292f0ab910ac18eb76ce7cf014ec9203f6539768735a,2024-05-13 00:00:04+00:00,0.245,0.6324434050751642,2.584252538776647,13.970820590764411,False,False
0x42e7fa3bd683a276dae0292f0ab910ac18eb76ce7cf014ec9203f6539768735a,2024-05-14 00:00:03+00:00,0.245,0.6297055859761198,2.589864321825136,14.001158652926806,False,False
0x42e7fa3bd683a276dae0292f0ab910ac18eb76ce7cf014ec9203f6539768735a,2024-05-15 00:00:04+00:00,0.215,0.6269677035008999,2.7868011825927006,16.511931166302478,False,False
0x42e7fa3bd683a276dae0292f0ab910ac18eb76ce7cf014ec9203f6539768735a,2024-05-16 00:00:04+00:00,0.23,0.6242298527137679,2.694503083841035,15.214585453647855,False,False
0x42e7fa3bd683a276dae0292f0ab910ac18eb76ce7cf014ec9203f6539768735a,2024-05-17 00:00:03+00:00,0.275,0.6214920336147236,2.433214500877399,12.204210662707958,False,False
0x42e7fa3bd683a276dae0292f0ab910ac18eb76ce7cf014ec9203f6539768735a,2024-05-18 00:00:03+00:00,0.26,0.6187541828275914,2.523560481764253,13.116218720188424,False,False
0x42e7fa3bd683a276dae0292f0ab910ac18eb76ce7cf014ec9203f6539768735a,2024-05-19 00:00:03+00:00,0.265,0.6160163320404594,2.500333503181942,12.837035056767768,False,False
0x42e7fa3bd683a276dae0292f0ab910ac18eb76ce7cf014ec9203f6539768735a,2024-05-20 00:00:03+00:00,0.265,0.6132784812533273,2.5059083905718835,12.865657248475848,False,False
0x42e7fa3bd683a276dae0292f0ab910ac18eb76ce7cf014ec9203f6539768735a,2024-05-21 00:00:03+00:00,0.265,0.6105406304661951,2.5115207352957754,12.894471750973047,False,False
0x42e7fa3bd683a276dae0292f0ab910ac18eb76ce7cf014ec9203f6539768735a,2024-05-22 00:00:03+00:00,0.26,0.607802779679063,2.546193767831032,13.23385534215713,False,False
0x42e7fa3bd683a276dae0292f0ab910ac18eb76ce7cf014ec9203f6539768735a,2024-05-23 00:00:03+00:00,0.26,0.605064928891931,2.551947886260962,13.263762402603753,False,False
0x42e7fa3bd683a276dae0292f0ab910ac18eb76ce7cf014ec9203f6539768735a,2024-05-24 00:00:03+00:00,0.255,0.6023270781047988,2.5873628376381603,13.619491183777656,False,False
0x42e7fa3bd683a276dae0292f0ab910ac18eb76ce7cf014ec9203f6539768735a,2024-05-25 00:00:03+00:00,0.235,0.5995892273176667,2.7170284510649303,15.113494373883634,False,False
0x42e7fa3bd683a276dae0292f0ab910ac18eb76ce7cf014ec9203f6539768735a,2024-05-26 00:00:03+00:00,0.24,0.5968513765305347,2.691452810708423,14.75577198853302,False,False
0x42e7fa3bd683a276dae0292f0ab910ac18eb76ce7cf014ec9203f6539768735a,2024-05-27 00:00:03+00:00,0.24,0.5941135257434026,2.697647187697318,14.789732388691435,False,False
0x42e7fa3bd683a276dae0292f0ab910ac18eb76ce7cf014ec9203f6539768735a,2024-05-28 00:00:03+00:00,0.235,0.5913756749562704,2.7358316434940786,15.218087295197211,False,False
0x42e7fa3bd683a276dae0292f0ab910ac18eb76ce7cf014ec9203f6539768735a,2024-05-29 00:00:04+00:00,0.23,0.5886377924810505,2.7747693023040796,15.667810854342628,False,False
0x42e7fa3bd683a276dae0292f0ab910ac18eb76ce7cf014ec9203f6539768735a,2024-05-30 00:00:03+00:00,0.23,0.5858999733820063,2.7812447782611023,15.704374806669126,False,False
0x42e7fa3bd683a276dae0292f0ab910ac18eb76ce7cf014ec9203f6539768735a,2024-05-31 00:00:03+00:00,0.235,0.5831621225948741,2.755030700714098,15.324882217850636,False,False
0x42e7fa3bd683a276dae0292f0ab910ac18eb76ce7cf014ec9203f6539768735a,2024-06-01 00:00:03+00:00,0.235,0.580424271807742,2.761520771314845,15.360983291975218,False,False
0x42e7fa3bd683a276dae0292f0ab910ac18eb76ce7cf014ec9203f6539768735a,2024-06-02 00:00:03+00:00,0.235,0.57768642102061,2.768056925371824,15.397340705725625,False,False
0x42e7fa3bd683a276dae0292f0ab910ac18eb76ce7cf014ec9203f6539768735a,2024-06-03 00:00:03+00:00,0.235,0.5749485702334778,2.774639710847163,15.43395750714595,False,False
0x42e7fa3bd683a276dae0292f0ab910ac18eb76ce7cf014ec9203f6539768735a,2024-06-04 00:00:02+00:00,0.295,0.5722107511344335,2.4240811938322873,11.65563742676902,False,False
0x42e7fa3bd683a276dae0292f0ab910ac18eb76ce7cf014ec9203f6539768735a,2024-06-05 00:00:02+00:00,0.3,0.5694729003473015,2.402900381915734,11.442382771027304,False,False
0x42e7fa3bd683a276dae0292f0ab910ac18eb76ce7cf014ec9203f6539768735a,2024-06-06 00:00:03+00:00,0.305,0.5667350178720816,2.3820120287258972,11.237230941035014,False,False
0x42e7fa3bd683a276dae0292f0ab910ac18eb76ce7cf014ec9203f6539768735a,2024-06-07 00:00:02+00:00,0.33,0.5639971987730372,2.25942340460789,10.21901132794161,False,False
0x42e7fa3bd683a276dae0292f0ab910ac18eb76ce7cf014ec9203f6539768735a,2024-06-08 00:00:02+00:00,0.315,0.5612593479859052,2.3410801341460727,10.84963565819058,False,False
0x42e7fa3bd683a276dae0292f0ab910ac18eb76ce7cf014ec9203f6539768735a,2024-06-09 00:00:03+00:00,0.275,0.5585214655106853,2.5667185222895212,12.873823309289135,False,False
0x42e7fa3bd683a276dae0292f0ab910ac18eb76ce7cf014ec9203f6539768735a,2024-06-10 00:00:04+00:00,0.265,0.5557835830354653,2.6323352308520396,13.514748971130995,False,False
0x42e7fa3bd683a276dae0292f0ab910ac18eb76ce7cf014ec9203f6539768735a,2024-06-11 00:00:02+00:00,0.265,0.5530457956245088,2.6388427183445398,13.548159252186059,False,False
0x42e7fa3bd683a276dae0292f0ab910ac18eb76ce7cf014ec9203f6539768735a,2024-06-12 00:00:03+00:00,0.255,0.550307913149289,2.7068902700225164,14.248665719292099,False,False
0x42e7fa3bd683a276dae0292f0ab910ac18eb76ce7cf014ec9203f6539768735a,2024-06-13 00:00:03+00:00,0.305,0.5475700623621568,2.423338747500828,11.432191284353475,False,False
0x42e7fa3bd683a276dae0292f0ab910ac18eb76ce7cf014ec9203f6539768735a,2024-06-14 00:00:03+00:00,0.325,0.5448322115750247,2.3242381207660365,10.594817644517544,False,False
0x42e7fa3bd683a276dae0292f0ab910ac18eb76ce7cf014ec9203f6539768735a,2024-06-15 00:00:04+00:00,0.33,0.5420943290998048,2.304616487635479,10.423412427116594,False,False
0x42e7fa3bd683a276dae0292f0ab910ac18eb76ce7cf014ec9203f6539768735a,2024-06-16 00:00:04+00:00,0.34,0.5393564783126727,2.2603603608023866,10.072907133700475,False,False
0x42e7fa3bd683a276dae0292f0ab910ac18eb76ce7cf014ec9203f6539768735a,2024-06-17 00:00:04+00:00,0.335,0.5366186275255406,2.291067841762302,10.284223282515102,False,False
0x42e7fa3bd683a276dae0292f0ab910ac18eb76ce7cf014ec9203f6539768735a,2024-06-18 00:00:03+00:00,0.335,0.5338808084264963,2.2969347957119113,10.31055906502934,False,False
0x42e7fa3bd683a276dae0292f0ab910ac18eb76ce7cf014ec9203f6539768735a,2024-06-19 00:00:03+00:00,0.325,0.5311429576393643,2.353999109210885,10.730480269907169,False,False
0x42e7fa3bd683a276dae0292f0ab910ac18eb76ce7cf014ec9203f6539768735a,2024-06-20 00:00:04+00:00,0.325,0.5284050751641443,2.360089745220972,10.758243852859131,False,False
0x42e7fa3bd683a276dae0292f0ab910ac18eb76ce7cf014ec9203f6539768735a,2024-06-21 00:00:03+00:00,0.325,0.5256672560651,2.366227760505205,10.786223409710335,False,False
0x42e7fa3bd683a276dae0292f0ab910ac18eb76ce7cf014ec9203f6539768735a,2024-06-22 00:00:02+00:00,0.325,0.5229294369660558,2.3724139166717113,10.81442241217874,False,False
0x42e7fa3bd683a276dae0292f0ab910ac18eb76ce7cf014ec9203f6539768735a,2024-06-23 00:00:03+00:00,0.325,0.5201915544908358,2.378648991214266,10.842844404395514,False,False
0x42e7fa3bd683a276dae0292f0ab910ac18eb76ce7cf014ec9203f6539768735a,2024-06-24 00:00:03+00:00,0.35,0.5174537037037037,2.257863500853316,9.924674729025567,False,False
0x42e7fa3bd683a276dae0292f0ab910ac18eb76ce7cf014ec9203f6539768735a,2024-06-25 00:00:03+00:00,0.34,0.5147158529165716,2.3138321977688,10.311195177222817,False,False
0x42e7fa3bd683a276dae0292f0ab910ac18eb76ce7cf014ec9203f6539768735a,2024-06-26 00:00:03+00:00,0.34,0.5119780021294394,2.3200106670500316,10.338728462789803,False,False
0x42e7fa3bd683a276dae0292f0ab910ac18eb76ce7cf014ec9203f6539768735a,2024-06-27 00:00:02+00:00,0.34,0.5092401830303952,2.326238823596988,10.366483171109573,False,False
0x42e7fa3bd683a276dae0292f0ab910ac18eb76ce7cf014ec9203f6539768735a,2024-06-28 00:00:03+00:00,0.335,0.5065023005551753,2.3581971512538296,10.585555611059721,False,False
0x42e7fa3bd683a276dae0292f0ab910ac18eb76ce7cf014ec9203f6539768735a,2024-06-29 00:00:02+00:00,0.33,0.5037644814561311,2.3906848244740257,10.812685773288221,False,False
0x42e7fa3bd683a276dae0292f0ab910ac18eb76ce7cf014ec9203f6539768735a,2024-06-30 00:00:02+00:00,0.325,0.5010266306689989,2.423715291458465,11.048274832859098,False,False
0x42e7fa3bd683a276dae0292f0ab910ac18eb76ce7cf014ec9203f6539768735a,2024-07-01 00:00:02+00:00,0.325,0.4982887798818668,2.430364729465951,11.078585661383253,False,False
0x42e7fa3bd683a276dae0292f0ab910ac18eb76ce7cf014ec9203f6539768735a,2024-07-02 00:00:03+00:00,0.325,0.4955508974066469,2.43706927540543,11.109147694155807,False,False
0x42e7fa3bd683a276dae0292f0ab910ac18eb76ce7cf014ec9203f6539768735a,2024-07-03 00:00:02+00:00,0.325,0.4928130783076026,2.443829458767854,11.13996334481073,False,False
0x42e7fa3bd683a276dae0292f0ab910ac18eb76ce7cf014ec9203f6539768735a,2024-07-04 00:00:03+00:00,0.315,0.4900751958323827,2.5053402304053662,11.61089204219843,False,False
0x42e7fa3bd683a276dae0292f0ab910ac18eb76ce7cf014ec9203f6539768735a,2024-07-05 00:00:02+00:00,0.325,0.4873373767333384,2.457520489005383,11.202372599454737,False,False
0x42e7fa3bd683a276dae0292f0ab910ac18eb76ce7cf014ec9203f6539768735a,2024-07-06 00:00:02+00:00,0.355,0.4845995259462063,2.3078838503107284,10.079195765086705,False,False
0x42e7fa3bd683a276dae0292f0ab910ac18eb76ce7cf014ec9203f6539768735a,2024-07-07 00:00:02+00:00,0.365,0.4818616751590742,2.2647078234497546,9.771147981662192,False,False
0x42e7fa3bd683a276dae0292f0ab910ac18eb76ce7cf014ec9203f6539768735a,2024-07-08 00:00:02+00:00,0.365,0.4791238243719421,2.2711692006957445,9.799025782313642,False,False
0x42e7fa3bd683a276dae0292f0ab910ac18eb76ce7cf014ec9203f6539768735a,2024-07-09 00:00:02+00:00,0.365,0.47638597358481,2.277686199751003,9.827143564884059,False,False
0x42e7fa3bd683a276dae0292f0ab910ac18eb76ce7cf014ec9203f6539768735a,2024-07-10 00:00:03+00:00,0.375,0.4736480911095901,2.2353342006369736,9.537425922717754,False,False
0x42e7fa3bd683a276dae0292f0ab910ac18eb76ce7cf014ec9203f6539768735a,2024-07-11 00:00:03+00:00,0.36,0.470910240322458,2.3158823877123584,10.05157286333489,False,False
0x42e7fa3bd683a276dae0292f0ab910ac18eb76ce7cf014ec9203f6539768735a,2024-07-12 00:00:02+00:00,0.34,0.4681724212234137,2.4261224627981197,10.811597427799107,False,False
0x42e7fa3bd683a276dae0292f0ab910ac18eb76ce7cf014ec9203f6539768735a,2024-07-13 00:00:03+00:00,0.345,0.4654345387481938,2.4068038610589992,10.650752787073788,False,False
0x42e7fa3bd683a276dae0292f0ab910ac18eb76ce7cf014ec9203f6539768735a,2024-07-14 00:00:02+00:00,0.335,0.4626967196491495,2.4673037071694193,11.075316831643672,False,False
0x42e7fa3bd683a276dae0292f0ab910ac18eb76ce7cf014ec9203f6539768735a,2024-07-15 00:00:03+00:00,0.335,0.4599588371739296,2.474636064287577,11.108230565761762,False,False
0x42e7fa3bd683a276dae0292f0ab910ac18eb76ce7cf014ec9203f6539768735a,2024-07-16 00:00:02+00:00,0.325,0.4572210180748853,2.5371661864138586,11.565429909578842,False,False
0x42e7fa3bd683a276dae0292f0ab910ac18eb76ce7cf014ec9203f6539768735a,2024-07-17 00:00:01+00:00,0.325,0.454483198975841,2.5447966909863298,11.600212836404921,False,False
0x42e7fa3bd683a276dae0292f0ab910ac18eb76ce7cf014ec9203f6539768735a,2024-07-18 00:00:02+00:00,0.325,0.4517453165006211,2.5524966373476037,11.635312306997623,False,False
0x42e7fa3bd683a276dae0292f0ab910ac18eb76ce7cf014ec9203f6539768735a,2024-07-19 00:00:01+00:00,0.315,0.4490074974015768,2.6174071049463974,12.130261174586478,False,False
0x42e7fa3bd683a276dae0292f0ab910ac18eb76ce7cf014ec9203f6539768735a,2024-07-20 00:00:01+00:00,0.315,0.4462696466144447,2.6254236850977724,12.167413672101828,False,False
0x42e7fa3bd683a276dae0292f0ab910ac18eb76ce7cf014ec9203f6539768735a,2024-07-21 00:00:01+00:00,0.315,0.4435317958273126,2.63351437876808,12.204909645547815,False,False
0x42e7fa3bd683a276dae0292f0ab910ac18eb76ce7cf014ec9203f6539768735a,2024-07-22 00:00:01+00:00,0.32,0.4407939450401805,2.6126505294204985,12.00666603593979,False,False
0x42e7fa3bd683a276dae0292f0ab910ac18eb76ce7cf014ec9203f6539768735a,2024-07-23 00:00:01+00:00,0.5,0.43805609425304837,1.778946408739946,7.115785634959784,False,False
0x42e7fa3bd683a276dae0292f0ab910ac18eb76ce7cf014ec9203f6539768735a,2024-07-24 00:00:01+00:00,0.555,0.4353182434659163,1.58718146141023,6.426486330236785,False,False
0x42e7fa3bd683a276dae0292f0ab910ac18eb76ce7cf014ec9203f6539768735a,2024-07-25 00:00:01+00:00,0.35,0.4325803926787842,2.46944875183247,10.854719788274593,False,False
0x42e7fa3bd683a276dae0292f0ab910ac18eb76ce7cf014ec9203f6539768735a,2024-07-26 00:00:02+00:00,0.35,0.4298425102035643,2.477300846851486,10.889234491654884,False,False
0x42e7fa3bd683a276dae0292f0ab910ac18eb76ce7cf014ec9203f6539768735a,2024-07-27 00:00:02+00:00,0.345,0.42710465941643216,2.512481362785947,11.118404083575383,False,False
0x42e7fa3bd683a276dae0292f0ab910ac18eb76ce7cf014ec9203f6539768735a,2024-07-28 00:00:02+00:00,0.345,0.4243668086293001,2.520573112357747,11.154212246300462,False,False
0x42e7fa3bd683a276dae0292f0ab910ac18eb76ce7cf014ec9203f6539768735a,2024-07-29 00:00:02+00:00,0.345,0.421628957842168,2.528743550286512,11.190368626115774,False,False
0x42e7fa3bd683a276dae0292f0ab910ac18eb76ce7cf014ec9203f6539768735a,2024-07-30 00:00:01+00:00,0.345,0.41889113874312367,2.536993864281636,11.226878478954026,False,False
0x42e7fa3bd683a276dae0292f0ab910ac18eb76ce7cf014ec9203f6539768735a,2024-07-31 00:00:02+00:00,0.34,0.4161532562679038,2.5732914899220303,11.467430882005482,False,False
0x42e7fa3bd683a276dae0292f0ab910ac18eb76ce7cf014ec9203f6539768735a,2024-08-01 00:00:02+00:00,0.345,0.41341540548077166,2.5537399793226787,11.300984530690027,False,False
0x42e7fa3bd683a276dae0292f0ab910ac18eb76ce7cf014ec9203f6539768735a,2024-08-02 00:00:01+00:00,0.215,0.41067758638172736,3.4433254353376648,20.40186896956104,False,False
0x42e7fa3bd683a276dae0292f0ab910ac18eb76ce7cf014ec9203f6539768735a,2024-08-03 00:00:02+00:00,0.12,0.40793970390650747,4.4439899921829795,42.08323856233882,False,False
0x42e7fa3bd683a276dae0292f0ab910ac18eb76ce7cf014ec9203f6539768735a,2024-08-04 00:00:01+00:00,0.135,0.40520188480746316,4.267436752058454,36.544095500393524,False,False
0x42e7fa3bd683a276dae0292f0ab910ac18eb76ce7cf014ec9203f6539768735a,2024-08-05 00:00:01+00:00,0.125,0.4024640340203311,4.407996085031823,40.30167849171953,False,False
0x42e7fa3bd683a276dae0292f0ab910ac18eb76ce7cf014ec9203f6539768735a,2024-08-06 00:00:01+00:00,0.085,0.399726183233199,5.030229106283306,64.67668410521769,False,False
0x42e7fa3bd683a276dae0292f0ab910ac18eb76ce7cf014ec9203f6539768735a,2024-08-07 00:00:01+00:00,0.085,0.39698833244606685,5.0475449217172565,64.89932396936362,False,False
0x42e7fa3bd683a276dae0292f0ab910ac18eb76ce7cf014ec9203f6539768735a,2024-08-08 00:00:01+00:00,0.135,0.3942504816589348,4.326300734005486,37.04817584247901,False,False
0x42e7fa3bd683a276dae0292f0ab910ac18eb76ce7cf014ec9203f6539768735a,2024-08-09 00:00:02+00:00,0.125,0.39151259918371484,4.46922137104684,40.86145253528539,False,False
0x42e7fa3bd683a276dae0292f0ab910ac18eb76ce7cf014ec9203f6539768735a,2024-08-10 00:00:02+00:00,0.125,0.38877474839658277,4.48493046025003,41.005078493714564,False,False
0x42e7fa3bd683a276dae0292f0ab910ac18eb76ce7cf014ec9203f6539768735a,2024-08-11 00:00:01+00:00,0.13,0.38603692929753847,4.43544343252589,39.21700647679832,False,False
0x42e7fa3bd683a276dae0292f0ab910ac18eb76ce7cf014ec9203f6539768735a,2024-08-12 00:00:01+00:00,0.145,0.38329907851040634,4.26600048103542,34.41016721948313,False,False
0x42e7fa3bd683a276dae0292f0ab910ac18eb76ce7cf014ec9203f6539768735a,2024-08-13 00:00:02+00:00,0.185,0.38056119603518646,3.852063707980315,25.548424526481945,False,False
0x42e7fa3bd683a276dae0292f0ab910ac18eb76ce7cf014ec9203f6539768735a,2024-08-14 00:00:02+00:00,0.185,0.37782334524805433,3.865995270100717,25.640824208925334,False,False
0x42e7fa3bd683a276dae0292f0ab910ac18eb76ce7cf014ec9203f6539768735a,2024-08-15 00:00:02+00:00,0.195,0.37508549446092226,3.783926497632227,24.10528108063212,False,False
0x42e7fa3bd683a276dae0292f0ab910ac18eb76ce7cf014ec9203f6539768735a,2024-08-16 00:00:02+00:00,0.255,0.37234764367379014,3.290782847583952,17.322188959515472,False,False
0x42e7fa3bd683a276dae0292f0ab910ac18eb76ce7cf014ec9203f6539768735a,2024-08-17 00:00:02+00:00,0.27,0.3696097928866581,3.191276735114896,16.191155429299318,False,False
0x42e7fa3bd683a276dae0292f0ab910ac18eb76ce7cf014ec9203f6539768735a,2024-08-18 00:00:02+00:00,0.275,0.36687194209952595,3.1669479797275386,15.884378581705523,False,False
0x42e7fa3bd683a276dae0292f0ab910ac18eb76ce7cf014ec9203f6539768735a,2024-08-19 00:00:02+00:00,0.285,0.3641340913123938,3.107756702245421,15.250922351836197,False,False
0x42e7fa3bd683a276dae0292f0ab910ac18eb76ce7cf014ec9203f6539768735a,2024-08-20 00:00:01+00:00,0.275,0.3613962722133496,3.19084967728532,16.00426170425239,False,False
0x42e7fa3bd683a276dae0292f0ab910ac18eb76ce7cf014ec9203f6539768735a,2024-08-21 00:00:02+00:00,0.245,0.35865838973812963,3.4316681864441705,18.552064800346916,False,False
0x42e7fa3bd683a276dae0292f0ab910ac18eb76ce7cf014ec9203f6539768735a,2024-08-22 00:00:02+00:00,0.155,0.35592053895099757,4.307614146895762,32.88882723340914,False,False
0x42e7fa3bd683a276dae0292f0ab910ac18eb76ce7cf014ec9203f6539768735a,2024-08-23 00:00:02+00:00,0.145,0.35318268816386544,4.44416406902955,35.84726008493285,False,False
0x42e7fa3bd683a276dae0292f0ab910ac18eb76ce7cf014ec9203f6539768735a,2024-08-24 00:00:02+00:00,0.145,0.3504448373767333,4.461490313577223,35.987016040147,False,False
0x42e7fa3bd683a276dae0292f0ab910ac18eb76ce7cf014ec9203f6539768735a,2024-08-25 00:00:01+00:00,0.145,0.3477070182776891,4.479020594014137,36.12841777789181,False,False
0x42e7fa3bd683a276dae0292f0ab910ac18eb76ce7cf014ec9203f6539768735a,2024-08-26 00:00:02+00:00,0.125,0.34496913580246913,4.76118018770251,43.53079028756581,False,False
0x42e7fa3bd683a276dae0292f0ab910ac18eb76ce7cf014ec9203f6539768735a,2024-08-27 00:00:01+00:00,0.105,0.3422313167034248,5.082633345158736,54.08495179737947,False,False
0x42e7fa3bd683a276dae0292f0ab910ac18eb76ce7cf014ec9203f6539768735a,2024-08-28 00:00:01+00:00,0.12,0.33949346591629276,4.871417482681497,46.130847373877806,False,False
0x42e7fa3bd683a276dae0292f0ab910ac18eb76ce7cf014ec9203f6539768735a,2024-08-29 00:00:02+00:00,0.125,0.3367555834410728,4.818893580674668,44.058455594739826,False,False
0x42e7fa3bd683a276dae0292f0ab910ac18eb76ce7cf014ec9203f6539768735a,2024-08-30 00:00:02+00:00,0.115,0.33401773265394075,4.986262134878185,48.992995675540996,False,False
0x42e7fa3bd683a276dae0292f0ab910ac18eb76ce7cf014ec9203f6539768735a,2024-08-31 00:00:02+00:00,0.125,0.3312798818668086,4.858555932736207,44.42108281358818,False,False
0x42e7fa3bd683a276dae0292f0ab910ac18eb76ce7cf014ec9203f6539768735a,2024-09-01 00:00:02+00:00,0.125,0.32854203107967656,4.87875791953257,44.605786692869216,False,False
0x42e7fa3bd683a276dae0292f0ab910ac18eb76ce7cf014ec9203f6539768735a,2024-09-02 00:00:02+00:00,0.125,0.32580418029254443,4.899214021269543,44.79281390875011,False,False
0x42e7fa3bd683a276dae0292f0ab910ac18eb76ce7cf014ec9203f6539768735a,2024-09-03 00:00:02+00:00,0.125,0.3230663295054123,4.9199296104125185,44.982213580914454,False,False
0x42e7fa3bd683a276dae0292f0ab910ac18eb76ce7cf014ec9203f6539768735a,2024-09-04 00:00:02+00:00,0.115,0.32032847871828024,5.0916916186195005,50.02890315519037,False,False
0x42e7fa3bd683a276dae0292f0ab910ac18eb76ce7cf014ec9203f6539768735a,2024-09-05 00:00:02+00:00,0.055,0.3175906279311481,6.358362044125081,122.33500806397463,False,False
0x42e7fa3bd683a276dae0292f0ab910ac18eb76ce7cf014ec9203f6539768735a,2024-09-06 00:00:02+00:00,0.085,0.314852777144016,5.667810220931659,72.87444835656262,False,False
0x42e7fa3bd683a276dae0292f0ab910ac18eb76ce7cf014ec9203f6539768735a,2024-09-07 00:00:02+00:00,0.085,0.3121149263568839,5.692614765564576,73.19337532066314,False,False
0x42e7fa3bd683a276dae0292f0ab910ac18eb76ce7cf014ec9203f6539768735a,2024-09-08 00:00:02+00:00,0.075,0.3093770755697518,5.93158672709038,85.50034921932078,False,False
0x42e7fa3bd683a276dae0292f0ab910ac18eb76ce7cf014ec9203f6539768735a,2024-09-09 00:00:01+00:00,0.085,0.30663925647070756,5.743216494506074,73.84399221480004,False,False
0x42e7fa3bd683a276dae0292f0ab910ac18eb76ce7cf014ec9203f6539768735a,2024-09-10 00:00:02+00:00,0.085,0.3039013739954876,5.769029136984231,74.17588089982938,False,False
0x42e7fa3bd683a276dae0292f0ab910ac18eb76ce7cf014ec9203f6539768735a,2024-09-11 00:00:01+00:00,0.085,0.3011635548964433,5.79519236926947,74.5122773290835,False,False
0x42e7fa3bd683a276dae0292f0ab910ac18eb76ce7cf014ec9203f6539768735a,2024-09-12 00:00:02+00:00,0.095,0.2984256724212234,5.624133478818992,65.41591717149161,False,False
0x42e7fa3bd683a276dae0292f0ab910ac18eb76ce7cf014ec9203f6539768735a,2024-09-13 00:00:02+00:00,0.085,0.2956878216340913,5.848605728714112,75.19904504936177,False,False
0x42e7fa3bd683a276dae0292f0ab910ac18eb76ce7cf014ec9203f6539768735a,2024-09-14 00:00:02+00:00,0.065,0.29294997084695923,6.341119137932641,104.33762464718455,False,False
0x42e7fa3bd683a276dae0292f0ab910ac18eb76ce7cf014ec9203f6539768735a,2024-09-15 00:00:02+00:00,0.065,0.2902121200598271,6.37095986990432,104.82862805272431,False,False
0x42e7fa3bd683a276dae0292f0ab910ac18eb76ce7cf014ec9203f6539768735a,2024-09-16 00:00:02+00:00,0.075,0.287474269272695,6.153404436309109,88.69772160445562,False,False
0x42e7fa3bd683a276dae0292f0ab910ac18eb76ce7cf014ec9203f6539768735a,2024-09-17 00:00:02+00:00,0.0355,0.2847364184855629,7.422964375357897,216.7937667581655,True,False
0x42e7fa3bd683a276dae0292f0ab910ac18eb76ce7cf014ec9203f6539768735a,2024-09-18 00:00:02+00:00,0.0405,0.2819985676984308,7.249820147499017,186.56373619230737,True,False
0x42e7fa3bd683a276dae0292f0ab910ac18eb76ce7cf014ec9203f6539768735a,2024-09-19 00:00:01+00:00,0.0155,0.27926074859938654,8.732238745839725,572.2399610635642,True,False
0x42e7fa3bd683a276dae0292f0ab910ac18eb76ce7cf014ec9203f6539768735a,2024-09-20 00:00:02+00:00,0.0145,0.2765228661241666,8.869743230705897,620.7066765132977,True,False
0x42e7fa3bd683a276dae0292f0ab910ac18eb76ce7cf014ec9203f6539768735a,2024-09-21 00:00:02+00:00,0.017,0.2737850153370345,8.68646862564998,519.8054350816815,True,False
0x42e7fa3bd683a276dae0292f0ab910ac18eb76ce7cf014ec9203f6539768735a,2024-09-22 00:00:02+00:00,0.0145,0.2710471645499024,8.958888639383272,626.945092768122,True,False
0x42e7fa3bd683a276dae0292f0ab910ac18eb76ce7cf014ec9203f6539768735a,2024-09-23 00:00:02+00:00,0.015,0.2683093137627703,8.955871654809615,606.1503658077573,True,False
0x42e7fa3bd683a276dae0292f0ab910ac18eb76ce7cf014ec9203f6539768735a,2024-09-24 00:00:02+00:00,0.013,0.2655714629756382,9.2068171491924,717.5447860020575,True,False
0x42e7fa3bd683a276dae0292f0ab910ac18eb76ce7cf014ec9203f6539768735a,2024-09-25 00:00:02+00:00,0.0095,0.2628336121885061,9.694278101505494,1030.2375835176806,True,False
0x42e7fa3bd683a276dae0292f0ab910ac18eb76ce7cf014ec9203f6539768735a,2024-09-26 00:00:02+00:00,0.0205,0.26009576140137397,8.631413175666879,429.856605568639,True,False
0x42e7fa3bd683a276dae0292f0ab910ac18eb76ce7cf014ec9203f6539768735a,2024-09-27 00:00:02+00:00,0.0265,0.2573579106142419,8.278889512106947,320.9151771804497,True,False
0x42e7fa3bd683a276dae0292f0ab910ac18eb76ce7cf014ec9203f6539768735a,2024-09-28 00:00:02+00:00,0.0225,0.2546200598271098,8.580093501629822,390.11507822130477,True,False
0x42e7fa3bd683a276dae0292f0ab910ac18eb76ce7cf014ec9203f6539768735a,2024-09-29 00:00:03+00:00,0.0225,0.2518821773518899,8.626598968382321,392.2295637798157,True,False
0x42e7fa3bd683a276dae0292f0ab910ac18eb76ce7cf014ec9203f6539768735a,2024-09-30 00:00:03+00:00,0.0225,0.24914432656475777,8.673868375654525,394.3787837751418,True,False
0x42e7fa3bd683a276dae0292f0ab910ac18eb76ce7cf014ec9203f6539768735a,2024-10-01 00:00:02+00:00,0.0245,0.2464065074657135,8.586776016567661,359.2830894284526,True,False
0x42e7fa3bd683a276dae0292f0ab910ac18eb76ce7cf014ec9203f6539768735a,2024-10-02 00:00:02+00:00,0.0255,0.2436686566785814,8.570499897438298,344.8928016353604,True,False
0x42e7fa3bd683a276dae0292f0ab910ac18eb76ce7cf014ec9203f6539768735a,2024-10-03 00:00:02+00:00,0.027,0.24093080589144927,8.52593871267792,324.53803481701954,True,False
0x42e7fa3bd683a276dae0292f0ab910ac18eb76ce7cf014ec9203f6539768735a,2024-10-04 00:00:02+00:00,0.024,0.23819295510431718,8.76699503513013,374.274036677345,True,False
0x42e7fa3bd683a276dae0292f0ab910ac18eb76ce7cf014ec9203f6539768735a,2024-10-05 00:00:02+00:00,0.026,0.23545510431718508,8.686785531383672,343.02580679922886,True,False
0x42e7fa3bd683a276dae0292f0ab910ac18eb76ce7cf014ec9203f6539768735a,2024-10-06 00:00:02+00:00,0.027,0.232717253530053,8.67509184995248,330.2155171083126,True,False
0x42e7fa3bd683a276dae0292f0ab910ac18eb76ce7cf014ec9203f6539768735a,2024-10-07 00:00:02+00:00,0.035,0.2299794027429209,8.284169812951534,245.27519801484928,True,False
0x42e7fa3bd683a276dae0292f0ab910ac18eb76ce7cf014ec9203f6539768735a,2024-10-08 00:00:02+00:00,0.049,0.22724155195578877,7.731117656945279,165.9073726248477,True,False
0x42e7fa3bd683a276dae0292f0ab910ac18eb76ce7cf014ec9203f6539768735a,2024-10-09 00:00:02+00:00,0.05,0.22450370116865667,7.74069605076623,162.9620221213943,False,False
0x42e7fa3bd683a276dae0292f0ab910ac18eb76ce7cf014ec9203f6539768735a,2024-10-10 00:00:02+00:00,0.058,0.22176585038152458,7.5079864741556195,137.41830430770224,False,False
0x42e7fa3bd683a276dae0292f0ab910ac18eb76ce7cf014ec9203f6539768735a,2024-10-11 00:00:03+00:00,0.049,0.21902796790630466,7.874742637325928,168.98951988939524,True,False
0x42e7fa3bd683a276dae0292f0ab910ac18eb76ce7cf014ec9203f6539768735a,2024-10-12 00:00:02+00:00,0.0555,0.21629014880726039,7.68740902873871,146.65100517913018,False,False
0x42e7fa3bd683a276dae0292f0ab910ac18eb76ce7cf014ec9203f6539768735a,2024-10-13 00:00:03+00:00,0.056,0.21355226633204047,7.719172017880875,146.01944646415092,False,False
0x42e7fa3bd683a276dae0292f0ab910ac18eb76ce7cf014ec9203f6539768735a,2024-10-14 00:00:02+00:00,0.051,0.21081444723299617,7.950094367382715,164.2615419199305,False,False
0x42e7fa3bd683a276dae0292f0ab910ac18eb76ce7cf014ec9203f6539768735a,2024-10-15 00:00:02+00:00,0.0495,0.20807659644586407,8.059797865214598,171.3037341370485,True,False
0x42e7fa3bd683a276dae0292f0ab910ac18eb76ce7cf014ec9203f6539768735a,2024-10-16 00:00:03+00:00,0.0515,0.20533871397064415,8.03639972035105,164.51934265858816,False,False
0x42e7fa3bd683a276dae0292f0ab910ac18eb76ce7cf014ec9203f6539768735a,2024-10-17 00:00:02+00:00,0.0515,0.20260089487159988,8.090516894254426,165.62721710323254,False,False
0x42e7fa3bd683a276dae0292f0ab910ac18eb76ce7cf014ec9203f6539768735a,2024-10-18 00:00:02+00:00,0.0575,0.19986304408446776,7.926111863915619,146.2550914803943,False,False
0x42e7fa3bd683a276dae0292f0ab910ac18eb76ce7cf014ec9203f6539768735a,2024-10-19 00:00:02+00:00,0.052,0.19712519329733566,8.182882322303088,165.99485399024442,False,False
0x42e7fa3bd683a276dae0292f0ab910ac18eb76ce7cf014ec9203f6539768735a,2024-10-20 00:00:02+00:00,0.0545,0.19438734251020356,8.145750520060373,158.07859576381358,False,False
0x42e7fa3bd683a276dae0292f0ab910ac18eb76ce7cf014ec9203f6539768735a,2024-10-21 00:00:02+00:00,0.0565,0.19164949172307147,8.130149443559354,152.51346086749777,False,False
0x42e7fa3bd683a276dae0292f0ab910ac18eb76ce7cf014ec9203f6539768735a,2024-10-22 00:00:02+00:00,0.0655,0.18891164093593937,7.88029208993768,128.74243220953656,False,False
0x42e7fa3bd683a276dae0292f0ab910ac18eb76ce7cf014ec9203f6539768735a,2024-10-23 00:00:02+00:00,0.074,0.18617379014880725,7.675583757891925,112.01307217751335,False,False
0x42e7fa3bd683a276dae0292f0ab910ac18eb76ce7cf014ec9203f6539768735a,2024-10-24 00:00:03+00:00,0.0735,0.18343590767358733,7.747488540456474,113.77011047290804,False,False
0x42e7fa3bd683a276dae0292f0ab910ac18eb76ce7cf014ec9203f6539768735a,2024-10-25 00:00:03+00:00,0.066,0.18069805688645524,8.040958028798057,130.44186017776357,False,False
0x42e7fa3bd683a276dae0292f0ab910ac18eb76ce7cf014ec9203f6539768735a,2024-10-26 00:00:03+00:00,0.0395,0.17796020609932314,9.176520852993733,241.8708835190989,True,False
0x42e7fa3bd683a276dae0292f0ab910ac18eb76ce7cf014ec9203f6539768735a,2024-10-27 00:00:03+00:00,0.0315,0.17522235531219105,9.698732387919556,317.91044531043934,True,False
0x42e7fa3bd683a276dae0292f0ab910ac18eb76ce7cf014ec9203f6539768735a,2024-10-28 00:00:03+00:00,0.0515,0.17248450452505895,8.768431346955952,179.50532720454785,False,False
0x42e7fa3bd683a276dae0292f0ab910ac18eb76ce7cf014ec9203f6539768735a,2024-10-29 00:00:02+00:00,0.047,0.16974668542601465,9.033444253838447,201.67989671671646,True,False
0x42e7fa3bd683a276dae0292f0ab910ac18eb76ce7cf014ec9203f6539768735a,2024-10-30 00:00:03+00:00,0.0445,0.16700880295079473,9.223128793444895,216.91399393093548,True,False
0x42e7fa3bd683a276dae0292f0ab910ac18eb76ce7cf014ec9203f6539768735a,2024-10-31 00:00:03+00:00,0.046,0.16427095216366264,9.228883394139897,210.3017818371137,True,False
0x42e7fa3bd683a276dae0292f0ab910ac18eb76ce7cf014ec9203f6539768735a,2024-11-01 00:00:03+00:00,0.036,0.16153310137653054,9.826191430728224,283.1429066023578,True,False
0x42e7fa3bd683a276dae0292f0ab910ac18eb76ce7cf014ec9203f6539768735a,2024-11-02 00:00:03+00:00,0.0205,0.15879525058939845,11.046629526833497,550.1378018567709,True,False
0x42e7fa3bd683a276dae0292f0ab910ac18eb76ce7cf014ec9203f6539768735a,2024-11-03 00:00:03+00:00,0.019,0.15605739980226632,11.291239769489726,605.7857057508303,True,False
0x42e7fa3bd683a276dae0292f0ab910ac18eb76ce7cf014ec9203f6539768735a,2024-11-04 00:00:03+00:00,0.024,0.15331954901513423,10.927390173513839,466.5040203856659,True,False
0x42e7fa3bd683a276dae0292f0ab910ac18eb76ce7cf014ec9203f6539768735a,2024-11-05 00:00:02+00:00,0.02,0.15058172991608995,11.393066277012363,581.2788916843042,True,False
0x42e7fa3bd683a276dae0292f0ab910ac18eb76ce7cf014ec9203f6539768735a,2024-11-06 00:00:02+00:00,0.024,0.14784387912895786,11.127908405990143,475.06439574753,True,False
0x42e7fa3bd683a276dae0292f0ab910ac18eb76ce7cf014ec9203f6539768735a,2024-11-07 00:00:03+00:00,0.018,0.14510599665373794,11.817980098534747,668.5890528702619,True,False
0x42e7fa3bd683a276dae0292f0ab910ac18eb76ce7cf014ec9203f6539768735a,2024-11-08 00:00:02+00:00,0.0005,0.14236817755469364,17.983177883259255,35984.34794048875,True,False
0x4a5b5f52c6e7f2af6b06462c92d12ea7bd1662c87be11828da0722ff32373b36,2024-04-26 00:00:02+00:00,0.185,0.6461327223870003,2.956275096613359,19.607196793986795,False,False
0x4a5b5f52c6e7f2af6b06462c92d12ea7bd1662c87be11828da0722ff32373b36,2024-04-27 00:00:03+00:00,0.165,0.6433948399117804,3.1195465316146533,22.642326486043572,False,False
0x4a5b5f52c6e7f2af6b06462c92d12ea7bd1662c87be11828da0722ff32373b36,2024-04-28 00:00:03+00:00,0.165,0.6406569891246483,3.1262051240231403,22.690655953715407,False,False
0x4a5b5f52c6e7f2af6b06462c92d12ea7bd1662c87be11828da0722ff32373b36,2024-04-29 00:00:03+00:00,0.165,0.6379191383375161,3.1329065370496827,22.739296222461856,False,False
0x4a5b5f52c6e7f2af6b06462c92d12ea7bd1662c87be11828da0722ff32373b36,2024-04-30 00:00:04+00:00,0.165,0.6351812558622962,3.1396513099438366,22.788251206269905,False,False
0x4a5b5f52c6e7f2af6b06462c92d12ea7bd1662c87be11828da0722ff32373b36,2024-05-01 00:00:03+00:00,0.165,0.632443436763252,3.1464396756680078,22.837522596029814,False,False
0x4a5b5f52c6e7f2af6b06462c92d12ea7bd1662c87be11828da0722ff32373b36,2024-05-02 00:00:03+00:00,0.14,0.6297055859761198,3.3750672780636646,28.03212024969821,False,False
0x4a5b5f52c6e7f2af6b06462c92d12ea7bd1662c87be11828da0722ff32373b36,2024-05-03 00:00:03+00:00,0.115,0.6269677351889877,3.639462694804268,35.75988891971769,False,False
0x4a5b5f52c6e7f2af6b06462c92d12ea7bd1662c87be11828da0722ff32373b36,2024-05-04 00:00:03+00:00,0.105,0.6242298844018557,3.763365309914625,40.04645182138467,False,False
0x4a5b5f52c6e7f2af6b06462c92d12ea7bd1662c87be11828da0722ff32373b36,2024-05-05 00:00:03+00:00,0.085,0.6214920336147236,4.034142929038893,51.86940442351517,False,False
0x4a5b5f52c6e7f2af6b06462c92d12ea7bd1662c87be11828da0722ff32373b36,2024-05-06 00:00:02+00:00,0.075,0.6187542145156792,4.194264983099561,60.45787363026394,False,False
0x4a5b5f52c6e7f2af6b06462c92d12ea7bd1662c87be11828da0722ff32373b36,2024-05-07 00:00:02+00:00,0.075,0.6160163637285472,4.20357523965636,60.592075526578164,False,False
0x4a5b5f52c6e7f2af6b06462c92d12ea7bd1662c87be11828da0722ff32373b36,2024-05-08 00:00:03+00:00,0.075,0.6132784812533273,4.212947881149965,60.72717666522472,False,False
0x4a5b5f52c6e7f2af6b06462c92d12ea7bd1662c87be11828da0722ff32373b36,2024-05-09 00:00:03+00:00,0.075,0.6105406304661951,4.222383388014374,60.86318397137836,False,False
0x4a5b5f52c6e7f2af6b06462c92d12ea7bd1662c87be11828da0722ff32373b36,2024-05-10 00:00:03+00:00,0.075,0.607802779679063,4.231882576732411,61.00010921416087,False,False
0x4a5b5f52c6e7f2af6b06462c92d12ea7bd1662c87be11828da0722ff32373b36,2024-05-11 00:00:04+00:00,0.085,0.6050648972038432,4.088538438719542,52.56880024068842,False,False
0x4a5b5f52c6e7f2af6b06462c92d12ea7bd1662c87be11828da0722ff32373b36,2024-05-12 00:00:03+00:00,0.085,0.6023270781047988,4.097819930383857,52.68813796700555,False,False
0x4a5b5f52c6e7f2af6b06462c92d12ea7bd1662c87be11828da0722ff32373b36,2024-05-13 00:00:04+00:00,0.085,0.5995891956295789,4.107165137909456,52.8082949265118,False,False
0x4a5b5f52c6e7f2af6b06462c92d12ea7bd1662c87be11828da0722ff32373b36,2024-05-14 00:00:03+00:00,0.085,0.5968513765305347,4.116574355950857,52.92927490775772,False,False
0x4a5b5f52c6e7f2af6b06462c92d12ea7bd1662c87be11828da0722ff32373b36,2024-05-15 00:00:04+00:00,0.105,0.5941134940553148,3.8575711688878296,41.048908421259156,False,False
0x4a5b5f52c6e7f2af6b06462c92d12ea7bd1662c87be11828da0722ff32373b36,2024-05-16 00:00:04+00:00,0.095,0.5913756432681826,3.995231904710683,46.46969357034815,False,False
0x4a5b5f52c6e7f2af6b06462c92d12ea7bd1662c87be11828da0722ff32373b36,2024-05-17 00:00:03+00:00,0.095,0.5886378241691383,4.004512257195453,46.57763602437281,False,False
0x4a5b5f52c6e7f2af6b06462c92d12ea7bd1662c87be11828da0722ff32373b36,2024-05-18 00:00:03+00:00,0.095,0.5858999733820063,4.013857690922989,46.68633545708623,False,False
0x4a5b5f52c6e7f2af6b06462c92d12ea7bd1662c87be11828da0722ff32373b36,2024-05-19 00:00:03+00:00,0.095,0.5831621225948741,4.023268860582376,46.79579948336581,False,False
0x4a5b5f52c6e7f2af6b06462c92d12ea7bd1662c87be11828da0722ff32373b36,2024-05-20 00:00:03+00:00,0.095,0.580424271807742,4.032746540390524,46.90603710835153,False,False
0x4a5b5f52c6e7f2af6b06462c92d12ea7bd1662c87be11828da0722ff32373b36,2024-05-21 00:00:03+00:00,0.095,0.57768642102061,4.042291517546272,47.01705748817996,False,False
0x4a5b5f52c6e7f2af6b06462c92d12ea7bd1662c87be11828da0722ff32373b36,2024-05-22 00:00:03+00:00,0.095,0.5749485702334778,4.051904592209826,47.12886992974499,False,False
0x4a5b5f52c6e7f2af6b06462c92d12ea7bd1662c87be11828da0722ff32373b36,2024-05-23 00:00:03+00:00,0.095,0.5722107194463457,4.061586577975494,47.2414838961965,False,False
0x4a5b5f52c6e7f2af6b06462c92d12ea7bd1662c87be11828da0722ff32373b36,2024-05-24 00:00:03+00:00,0.095,0.5694728686592136,4.0713383021111,47.35490900972491,False,False
0x4a5b5f52c6e7f2af6b06462c92d12ea7bd1662c87be11828da0722ff32373b36,2024-05-25 00:00:03+00:00,0.105,0.5667350178720816,3.9496501758260223,42.02873291647802,False,False
0x4a5b5f52c6e7f2af6b06462c92d12ea7bd1662c87be11828da0722ff32373b36,2024-05-26 00:00:03+00:00,0.105,0.5639971670849494,3.9592251009668598,42.13062092010492,False,False
0x4a5b5f52c6e7f2af6b06462c92d12ea7bd1662c87be11828da0722ff32373b36,2024-05-27 00:00:03+00:00,0.105,0.5612593162978173,3.9688700014307194,42.233253540098104,False,False
0x4a5b5f52c6e7f2af6b06462c92d12ea7bd1662c87be11828da0722ff32373b36,2024-05-28 00:00:03+00:00,0.12,0.5585214655106853,3.7979664671249407,35.96559154474376,False,False
0x4a5b5f52c6e7f2af6b06462c92d12ea7bd1662c87be11828da0722ff32373b36,2024-05-29 00:00:04+00:00,0.14,0.5557835830354653,3.592513015233409,29.83814796705489,False,False
0x4a5b5f52c6e7f2af6b06462c92d12ea7bd1662c87be11828da0722ff32373b36,2024-05-30 00:00:03+00:00,0.145,0.553045763936421,3.551479012713878,28.646735331428744,False,False
0x4a5b5f52c6e7f2af6b06462c92d12ea7bd1662c87be11828da0722ff32373b36,2024-05-31 00:00:03+00:00,0.175,0.550307913149289,3.2862580027918478,22.76196019249765,False,False
0x4a5b5f52c6e7f2af6b06462c92d12ea7bd1662c87be11828da0722ff32373b36,2024-06-01 00:00:03+00:00,0.155,0.5475700623621568,3.4729095455191312,26.515820160482008,False,False
0x4a5b5f52c6e7f2af6b06462c92d12ea7bd1662c87be11828da0722ff32373b36,2024-06-02 00:00:03+00:00,0.155,0.5448322115750247,3.4816245156853602,26.582359348618898,False,False
0x4a5b5f52c6e7f2af6b06462c92d12ea7bd1662c87be11828da0722ff32373b36,2024-06-03 00:00:03+00:00,0.155,0.5420943607878926,3.490405425281882,26.649401987263843,False,False
0x4a5b5f52c6e7f2af6b06462c92d12ea7bd1662c87be11828da0722ff32373b36,2024-06-04 00:00:02+00:00,0.155,0.5393565416888483,3.499253007252726,26.716953672477388,False,False
0x4a5b5f52c6e7f2af6b06462c92d12ea7bd1662c87be11828da0722ff32373b36,2024-06-05 00:00:02+00:00,0.135,0.5366186909017162,3.708257841963031,31.755579892639958,False,False
0x4a5b5f52c6e7f2af6b06462c92d12ea7bd1662c87be11828da0722ff32373b36,2024-06-06 00:00:03+00:00,0.135,0.5338808084264963,3.7177541478332263,31.836901287375092,False,False
0x4a5b5f52c6e7f2af6b06462c92d12ea7bd1662c87be11828da0722ff32373b36,2024-06-07 00:00:02+00:00,0.13,0.5311429893274521,3.781340134823169,33.433599777393184,False,False
0x4a5b5f52c6e7f2af6b06462c92d12ea7bd1662c87be11828da0722ff32373b36,2024-06-08 00:00:02+00:00,0.115,0.5284051385403199,3.9643898169215013,38.95249144604767,False,False
0x4a5b5f52c6e7f2af6b06462c92d12ea7bd1662c87be11828da0722ff32373b36,2024-06-09 00:00:03+00:00,0.105,0.5256672560651,4.101032326937459,43.639609757248834,False,False
0x4a5b5f52c6e7f2af6b06462c92d12ea7bd1662c87be11828da0722ff32373b36,2024-06-10 00:00:04+00:00,0.105,0.5229293735898801,4.1117541249035785,43.7537017813629,False,False
0x4a5b5f52c6e7f2af6b06462c92d12ea7bd1662c87be11828da0722ff32373b36,2024-06-11 00:00:02+00:00,0.105,0.5201915861789236,4.122560081962615,43.86868935315366,False,False
0x4a5b5f52c6e7f2af6b06462c92d12ea7bd1662c87be11828da0722ff32373b36,2024-06-12 00:00:03+00:00,0.105,0.5174537037037037,4.133452065251914,43.98459234106852,False,False
0x4a5b5f52c6e7f2af6b06462c92d12ea7bd1662c87be11828da0722ff32373b36,2024-06-13 00:00:03+00:00,0.09,0.5147158529165716,4.355934812824241,53.18601725060124,False,False
0x4a5b5f52c6e7f2af6b06462c92d12ea7bd1662c87be11828da0722ff32373b36,2024-06-14 00:00:03+00:00,0.085,0.5119780021294394,4.4447098296831555,57.14831024986377,False,False
0x4a5b5f52c6e7f2af6b06462c92d12ea7bd1662c87be11828da0722ff32373b36,2024-06-15 00:00:04+00:00,0.085,0.5092401196542196,4.456642098959458,57.30173061985802,False,False
0x4a5b5f52c6e7f2af6b06462c92d12ea7bd1662c87be11828da0722ff32373b36,2024-06-16 00:00:04+00:00,0.085,0.5065022688670875,4.468670847455921,57.45639148127188,False,False
0x4a5b5f52c6e7f2af6b06462c92d12ea7bd1662c87be11828da0722ff32373b36,2024-06-17 00:00:04+00:00,0.075,0.5037644180799554,4.648375517029631,67.00361105628296,False,False
0x4a5b5f52c6e7f2af6b06462c92d12ea7bd1662c87be11828da0722ff32373b36,2024-06-18 00:00:03+00:00,0.075,0.5010265989809111,4.661058549258025,67.18642953885441,False,False
0x4a5b5f52c6e7f2af6b06462c92d12ea7bd1662c87be11828da0722ff32373b36,2024-06-19 00:00:03+00:00,0.075,0.498288748193779,4.673846116324993,67.37075482990981,False,False
0x4a5b5f52c6e7f2af6b06462c92d12ea7bd1662c87be11828da0722ff32373b36,2024-06-20 00:00:04+00:00,0.075,0.49555086571855905,4.686739661734873,67.55660773671889,False,False
0x4a5b5f52c6e7f2af6b06462c92d12ea7bd1662c87be11828da0722ff32373b36,2024-06-21 00:00:03+00:00,0.075,0.4928130466195148,4.699740203754583,67.74400293700299,False,False
0x4a5b5f52c6e7f2af6b06462c92d12ea7bd1662c87be11828da0722ff32373b36,2024-06-22 00:00:02+00:00,0.075,0.4900752275204705,4.712849536029047,67.93296628510338,False,False
0x4a5b5f52c6e7f2af6b06462c92d12ea7bd1662c87be11828da0722ff32373b36,2024-06-23 00:00:03+00:00,0.075,0.4873373450452506,4.7260694916609385,68.12352420412164,False,False
0x4a5b5f52c6e7f2af6b06462c92d12ea7bd1662c87be11828da0722ff32373b36,2024-06-24 00:00:03+00:00,0.075,0.4845994942581185,4.739401169537126,68.31569253386847,False,False
0x4a5b5f52c6e7f2af6b06462c92d12ea7bd1662c87be11828da0722ff32373b36,2024-06-25 00:00:03+00:00,0.075,0.48186164347098637,4.7528463089071975,68.50949634460825,False,False
0x4a5b5f52c6e7f2af6b06462c92d12ea7bd1662c87be11828da0722ff32373b36,2024-06-26 00:00:03+00:00,0.075,0.4791237926838543,4.7664065282998545,68.70495896648438,False,False
0x4a5b5f52c6e7f2af6b06462c92d12ea7bd1662c87be11828da0722ff32373b36,2024-06-27 00:00:02+00:00,0.075,0.47638597358481,4.780083319915974,68.90210190869873,False,False
0x4a5b5f52c6e7f2af6b06462c92d12ea7bd1662c87be11828da0722ff32373b36,2024-06-28 00:00:03+00:00,0.075,0.4736480911095901,4.7938788450603695,69.10095632519452,False,False
0x4a5b5f52c6e7f2af6b06462c92d12ea7bd1662c87be11828da0722ff32373b36,2024-06-29 00:00:02+00:00,0.075,0.4709102720105458,4.807794183720681,69.30153778336116,False,False
0x4a5b5f52c6e7f2af6b06462c92d12ea7bd1662c87be11828da0722ff32373b36,2024-06-30 00:00:02+00:00,0.075,0.4681724212234137,4.821831570771641,69.50387849760924,False,False
0x4a5b5f52c6e7f2af6b06462c92d12ea7bd1662c87be11828da0722ff32373b36,2024-07-01 00:00:02+00:00,0.065,0.4654345704362816,5.030756808146193,82.77674715172674,False,False
0x4a5b5f52c6e7f2af6b06462c92d12ea7bd1662c87be11828da0722ff32373b36,2024-07-02 00:00:03+00:00,0.065,0.46269668796106167,5.045618926141346,83.02129043424674,False,False
0x4a5b5f52c6e7f2af6b06462c92d12ea7bd1662c87be11828da0722ff32373b36,2024-07-03 00:00:02+00:00,0.065,0.45995886886201737,5.060613197856673,83.26800819180046,False,False
0x4a5b5f52c6e7f2af6b06462c92d12ea7bd1662c87be11828da0722ff32373b36,2024-07-04 00:00:03+00:00,0.065,0.4572209863867975,5.075742298078111,83.51694443567438,False,False
0x4a5b5f52c6e7f2af6b06462c92d12ea7bd1662c87be11828da0722ff32373b36,2024-07-05 00:00:02+00:00,0.065,0.4544831672877532,5.091007548625884,83.76812091527574,False,False
0x4a5b5f52c6e7f2af6b06462c92d12ea7bd1662c87be11828da0722ff32373b36,2024-07-06 00:00:02+00:00,0.065,0.4517453165006211,5.106411542264299,84.02158029229615,False,False
0x4a5b5f52c6e7f2af6b06462c92d12ea7bd1662c87be11828da0722ff32373b36,2024-07-07 00:00:02+00:00,0.065,0.449007465713489,5.121956212206016,84.27735437607595,False,False
0x4a5b5f52c6e7f2af6b06462c92d12ea7bd1662c87be11828da0722ff32373b36,2024-07-08 00:00:02+00:00,0.065,0.44626961492635686,5.137643712771607,84.53547861409471,False,False
0x4a5b5f52c6e7f2af6b06462c92d12ea7bd1662c87be11828da0722ff32373b36,2024-07-09 00:00:02+00:00,0.065,0.4435317641392248,5.153476244704464,84.79598921767938,False,False
0x4a5b5f52c6e7f2af6b06462c92d12ea7bd1662c87be11828da0722ff32373b36,2024-07-10 00:00:03+00:00,0.055,0.44079388166400485,5.397110539419853,103.8405106189486,False,False
0x4a5b5f52c6e7f2af6b06462c92d12ea7bd1662c87be11828da0722ff32373b36,2024-07-11 00:00:03+00:00,0.055,0.4380560308768728,5.413950242458581,104.16450682940993,False,False
0x4a5b5f52c6e7f2af6b06462c92d12ea7bd1662c87be11828da0722ff32373b36,2024-07-12 00:00:02+00:00,0.055,0.4353182117778285,5.4309483642402325,104.49155101953309,False,False
0x4a5b5f52c6e7f2af6b06462c92d12ea7bd1662c87be11828da0722ff32373b36,2024-07-13 00:00:03+00:00,0.055,0.4325803293026086,5.448108003570301,104.8217028103954,False,False
0x4a5b5f52c6e7f2af6b06462c92d12ea7bd1662c87be11828da0722ff32373b36,2024-07-14 00:00:02+00:00,0.055,0.4298425102035643,5.465430927567353,105.15499620139208,False,False
0x4a5b5f52c6e7f2af6b06462c92d12ea7bd1662c87be11828da0722ff32373b36,2024-07-15 00:00:03+00:00,0.055,0.42710462772834434,5.482920557224733,105.49149701250087,False,False
0x4a5b5f52c6e7f2af6b06462c92d12ea7bd1662c87be11828da0722ff32373b36,2024-07-16 00:00:02+00:00,0.055,0.4243668086293001,5.500578760804784,105.83124118912522,False,False
0x4a5b5f52c6e7f2af6b06462c92d12ea7bd1662c87be11828da0722ff32373b36,2024-07-17 00:00:01+00:00,0.045,0.4216289895302558,5.7898730394519475,134.72653960330302,True,False
0x4a5b5f52c6e7f2af6b06462c92d12ea7bd1662c87be11828da0722ff32373b36,2024-07-18 00:00:02+00:00,0.045,0.41889110705503585,5.8087635980186665,135.16611048327323,True,False
0x4a5b5f52c6e7f2af6b06462c92d12ea7bd1662c87be11828da0722ff32373b36,2024-07-19 00:00:01+00:00,0.045,0.4161532879559916,5.827839829725947,135.61000185517037,True,False
0x4a5b5f52c6e7f2af6b06462c92d12ea7bd1662c87be11828da0722ff32373b36,2024-07-20 00:00:01+00:00,0.045,0.4134154371688595,5.847105469962223,136.05830063902786,True,False
0x4a5b5f52c6e7f2af6b06462c92d12ea7bd1662c87be11828da0722ff32373b36,2024-07-21 00:00:01+00:00,0.045,0.41067758638172736,5.866563446939037,136.51107497240343,True,False
0x4a5b5f52c6e7f2af6b06462c92d12ea7bd1662c87be11828da0722ff32373b36,2024-07-22 00:00:01+00:00,0.045,0.4079397355945953,5.886216982398497,136.96839982311803,True,False
0x4a5b5f52c6e7f2af6b06462c92d12ea7bd1662c87be11828da0722ff32373b36,2024-07-23 00:00:01+00:00,0.045,0.40520188480746316,5.906069374144733,137.43035192890596,True,False
0x4a5b5f52c6e7f2af6b06462c92d12ea7bd1662c87be11828da0722ff32373b36,2024-07-24 00:00:01+00:00,0.055,0.4024640340203311,5.648271367587617,108.67284978523553,False,False
0x4a5b5f52c6e7f2af6b06462c92d12ea7bd1662c87be11828da0722ff32373b36,2024-07-25 00:00:01+00:00,0.055,0.399726183233199,5.667581754907681,109.04438200880578,False,False
0x4a5b5f52c6e7f2af6b06462c92d12ea7bd1662c87be11828da0722ff32373b36,2024-07-26 00:00:02+00:00,0.055,0.3969883007579791,5.687091789000437,109.41975544012385,False,False
0x4a5b5f52c6e7f2af6b06462c92d12ea7bd1662c87be11828da0722ff32373b36,2024-07-27 00:00:02+00:00,0.065,0.39425044997084696,5.466087047801345,89.93972929331707,False,False
0x4a5b5f52c6e7f2af6b06462c92d12ea7bd1662c87be11828da0722ff32373b36,2024-07-28 00:00:02+00:00,0.065,0.39151259918371484,5.485165946755576,90.25365605521309,False,False
0x4a5b5f52c6e7f2af6b06462c92d12ea7bd1662c87be11828da0722ff32373b36,2024-07-29 00:00:02+00:00,0.065,0.38877474839658277,5.504446030241554,90.57089313437356,False,False
0x4a5b5f52c6e7f2af6b06462c92d12ea7bd1662c87be11828da0722ff32373b36,2024-07-30 00:00:01+00:00,0.065,0.38603692929753847,5.523930632356137,90.89149539047531,False,False
0x4a5b5f52c6e7f2af6b06462c92d12ea7bd1662c87be11828da0722ff32373b36,2024-07-31 00:00:02+00:00,0.065,0.3832990468223186,5.543624082929517,91.21553406712492,False,False
0x4a5b5f52c6e7f2af6b06462c92d12ea7bd1662c87be11828da0722ff32373b36,2024-08-01 00:00:02+00:00,0.065,0.38056119603518646,5.5635294432199265,91.54305953467588,False,False
0x4a5b5f52c6e7f2af6b06462c92d12ea7bd1662c87be11828da0722ff32373b36,2024-08-02 00:00:01+00:00,0.065,0.37782337693614215,5.583650541925908,91.87413479104744,False,False
0x4a5b5f52c6e7f2af6b06462c92d12ea7bd1662c87be11828da0722ff32373b36,2024-08-03 00:00:02+00:00,0.045,0.37508549446092226,6.138597212177635,142.84112186568086,True,False
0x4a5b5f52c6e7f2af6b06462c92d12ea7bd1662c87be11828da0722ff32373b36,2024-08-04 00:00:01+00:00,0.055,0.37234767536187796,5.872253136202413,112.98226332279773,False,False
0x4a5b5f52c6e7f2af6b06462c92d12ea7bd1662c87be11828da0722ff32373b36,2024-08-05 00:00:01+00:00,0.05,0.36960982457474584,6.032815086985834,127.00663341022808,False,False
0x4a5b5f52c6e7f2af6b06462c92d12ea7bd1662c87be11828da0722ff32373b36,2024-08-06 00:00:01+00:00,0.055,0.36687197378761377,5.915913615729509,113.82229178892754,False,False
0x4a5b5f52c6e7f2af6b06462c92d12ea7bd1662c87be11828da0722ff32373b36,2024-08-07 00:00:01+00:00,0.045,0.36413412300048165,6.230222876122742,144.97319083473514,True,False
0x4a5b5f52c6e7f2af6b06462c92d12ea7bd1662c87be11828da0722ff32373b36,2024-08-08 00:00:01+00:00,0.04,0.3613962722133496,6.421678472265701,167.23121021525264,True,False
0x4a5b5f52c6e7f2af6b06462c92d12ea7bd1662c87be11828da0722ff32373b36,2024-08-09 00:00:02+00:00,0.045,0.35865838973812963,6.277601960729263,146.07567098846454,True,False
0x4a5b5f52c6e7f2af6b06462c92d12ea7bd1662c87be11828da0722ff32373b36,2024-08-10 00:00:02+00:00,0.045,0.35592053895099757,6.301700333700786,146.6364242862312,True,False
0x4a5b5f52c6e7f2af6b06462c92d12ea7bd1662c87be11828da0722ff32373b36,2024-08-11 00:00:01+00:00,0.035,0.35318271985195326,6.6848819171494895,197.9239649785193,True,False
0x4a5b5f52c6e7f2af6b06462c92d12ea7bd1662c87be11828da0722ff32373b36,2024-08-12 00:00:01+00:00,0.033,0.35044486906482114,6.793365624766947,212.88476151693607,True,False
0x4a5b5f52c6e7f2af6b06462c92d12ea7bd1662c87be11828da0722ff32373b36,2024-08-13 00:00:02+00:00,0.0325,0.34770698658960125,6.841414896045366,217.57630359118636,True,False
0x4a5b5f52c6e7f2af6b06462c92d12ea7bd1662c87be11828da0722ff32373b36,2024-08-14 00:00:02+00:00,0.0305,0.34496913580246913,6.957204009404698,235.2811237634643,True,False
0x4a5b5f52c6e7f2af6b06462c92d12ea7bd1662c87be11828da0722ff32373b36,2024-08-15 00:00:02+00:00,0.0305,0.34223128501533706,6.9849773944703575,236.220373674798,True,False
0x4a5b5f52c6e7f2af6b06462c92d12ea7bd1662c87be11828da0722ff32373b36,2024-08-16 00:00:02+00:00,0.0335,0.33949343422820494,6.880732723231048,212.51423348537335,True,False
0x4a5b5f52c6e7f2af6b06462c92d12ea7bd1662c87be11828da0722ff32373b36,2024-08-17 00:00:02+00:00,0.034,0.3367555834410728,6.887497978515791,209.70338504797806,True,False
0x4a5b5f52c6e7f2af6b06462c92d12ea7bd1662c87be11828da0722ff32373b36,2024-08-18 00:00:02+00:00,0.034,0.33401773265394075,6.91566782730073,210.56107134638688,True,False
0x4a5b5f52c6e7f2af6b06462c92d12ea7bd1662c87be11828da0722ff32373b36,2024-08-19 00:00:02+00:00,0.0335,0.3312798818668086,6.965508824592706,215.13257791516412,True,False
0x4a5b5f52c6e7f2af6b06462c92d12ea7bd1662c87be11828da0722ff32373b36,2024-08-20 00:00:01+00:00,0.034,0.3285420627677643,6.973059920384486,212.30848618878596,True,False
0x4a5b5f52c6e7f2af6b06462c92d12ea7bd1662c87be11828da0722ff32373b36,2024-08-21 00:00:02+00:00,0.037,0.32580418029254443,6.8786900814923255,193.05352309764885,True,False
0x4a5b5f52c6e7f2af6b06462c92d12ea7bd1662c87be11828da0722ff32373b36,2024-08-22 00:00:02+00:00,0.0375,0.3230663295054123,6.887928814102597,190.8343913863923,True,False
0x4a5b5f52c6e7f2af6b06462c92d12ea7bd1662c87be11828da0722ff32373b36,2024-08-23 00:00:02+00:00,0.037,0.32032847871828024,6.937233191888092,194.69656175487899,True,False
0x4a5b5f52c6e7f2af6b06462c92d12ea7bd1662c87be11828da0722ff32373b36,2024-08-24 00:00:02+00:00,0.037,0.3175906279311481,6.967070897648205,195.533970353013,True,False
0x4a5b5f52c6e7f2af6b06462c92d12ea7bd1662c87be11828da0722ff32373b36,2024-08-25 00:00:01+00:00,0.04,0.3148528088321038,6.879970962726449,179.16591048766796,True,False
0x4a5b5f52c6e7f2af6b06462c92d12ea7bd1662c87be11828da0722ff32373b36,2024-08-26 00:00:02+00:00,0.0385,0.3121149263568839,6.968022812655262,188.23463913001902,True,False
0x4a5b5f52c6e7f2af6b06462c92d12ea7bd1662c87be11828da0722ff32373b36,2024-08-27 00:00:01+00:00,0.0395,0.3093771072578396,6.9597785092777205,183.4429196101113,True,False
0x4a5b5f52c6e7f2af6b06462c92d12ea7bd1662c87be11828da0722ff32373b36,2024-08-28 00:00:01+00:00,0.0395,0.30663925647070756,6.990779906492326,184.2600414207349,True,False
0x4a5b5f52c6e7f2af6b06462c92d12ea7bd1662c87be11828da0722ff32373b36,2024-08-29 00:00:02+00:00,0.0395,0.3039013739954876,7.022199669670788,185.08819034576632,True,False
0x4a5b5f52c6e7f2af6b06462c92d12ea7bd1662c87be11828da0722ff32373b36,2024-08-30 00:00:02+00:00,0.0395,0.3011635232083555,7.054046550275791,185.92759705258445,True,False
0x4a5b5f52c6e7f2af6b06462c92d12ea7bd1662c87be11828da0722ff32373b36,2024-08-31 00:00:02+00:00,0.0395,0.2984256724212234,7.086330691695236,186.77852889634846,True,False
0x4a5b5f52c6e7f2af6b06462c92d12ea7bd1662c87be11828da0722ff32373b36,2024-09-01 00:00:02+00:00,0.04,0.2956878216340913,7.0994331218491995,184.8810708814896,True,False
0x4a5b5f52c6e7f2af6b06462c92d12ea7bd1662c87be11828da0722ff32373b36,2024-09-02 00:00:02+00:00,0.0385,0.29294997084695923,7.19233824698744,194.29431143133874,True,False
0x4a5b5f52c6e7f2af6b06462c92d12ea7bd1662c87be11828da0722ff32373b36,2024-09-03 00:00:02+00:00,0.0385,0.2902121200598271,7.2261847389410825,195.20864285217448,True,False
0x4a5b5f52c6e7f2af6b06462c92d12ea7bd1662c87be11828da0722ff32373b36,2024-09-04 00:00:02+00:00,0.039,0.287474269272695,7.240169864554519,193.17937683915045,True,False
0x4a5b5f52c6e7f2af6b06462c92d12ea7bd1662c87be11828da0722ff32373b36,2024-09-05 00:00:02+00:00,0.0395,0.2847364184855629,7.254675592558773,191.2156931070651,True,False
0x4a5b5f52c6e7f2af6b06462c92d12ea7bd1662c87be11828da0722ff32373b36,2024-09-06 00:00:02+00:00,0.0395,0.2819985676984308,7.289807406839705,192.1416827164044,True,False
0x4a5b5f52c6e7f2af6b06462c92d12ea7bd1662c87be11828da0722ff32373b36,2024-09-07 00:00:02+00:00,0.04,0.2792607169112987,7.305256460318088,190.24105365411688,True,False
0x4a5b5f52c6e7f2af6b06462c92d12ea7bd1662c87be11828da0722ff32373b36,2024-09-08 00:00:02+00:00,0.0395,0.2765228661241666,7.361629920231221,194.0347503668638,True,False
0x4a5b5f52c6e7f2af6b06462c92d12ea7bd1662c87be11828da0722ff32373b36,2024-09-09 00:00:01+00:00,0.0395,0.2737850470251223,7.398346087037593,195.0024996748158,True,False
0x4a5b5f52c6e7f2af6b06462c92d12ea7bd1662c87be11828da0722ff32373b36,2024-09-10 00:00:02+00:00,0.0415,0.2710471645499024,7.354890747734875,184.89961719139154,True,False
0x4a5b5f52c6e7f2af6b06462c92d12ea7bd1662c87be11828da0722ff32373b36,2024-09-11 00:00:01+00:00,0.04,0.2683093454508581,7.4528519034973,194.08468498690888,True,False
0x4a5b5f52c6e7f2af6b06462c92d12ea7bd1662c87be11828da0722ff32373b36,2024-09-12 00:00:02+00:00,0.04,0.2655714629756382,7.491170612197079,195.08256802596563,True,False
0x4a5b5f52c6e7f2af6b06462c92d12ea7bd1662c87be11828da0722ff32373b36,2024-09-13 00:00:02+00:00,0.0405,0.2628336121885061,7.509486349456469,193.24587393013255,True,False
0x4a5b5f52c6e7f2af6b06462c92d12ea7bd1662c87be11828da0722ff32373b36,2024-09-14 00:00:02+00:00,0.0415,0.26009576140137397,7.508134133566219,188.75210723497983,True,False
0x4a5b5f52c6e7f2af6b06462c92d12ea7bd1662c87be11828da0722ff32373b36,2024-09-15 00:00:02+00:00,0.0395,0.2573579106142419,7.630811839318364,201.12973436352016,True,False
0x4a5b5f52c6e7f2af6b06462c92d12ea7bd1662c87be11828da0722ff32373b36,2024-09-16 00:00:02+00:00,0.0395,0.2546200598271098,7.671728023955212,202.20818597790475,True,False
0x4a5b5f52c6e7f2af6b06462c92d12ea7bd1662c87be11828da0722ff32373b36,2024-09-17 00:00:02+00:00,0.041,0.2518822090399777,7.650176019415335,194.56690199179366,True,False
0x4a5b5f52c6e7f2af6b06462c92d12ea7bd1662c87be11828da0722ff32373b36,2024-09-18 00:00:02+00:00,0.0415,0.2491443582528456,7.671373563065398,192.8558946412353,True,False
0x4a5b5f52c6e7f2af6b06462c92d12ea7bd1662c87be11828da0722ff32373b36,2024-09-19 00:00:01+00:00,0.0405,0.2464065391538013,7.755763715652032,199.58346915901492,True,False
0x4a5b5f52c6e7f2af6b06462c92d12ea7bd1662c87be11828da0722ff32373b36,2024-09-20 00:00:02+00:00,0.0375,0.2436686566785814,7.931122618392183,219.736730552857,True,False
0x4a5b5f52c6e7f2af6b06462c92d12ea7bd1662c87be11828da0722ff32373b36,2024-09-21 00:00:02+00:00,0.034,0.24093080589144927,8.142780356659536,247.9229191529514,True,False
0x4a5b5f52c6e7f2af6b06462c92d12ea7bd1662c87be11828da0722ff32373b36,2024-09-22 00:00:02+00:00,0.034,0.23819295510431718,8.189444248809993,249.3436928757153,True,False
0x4a5b5f52c6e7f2af6b06462c92d12ea7bd1662c87be11828da0722ff32373b36,2024-09-23 00:00:02+00:00,0.034,0.23545510431718508,8.236919698395305,250.7891760563666,True,False
0x4a5b5f52c6e7f2af6b06462c92d12ea7bd1662c87be11828da0722ff32373b36,2024-09-24 00:00:02+00:00,0.0335,0.232717253530053,8.310670937095987,256.678457801916,True,False
0x4a5b5f52c6e7f2af6b06462c92d12ea7bd1662c87be11828da0722ff32373b36,2024-09-25 00:00:02+00:00,0.033,0.2299794027429209,8.385913363679888,262.7906791914979,True,False
0x4a5b5f52c6e7f2af6b06462c92d12ea7bd1662c87be11828da0722ff32373b36,2024-09-26 00:00:02+00:00,0.033,0.22724155195578877,8.436279676561703,264.36901621891207,True,False
0x4a5b5f52c6e7f2af6b06462c92d12ea7bd1662c87be11828da0722ff32373b36,2024-09-27 00:00:02+00:00,0.033,0.22450370116865667,8.48756453829989,265.9761379555605,True,False
0x4a5b5f52c6e7f2af6b06462c92d12ea7bd1662c87be11828da0722ff32373b36,2024-09-28 00:00:02+00:00,0.0325,0.22176585038152458,8.566537146541883,272.44006031538487,True,False
0x4a5b5f52c6e7f2af6b06462c92d12ea7bd1662c87be11828da0722ff32373b36,2024-09-29 00:00:03+00:00,0.0335,0.21902796790630466,8.56644421593217,264.57811972518687,True,False
0x4a5b5f52c6e7f2af6b06462c92d12ea7bd1662c87be11828da0722ff32373b36,2024-09-30 00:00:03+00:00,0.0335,0.21629011711917256,8.620491742433734,266.2473996010758,True,False
0x4a5b5f52c6e7f2af6b06462c92d12ea7bd1662c87be11828da0722ff32373b36,2024-10-01 00:00:02+00:00,0.0335,0.21355229802012826,8.675574698035247,267.94865912656826,True,False
0x4a5b5f52c6e7f2af6b06462c92d12ea7bd1662c87be11828da0722ff32373b36,2024-10-02 00:00:02+00:00,0.033,0.21081444723299617,8.758800958101721,274.47591608228265,True,False
0x4a5b5f52c6e7f2af6b06462c92d12ea7bd1662c87be11828da0722ff32373b36,2024-10-03 00:00:02+00:00,0.033,0.20807659644586407,8.816236351322438,276.2757779863507,True,False
0x4a5b5f52c6e7f2af6b06462c92d12ea7bd1662c87be11828da0722ff32373b36,2024-10-04 00:00:02+00:00,0.033,0.20533874565873197,8.874816657312435,278.11151820101014,True,False
0x4a5b5f52c6e7f2af6b06462c92d12ea7bd1662c87be11828da0722ff32373b36,2024-10-05 00:00:02+00:00,0.0355,0.20260089487159988,8.799909496877445,257.0085791186398,True,False
0x4a5b5f52c6e7f2af6b06462c92d12ea7bd1662c87be11828da0722ff32373b36,2024-10-06 00:00:02+00:00,0.0355,0.19986304408446776,8.85997785480237,258.76292481114405,True,False
0x4a5b5f52c6e7f2af6b06462c92d12ea7bd1662c87be11828da0722ff32373b36,2024-10-07 00:00:02+00:00,0.0345,0.19712519329733566,8.97488637990759,269.43721822912477,True,False
0x4a5b5f52c6e7f2af6b06462c92d12ea7bd1662c87be11828da0722ff32373b36,2024-10-08 00:00:02+00:00,0.036,0.19438734251020356,8.957400550907431,258.10859125482455,True,False
0x4a5b5f52c6e7f2af6b06462c92d12ea7bd1662c87be11828da0722ff32373b36,2024-10-09 00:00:02+00:00,0.0315,0.19164949172307147,9.273760957146429,303.98049535434205,True,False
0x4a5b5f52c6e7f2af6b06462c92d12ea7bd1662c87be11828da0722ff32373b36,2024-10-10 00:00:02+00:00,0.0345,0.18891164093593937,9.16791683653217,275.2322319000343,True,False
0x4a5b5f52c6e7f2af6b06462c92d12ea7bd1662c87be11828da0722ff32373b36,2024-10-11 00:00:03+00:00,0.036,0.18617375846071946,9.15285860219613,263.74073888301433,True,False
0x4a5b5f52c6e7f2af6b06462c92d12ea7bd1662c87be11828da0722ff32373b36,2024-10-12 00:00:02+00:00,0.035,0.18343593936167515,9.275797298653256,274.63500514147313,True,False
0x4a5b5f52c6e7f2af6b06462c92d12ea7bd1662c87be11828da0722ff32373b36,2024-10-13 00:00:03+00:00,0.03,0.18069805688645524,9.64447342075452,331.4252034623547,True,False
0x4a5b5f52c6e7f2af6b06462c92d12ea7bd1662c87be11828da0722ff32373b36,2024-10-14 00:00:02+00:00,0.03,0.17796023778741096,9.718377686513527,333.9648689523549,True,False
0x4a5b5f52c6e7f2af6b06462c92d12ea7bd1662c87be11828da0722ff32373b36,2024-10-15 00:00:02+00:00,0.0295,0.17522238700027887,9.826677673499788,343.2330940193256,True,False
0x4a5b5f52c6e7f2af6b06462c92d12ea7bd1662c87be11828da0722ff32373b36,2024-10-16 00:00:03+00:00,0.0305,0.17248450452505895,9.838974073873848,332.73781732594455,True,False
0x4a5b5f52c6e7f2af6b06462c92d12ea7bd1662c87be11828da0722ff32373b36,2024-10-17 00:00:02+00:00,0.0305,0.16974668542601465,9.91800236597856,335.4104233542239,True,False
0x4a5b5f52c6e7f2af6b06462c92d12ea7bd1662c87be11828da0722ff32373b36,2024-10-18 00:00:02+00:00,0.0325,0.16700883463888255,9.871494655123225,313.941392331488,True,False
0x4a5b5f52c6e7f2af6b06462c92d12ea7bd1662c87be11828da0722ff32373b36,2024-10-19 00:00:02+00:00,0.0325,0.16427098385175046,9.953417208751972,316.54676076333044,True,False
0x4a5b5f52c6e7f2af6b06462c92d12ea7bd1662c87be11828da0722ff32373b36,2024-10-20 00:00:02+00:00,0.0325,0.16153313306461836,10.037413812668678,319.218089848338,True,False
0x4a5b5f52c6e7f2af6b06462c92d12ea7bd1662c87be11828da0722ff32373b36,2024-10-21 00:00:02+00:00,0.032,0.15879528227748624,10.155594223979003,327.8536358464296,True,False
0x4a5b5f52c6e7f2af6b06462c92d12ea7bd1662c87be11828da0722ff32373b36,2024-10-22 00:00:02+00:00,0.032,0.15605743149035414,10.244291089925348,330.7170419009991,True,False
0x4a5b5f52c6e7f2af6b06462c92d12ea7bd1662c87be11828da0722ff32373b36,2024-10-23 00:00:02+00:00,0.0355,0.15331958070322205,10.115796262633738,295.44013208723015,True,False
0x4a5b5f52c6e7f2af6b06462c92d12ea7bd1662c87be11828da0722ff32373b36,2024-10-24 00:00:03+00:00,0.0355,0.15058169822800213,10.207344908538522,298.1138854266904,True,False
0x4a5b5f52c6e7f2af6b06462c92d12ea7bd1662c87be11828da0722ff32373b36,2024-10-25 00:00:03+00:00,0.0355,0.14784384744087004,10.301423869113286,300.86153868276745,True,False
0x4a5b5f52c6e7f2af6b06462c92d12ea7bd1662c87be11828da0722ff32373b36,2024-10-26 00:00:03+00:00,0.032,0.14510599665373794,10.623838436826997,342.9699908583096,True,False
0x4a5b5f52c6e7f2af6b06462c92d12ea7bd1662c87be11828da0722ff32373b36,2024-10-27 00:00:03+00:00,0.0315,0.14236814586660582,10.759778190994227,352.6899948699667,True,False
0x4a5b5f52c6e7f2af6b06462c92d12ea7bd1662c87be11828da0722ff32373b36,2024-10-28 00:00:03+00:00,0.0315,0.13963029507947372,10.864754193758055,356.1309566834019,True,False
0x4a5b5f52c6e7f2af6b06462c92d12ea7bd1662c87be11828da0722ff32373b36,2024-10-29 00:00:02+00:00,0.0315,0.13689247598042945,10.972862668093173,359.6745963924961,True,False
0x4a5b5f52c6e7f2af6b06462c92d12ea7bd1662c87be11828da0722ff32373b36,2024-10-30 00:00:03+00:00,0.0315,0.13415459350520953,11.084266506643289,363.3262533829367,True,False
0x4a5b5f52c6e7f2af6b06462c92d12ea7bd1662c87be11828da0722ff32373b36,2024-10-31 00:00:03+00:00,0.0315,0.13141674271807743,11.199132522580713,367.0913955496788,True,False
0x4a5b5f52c6e7f2af6b06462c92d12ea7bd1662c87be11828da0722ff32373b36,2024-11-01 00:00:03+00:00,0.0315,0.1286788919309453,11.31764524889918,370.97607161784066,True,False
0x4a5b5f52c6e7f2af6b06462c92d12ea7bd1662c87be11828da0722ff32373b36,2024-11-02 00:00:03+00:00,0.0265,0.12594104114381321,11.834698764248964,458.7492616313036,True,False
0x4a5b5f52c6e7f2af6b06462c92d12ea7bd1662c87be11828da0722ff32373b36,2024-11-03 00:00:03+00:00,0.0255,0.12320319035668112,12.05299597586163,485.0348987761096,True,False
0x4a5b5f52c6e7f2af6b06462c92d12ea7bd1662c87be11828da0722ff32373b36,2024-11-04 00:00:03+00:00,0.026,0.12046533956954901,12.144568802092055,479.56755655078405,True,False
0x4a5b5f52c6e7f2af6b06462c92d12ea7bd1662c87be11828da0722ff32373b36,2024-11-05 00:00:02+00:00,0.0225,0.11772752047050473,12.618255877461056,573.7200739965243,True,False
0x4a5b5f52c6e7f2af6b06462c92d12ea7bd1662c87be11828da0722ff32373b36,2024-11-06 00:00:02+00:00,0.0225,0.11498966968337263,12.767589629217458,580.5099007316833,True,False
0x4a5b5f52c6e7f2af6b06462c92d12ea7bd1662c87be11828da0722ff32373b36,2024-11-07 00:00:03+00:00,0.0155,0.11225178720815271,13.7731703160298,902.581648849411,True,False
0x4a5b5f52c6e7f2af6b06462c92d12ea7bd1662c87be11828da0722ff32373b36,2024-11-08 00:00:02+00:00,0.016,0.10951396810910842,13.87244592497597,881.1258844623965,True,False
0x4a5b5f52c6e7f2af6b06462c92d12ea7bd1662c87be11828da0722ff32373b36,2024-11-09 00:00:03+00:00,0.016,0.1067760856338885,14.049174294905516,892.351009584954,True,False
0x4a5b5f52c6e7f2af6b06462c92d12ea7bd1662c87be11828da0722ff32373b36,2024-11-10 00:00:02+00:00,0.013,0.10403826653484421,14.709694979024656,1146.4184380815725,True,False
0x4a5b5f52c6e7f2af6b06462c92d12ea7bd1662c87be11828da0722ff32373b36,2024-11-11 00:00:02+00:00,0.0115,0.10130041574771212,15.186975268680676,1335.9702024306196,True,False
0x4a5b5f52c6e7f2af6b06462c92d12ea7bd1662c87be11828da0722ff32373b36,2024-11-12 00:00:02+00:00,0.007,0.09856256496058002,16.506128671945298,2374.6408677809377,True,False
0x4a5b5f52c6e7f2af6b06462c92d12ea7bd1662c87be11828da0722ff32373b36,2024-11-13 00:00:03+00:00,0.009,0.09582468248536011,16.178189461288884,1813.901722310672,True,False
0x4a5b5f52c6e7f2af6b06462c92d12ea7bd1662c87be11828da0722ff32373b36,2024-11-14 00:00:03+00:00,0.0135,0.093086831698228,15.460216984011195,1160.8730441712148,True,False
0x4a5b5f52c6e7f2af6b06462c92d12ea7bd1662c87be11828da0722ff32373b36,2024-11-15 00:00:03+00:00,0.014,0.0903489809110959,15.603605744018537,1130.3684253852896,True,False
0x4a5b5f52c6e7f2af6b06462c92d12ea7bd1662c87be11828da0722ff32373b36,2024-11-16 00:00:03+00:00,0.0185,0.08761113012396379,15.138617521363987,833.7276105995504,True,False
0x4a5b5f52c6e7f2af6b06462c92d12ea7bd1662c87be11828da0722ff32373b36,2024-11-17 00:00:03+00:00,0.018,0.0848732793368317,15.452560162510322,874.2113692300478,True,False
0x4a5b5f52c6e7f2af6b06462c92d12ea7bd1662c87be11828da0722ff32373b36,2024-11-18 00:00:03+00:00,0.018,0.0821354285496996,15.707991977786829,888.6621394991419,True,False
0x4a5b5f52c6e7f2af6b06462c92d12ea7bd1662c87be11828da0722ff32373b36,2024-11-19 00:00:03+00:00,0.0155,0.07939757776256749,16.376719986857395,1073.1971353958875,True,False
0x4a5b5f52c6e7f2af6b06462c92d12ea7bd1662c87be11828da0722ff32373b36,2024-11-20 00:00:03+00:00,0.016,0.0766597269754354,16.580749734046602,1053.1472137986916,True,False
0x4a5b5f52c6e7f2af6b06462c92d12ea7bd1662c87be11828da0722ff32373b36,2024-11-21 00:00:03+00:00,0.0165,0.07392187618830329,16.79995242369796,1035.2607369289,True,False
0x4a5b5f52c6e7f2af6b06462c92d12ea7bd1662c87be11828da0722ff32373b36,2024-11-22 00:00:03+00:00,0.0155,0.07118402540117119,17.295745189117273,1133.422578293699,True,False
0x4a5b5f52c6e7f2af6b06462c92d12ea7bd1662c87be11828da0722ff32373b36,2024-11-23 00:00:04+00:00,0.0145,0.06844614292595128,17.82797771637712,1247.6059914538125,True,False
0x4a5b5f52c6e7f2af6b06462c92d12ea7bd1662c87be11828da0722ff32373b36,2024-11-24 00:00:03+00:00,0.017,0.06570832382690699,17.73119060711359,1061.0490459645496,True,False
0x4a5b5f52c6e7f2af6b06462c92d12ea7bd1662c87be11828da0722ff32373b36,2024-11-25 00:00:03+00:00,0.0165,0.06297047303977489,18.20229147445183,1121.6768482662,True,False
0x4a5b5f52c6e7f2af6b06462c92d12ea7bd1662c87be11828da0722ff32373b36,2024-11-26 00:00:04+00:00,0.0155,0.060232590564554975,18.802464566646155,1232.1607212861386,True,False
0x4a5b5f52c6e7f2af6b06462c92d12ea7bd1662c87be11828da0722ff32373b36,2024-11-27 00:00:03+00:00,0.0155,0.057494771465510686,19.244931696293172,1261.1564210614965,True,False
0x4a5b5f52c6e7f2af6b06462c92d12ea7bd1662c87be11828da0722ff32373b36,2024-11-28 00:00:03+00:00,0.012,0.05475692067837858,,,True,False
0x4a5b5f52c6e7f2af6b06462c92d12ea7bd1662c87be11828da0722ff32373b36,2024-11-29 00:00:04+00:00,0.012,0.05201903820315867,,,True,False
0x4a5b5f52c6e7f2af6b06462c92d12ea7bd1662c87be11828da0722ff32373b36,2024-11-30 00:00:03+00:00,0.0125,0.04928121910411438,,,True,False
0x4a5b5f52c6e7f2af6b06462c92d12ea7bd1662c87be11828da0722ff32373b36,2024-12-01 00:00:03+00:00,0.0095,0.04654336831698228,,,True,False
0x4a5b5f52c6e7f2af6b06462c92d12ea7bd1662c87be11828da0722ff32373b36,2024-12-02 00:00:03+00:00,0.0095,0.04380551752985018,,,True,False
0x4a5b5f52c6e7f2af6b06462c92d12ea7bd1662c87be11828da0722ff32373b36,2024-12-03 00:00:03+00:00,0.0085,0.04106766674271808,,,True,False
0x4a5b5f52c6e7f2af6b06462c92d12ea7bd1662c87be11828da0722ff32373b36,2024-12-04 00:00:03+00:00,0.0045,0.038329815955585975,,,True,False
0x4a5b5f52c6e7f2af6b06462c92d12ea7bd1662c87be11828da0722ff32373b36,2024-12-05 00:00:03+00:00,0.0035,0.03559196516845387,,,True,False
0x4a5b5f52c6e7f2af6b06462c92d12ea7bd1662c87be11828da0722ff32373b36,2024-12-06 00:00:03+00:00,0.008,0.032854114381321776,,,True,False
0x4a5b5f52c6e7f2af6b06462c92d12ea7bd1662c87be11828da0722ff32373b36,2024-12-07 00:00:03+00:00,0.0065,0.030116263594189674,,,True,False
0x4a5b5f52c6e7f2af6b06462c92d12ea7bd1662c87be11828da0722ff32373b36,2024-12-08 00:00:03+00:00,0.009,0.02737841280705757,,,True,False
0x4a5b5f52c6e7f2af6b06462c92d12ea7bd1662c87be11828da0722ff32373b36,2024-12-09 00:00:02+00:00,0.0095,0.024640593708013282,,,True,False
0x4a5b5f52c6e7f2af6b06462c92d12ea7bd1662c87be11828da0722ff32373b36,2024-12-10 00:00:03+00:00,0.0055,0.02190271123279337,,,True,False
0x4a5b5f52c6e7f2af6b06462c92d12ea7bd1662c87be11828da0722ff32373b36,2024-12-11 00:00:03+00:00,0.007,0.019164860445661267,,,True,False
0x4a5b5f52c6e7f2af6b06462c92d12ea7bd1662c87be11828da0722ff32373b36,2024-12-12 00:00:03+00:00,0.0035,0.016427009658529165,,,True,False
0x4a5b5f52c6e7f2af6b06462c92d12ea7bd1662c87be11828da0722ff32373b36,2024-12-13 00:00:03+00:00,0.006,0.013689158871397064,,,True,False
0x4a5b5f52c6e7f2af6b06462c92d12ea7bd1662c87be11828da0722ff32373b36,2024-12-14 00:00:03+00:00,0.003,0.010951308084264963,,,True,False
0x4a5b5f52c6e7f2af6b06462c92d12ea7bd1662c87be11828da0722ff32373b36,2024-12-15 00:00:03+00:00,0.0055,0.008213457297132862,,,True,False
0x4a5b5f52c6e7f2af6b06462c92d12ea7bd1662c87be11828da0722ff32373b36,2024-12-16 00:00:03+00:00,0.005,0.00547560651000076,,,True,False
0x4a5b5f52c6e7f2af6b06462c92d12ea7bd1662c87be11828da0722ff32373b36,2024-12-17 00:00:04+00:00,0.003,0.0027377240347808453,,,True,False
0x4a5b5f52c6e7f2af6b06462c92d12ea7bd1662c87be11828da0722ff32373b36,2024-12-18 00:00:03+00:00,0.004,0.0,,,True,False
0x4c21fdaee92538da1af2d227e7688673fe8789decff537003cd3b67b0ecb1b8d,2024-05-02 00:00:03+00:00,0.019,0.11225178720815271,13.313344829821423,714.2735570482013,True,False
0x4c21fdaee92538da1af2d227e7688673fe8789decff537003cd3b67b0ecb1b8d,2024-05-03 00:00:03+00:00,0.02,0.10951393642102061,13.359557391668838,681.6100710035122,True,False
0x4c21fdaee92538da1af2d227e7688673fe8789decff537003cd3b67b0ecb1b8d,2024-05-04 00:00:03+00:00,0.0165,0.1067760856338885,13.978402593405487,861.3888304543443,True,False
0x4c21fdaee92538da1af2d227e7688673fe8789decff537003cd3b67b0ecb1b8d,2024-05-05 00:00:03+00:00,0.0145,0.10403823484675641,14.460392622466948,1011.941610067842,True,False
0x4c21fdaee92538da1af2d227e7688673fe8789decff537003cd3b67b0ecb1b8d,2024-05-06 00:00:02+00:00,0.0145,0.10130041574771212,14.654498426495339,1025.5251789916085,True,False
0x4c21fdaee92538da1af2d227e7688673fe8789decff537003cd3b67b0ecb1b8d,2024-05-07 00:00:02+00:00,0.014,0.09856256496058002,14.939312061595999,1082.2451507965807,True,False
0x4c21fdaee92538da1af2d227e7688673fe8789decff537003cd3b67b0ecb1b8d,2024-05-08 00:00:03+00:00,0.0135,0.09582468248536011,15.237755998487563,1144.1689473437752,True,False
0x4c21fdaee92538da1af2d227e7688673fe8789decff537003cd3b67b0ecb1b8d,2024-05-09 00:00:03+00:00,0.0115,0.093086831698228,15.842830476417838,1393.6645753484934,True,False
0x4c21fdaee92538da1af2d227e7688673fe8789decff537003cd3b67b0ecb1b8d,2024-05-10 00:00:03+00:00,0.0095,0.0903489809110959,16.53462299163862,1757.179839170926,True,False
0x4c21fdaee92538da1af2d227e7688673fe8789decff537003cd3b67b0ecb1b8d,2024-05-11 00:00:04+00:00,0.009,0.08761109843587599,16.919559376563022,1897.0242601819737,True,False
0x4c21fdaee92538da1af2d227e7688673fe8789decff537003cd3b67b0ecb1b8d,2024-05-12 00:00:03+00:00,0.009,0.0848732793368317,17.19028670896728,1927.3782609000205,True,False
0x4c21fdaee92538da1af2d227e7688673fe8789decff537003cd3b67b0ecb1b8d,2024-05-13 00:00:04+00:00,0.009,0.08213539686161178,17.474446626896853,1959.2383256975954,True,False
0x4c21fdaee92538da1af2d227e7688673fe8789decff537003cd3b67b0ecb1b8d,2024-05-14 00:00:03+00:00,0.0085,0.07939757776256749,17.91508270028675,2125.725454633413,True,False
0x4c21fdaee92538da1af2d227e7688673fe8789decff537003cd3b67b0ecb1b8d,2024-05-15 00:00:04+00:00,0.009,0.07665969528734758,18.087771675569222,2028.0044484324726,True,False
0x4c21fdaee92538da1af2d227e7688673fe8789decff537003cd3b67b0ecb1b8d,2024-05-16 00:00:04+00:00,0.0095,0.07392184450021548,18.279719559483212,1942.6360487242714,True,False
0x4c21fdaee92538da1af2d227e7688673fe8789decff537003cd3b67b0ecb1b8d,2024-05-17 00:00:03+00:00,0.0095,0.07118402540117119,18.62793245108997,1979.6415899561591,True,False
0x4c21fdaee92538da1af2d227e7688673fe8789decff537003cd3b67b0ecb1b8d,2024-05-18 00:00:03+00:00,0.01,0.0684461746140391,18.858038663616465,1904.8523902642892,True,False
0x4c21fdaee92538da1af2d227e7688673fe8789decff537003cd3b67b0ecb1b8d,2024-05-19 00:00:03+00:00,0.009,0.06570832382690699,19.537024321275464,2190.4949345526925,True,False
0x4c21fdaee92538da1af2d227e7688673fe8789decff537003cd3b67b0ecb1b8d,2024-05-20 00:00:03+00:00,0.0075,0.06297047303977489,,,True,False
0x4c21fdaee92538da1af2d227e7688673fe8789decff537003cd3b67b0ecb1b8d,2024-05-21 00:00:03+00:00,0.007,0.06023262225264279,,,True,False
0x4c21fdaee92538da1af2d227e7688673fe8789decff537003cd3b67b0ecb1b8d,2024-05-22 00:00:03+00:00,0.0105,0.057494771465510686,,,True,False
0x4c21fdaee92538da1af2d227e7688673fe8789decff537003cd3b67b0ecb1b8d,2024-05-23 00:00:03+00:00,0.008,0.05475692067837858,,,True,False
0x4c21fdaee92538da1af2d227e7688673fe8789decff537003cd3b67b0ecb1b8d,2024-05-24 00:00:03+00:00,0.008,0.05201906989124648,,,True,False
0x4c21fdaee92538da1af2d227e7688673fe8789decff537003cd3b67b0ecb1b8d,2024-05-25 00:00:03+00:00,0.008,0.04928121910411438,,,True,False
0x4c21fdaee92538da1af2d227e7688673fe8789decff537003cd3b67b0ecb1b8d,2024-05-26 00:00:03+00:00,0.0075,0.04654336831698228,,,True,False
0x4c21fdaee92538da1af2d227e7688673fe8789decff537003cd3b67b0ecb1b8d,2024-05-27 00:00:03+00:00,0.0065,0.04380551752985018,,,True,False
0x4c21fdaee92538da1af2d227e7688673fe8789decff537003cd3b67b0ecb1b8d,2024-05-28 00:00:03+00:00,0.0065,0.04106766674271808,,,True,False
0x4c21fdaee92538da1af2d227e7688673fe8789decff537003cd3b67b0ecb1b8d,2024-05-29 00:00:04+00:00,0.0065,0.03832978426749816,,,True,False
0x4c21fdaee92538da1af2d227e7688673fe8789decff537003cd3b67b0ecb1b8d,2024-05-30 00:00:03+00:00,0.0075,0.03559196516845387,,,True,False
0x4c21fdaee92538da1af2d227e7688673fe8789decff537003cd3b67b0ecb1b8d,2024-05-31 00:00:03+00:00,0.007,0.032854114381321776,,,True,False
0x4c21fdaee92538da1af2d227e7688673fe8789decff537003cd3b67b0ecb1b8d,2024-06-01 00:00:03+00:00,0.0065,0.030116263594189674,,,True,False
0x4c21fdaee92538da1af2d227e7688673fe8789decff537003cd3b67b0ecb1b8d,2024-06-02 00:00:03+00:00,0.007,0.02737841280705757,,,True,False
0x4c21fdaee92538da1af2d227e7688673fe8789decff537003cd3b67b0ecb1b8d,2024-06-03 00:00:03+00:00,0.0095,0.02464056201992547,,,True,False
0x4c21fdaee92538da1af2d227e7688673fe8789decff537003cd3b67b0ecb1b8d,2024-06-04 00:00:02+00:00,0.007,0.021902742920881183,,,True,False
0x4c21fdaee92538da1af2d227e7688673fe8789decff537003cd3b67b0ecb1b8d,2024-06-05 00:00:02+00:00,0.0065,0.01916489213374908,,,True,False
0x4c21fdaee92538da1af2d227e7688673fe8789decff537003cd3b67b0ecb1b8d,2024-06-06 00:00:03+00:00,0.0065,0.016427009658529165,,,True,False
0x4c21fdaee92538da1af2d227e7688673fe8789decff537003cd3b67b0ecb1b8d,2024-06-07 00:00:02+00:00,0.002,0.013689190559484879,,,True,False
0x4c21fdaee92538da1af2d227e7688673fe8789decff537003cd3b67b0ecb1b8d,2024-06-08 00:00:02+00:00,0.0015,0.010951339772352776,,,True,False
0x4c21fdaee92538da1af2d227e7688673fe8789decff537003cd3b67b0ecb1b8d,2024-06-09 00:00:03+00:00,0.0015,0.008213457297132862,,,True,False
0x4c21fdaee92538da1af2d227e7688673fe8789decff537003cd3b67b0ecb1b8d,2024-06-10 00:00:04+00:00,0.0015,0.005475574821912946,,,True,False
0x4c21fdaee92538da1af2d227e7688673fe8789decff537003cd3b67b0ecb1b8d,2024-06-11 00:00:02+00:00,0.0035,0.002737787410956473,,,True,False
0x4c21fdaee92538da1af2d227e7688673fe8789decff537003cd3b67b0ecb1b8d,2024-06-12 00:00:03+00:00,0.007,0.0,,,True,False
0x50555c7f34fc16f03d84dd3c5f416506e53455515a8ca82c0fa90a2f8cacb5d3,2023-03-23 00:00:39+00:00,0.05,0.1095127956498593,11.083051066427764,233.32739087216345,False,False
0x50555c7f34fc16f03d84dd3c5f416506e53455515a8ca82c0fa90a2f8cacb5d3,2023-03-24 00:00:48+00:00,0.03,0.10677465966993688,12.546458772528094,431.1497859975291,True,False
0x50555c7f34fc16f03d84dd3c5f416506e53455515a8ca82c0fa90a2f8cacb5d3,2023-03-25 00:00:22+00:00,0.02,0.10403763277308795,13.70665665095478,699.319216885448,True,False
0x50555c7f34fc16f03d84dd3c5f416506e53455515a8ca82c0fa90a2f8cacb5d3,2023-03-26 00:00:06+00:00,0.02,0.10130028899536087,13.890613348348367,708.7047626708351,True,False
0x50555c7f34fc16f03d84dd3c5f416506e53455515a8ca82c0fa90a2f8cacb5d3,2023-03-27 00:00:45+00:00,0.02,0.09856120237280401,14.08230571996758,718.4849857126317,True,False
0x50555c7f34fc16f03d84dd3c5f416506e53455515a8ca82c0fa90a2f8cacb5d3,2023-03-28 00:00:19+00:00,0.02,0.09582417547595508,14.282006268303226,728.6737891991442,True,False
0x50555c7f34fc16f03d84dd3c5f416506e53455515a8ca82c0fa90a2f8cacb5d3,2023-03-29 00:00:49+00:00,0.02,0.09308537404618855,14.490589070945711,739.3157689258016,True,False
0x50555c7f34fc16f03d84dd3c5f416506e53455515a8ca82c0fa90a2f8cacb5d3,2023-03-30 00:00:16+00:00,0.02,0.09034856896595432,14.708423491986888,750.429769999331,True,False
0x50555c7f34fc16f03d84dd3c5f416506e53455515a8ca82c0fa90a2f8cacb5d3,2023-03-31 00:00:17+00:00,0.04,0.0876106864907344,13.042530158468564,339.64922287678553,True,False
0x50555c7f34fc16f03d84dd3c5f416506e53455515a8ca82c0fa90a2f8cacb5d3,2023-04-01 00:00:48+00:00,0.03,0.08487185337288007,14.072570036210772,483.5934720347345,True,False
0x50555c7f34fc16f03d84dd3c5f416506e53455515a8ca82c0fa90a2f8cacb5d3,2023-04-02 00:00:52+00:00,0.03,0.08213387583339671,14.30520556975375,491.58782026645196,True,False
0x50555c7f34fc16f03d84dd3c5f416506e53455515a8ca82c0fa90a2f8cacb5d3,2023-04-03 00:00:00+00:00,0.03,0.07939767282683094,14.549610765599049,499.98662424739,True,False
0x50555c7f34fc16f03d84dd3c5f416506e53455515a8ca82c0fa90a2f8cacb5d3,2023-04-04 00:00:35+00:00,0.03,0.07665871295662535,14.807253106833867,508.8403129496175,True,False
0x50555c7f34fc16f03d84dd3c5f416506e53455515a8ca82c0fa90a2f8cacb5d3,2023-04-05 00:00:24+00:00,0.03,0.0739212107384592,15.07893697626375,518.1765283939433,True,False
0x50555c7f34fc16f03d84dd3c5f416506e53455515a8ca82c0fa90a2f8cacb5d3,2023-04-08 00:00:08+00:00,0.03,0.06570816538646791,15.993576463377247,549.6074386040292,True,False
0x50555c7f34fc16f03d84dd3c5f416506e53455515a8ca82c0fa90a2f8cacb5d3,2023-04-09 00:00:48+00:00,0.03,0.06296904707582325,16.337729498925007,561.4340033994848,True,False
0x50555c7f34fc16f03d84dd3c5f416506e53455515a8ca82c0fa90a2f8cacb5d3,2023-04-10 00:00:31+00:00,0.03,0.06023173498618399,16.70484980247194,574.0498213907883,True,False
0x50555c7f34fc16f03d84dd3c5f416506e53455515a8ca82c0fa90a2f8cacb5d3,2023-04-11 00:00:29+00:00,0.03,0.05749394757522752,17.09795609185172,587.5586285859698,True,False
0x50555c7f34fc16f03d84dd3c5f416506e53455515a8ca82c0fa90a2f8cacb5d3,2023-04-12 00:00:03+00:00,0.03,0.05475692067837858,17.520066620259126,602.0641450260869,True,False
0x50555c7f34fc16f03d84dd3c5f416506e53455515a8ca82c0fa90a2f8cacb5d3,2023-04-13 00:00:22+00:00,0.02,0.05201846781757802,19.384204675763296,988.9900344777193,True,False
0x50555c7f34fc16f03d84dd3c5f416506e53455515a8ca82c0fa90a2f8cacb5d3,2023-04-14 00:00:30+00:00,0.02,0.0492803635257434,19.915435760813214,1016.0936612659804,True,False
0x50555c7f34fc16f03d84dd3c5f416506e53455515a8ca82c0fa90a2f8cacb5d3,2023-04-15 00:00:26+00:00,0.02,0.04654263949096256,,,True,False
0x50555c7f34fc16f03d84dd3c5f416506e53455515a8ca82c0fa90a2f8cacb5d3,2023-04-16 00:00:45+00:00,0.02,0.04380418663016199,,,True,False
0x50555c7f34fc16f03d84dd3c5f416506e53455515a8ca82c0fa90a2f8cacb5d3,2023-04-17 00:00:23+00:00,0.02,0.041067032980961794,,,True,False
0x50555c7f34fc16f03d84dd3c5f416506e53455515a8ca82c0fa90a2f8cacb5d3,2023-04-18 00:00:27+00:00,0.02,0.03832905544147844,,,True,False
0x50555c7f34fc16f03d84dd3c5f416506e53455515a8ca82c0fa90a2f8cacb5d3,2023-04-19 00:00:23+00:00,0.02,0.035591331406697596,,,True,False
0x50555c7f34fc16f03d84dd3c5f416506e53455515a8ca82c0fa90a2f8cacb5d3,2023-04-20 00:00:46+00:00,0.015,0.03285275179354577,,,True,False
0x50555c7f34fc16f03d84dd3c5f416506e53455515a8ca82c0fa90a2f8cacb5d3,2023-04-21 00:00:40+00:00,0.015,0.030115091134940552,,,True,False
0x50555c7f34fc16f03d84dd3c5f416506e53455515a8ca82c0fa90a2f8cacb5d3,2023-04-22 00:00:24+00:00,0.02,0.027377747357213475,,,True,False
0x50555c7f34fc16f03d84dd3c5f416506e53455515a8ca82c0fa90a2f8cacb5d3,2023-04-23 00:00:24+00:00,0.025,0.024639896570081376,,,True,False
0x50555c7f34fc16f03d84dd3c5f416506e53455515a8ca82c0fa90a2f8cacb5d3,2023-04-24 00:00:06+00:00,0.02,0.021902616168529926,,,True,False
0x50555c7f34fc16f03d84dd3c5f416506e53455515a8ca82c0fa90a2f8cacb5d3,2023-04-25 00:00:30+00:00,0.015,0.019164004867290287,,,True,False
0x50555c7f34fc16f03d84dd3c5f416506e53455515a8ca82c0fa90a2f8cacb5d3,2023-04-26 00:00:54+00:00,0.01,0.01642539356605065,,,True,False
0x50555c7f34fc16f03d84dd3c5f416506e53455515a8ca82c0fa90a2f8cacb5d3,2023-04-27 00:00:53+00:00,0.01,0.013687574467006363,,,True,False
0x50555c7f34fc16f03d84dd3c5f416506e53455515a8ca82c0fa90a2f8cacb5d3,2023-04-28 00:00:34+00:00,0.01,0.010950325753542729,,,True,False
0x50555c7f34fc16f03d84dd3c5f416506e53455515a8ca82c0fa90a2f8cacb5d3,2023-04-30 00:00:13+00:00,0.01,0.00547528962912262,,,True,False
0x50555c7f34fc16f03d84dd3c5f416506e53455515a8ca82c0fa90a2f8cacb5d3,2023-05-01 00:00:19+00:00,0.01,0.002737248713463635,,,True,False
0x50555c7f34fc16f03d84dd3c5f416506e53455515a8ca82c0fa90a2f8cacb5d3,2023-05-02 00:00:47+00:00,0.01,0.0,,,True,False
0x50555c7f34fc16f03d84dd3c5f416506e53455515a8ca82c0fa90a2f8cacb5d3,2023-05-04 00:00:54+00:00,0.5,0.0,,,False,False
0x50555c7f34fc16f03d84dd3c5f416506e53455515a8ca82c0fa90a2f8cacb5d3,2023-05-05 00:00:04+00:00,0.5,0.0,,,False,False
0x50555c7f34fc16f03d84dd3c5f416506e53455515a8ca82c0fa90a2f8cacb5d3,2023-05-06 00:00:12+00:00,0.5,0.0,,,False,False
0x50555c7f34fc16f03d84dd3c5f416506e53455515a8ca82c0fa90a2f8cacb5d3,2023-05-07 00:00:24+00:00,0.5,0.0,,,False,False
0x50555c7f34fc16f03d84dd3c5f416506e53455515a8ca82c0fa90a2f8cacb5d3,2023-05-08 00:00:41+00:00,0.5,0.0,,,False,False
0x50555c7f34fc16f03d84dd3c5f416506e53455515a8ca82c0fa90a2f8cacb5d3,2023-05-09 00:00:08+00:00,0.5,0.0,,,False,False
0x50555c7f34fc16f03d84dd3c5f416506e53455515a8ca82c0fa90a2f8cacb5d3,2023-05-10 00:00:45+00:00,0.5,0.0,,,False,False
0x50555c7f34fc16f03d84dd3c5f416506e53455515a8ca82c0fa90a2f8cacb5d3,2023-05-11 00:00:36+00:00,0.5,0.0,,,False,False
0x50555c7f34fc16f03d84dd3c5f416506e53455515a8ca82c0fa90a2f8cacb5d3,2023-05-12 00:00:54+00:00,0.5,0.0,,,False,False
0x50555c7f34fc16f03d84dd3c5f416506e53455515a8ca82c0fa90a2f8cacb5d3,2023-05-13 00:00:42+00:00,0.5,0.0,,,False,False
0x50555c7f34fc16f03d84dd3c5f416506e53455515a8ca82c0fa90a2f8cacb5d3,2023-05-15 00:00:02+00:00,0.5,0.0,,,False,False
0x50555c7f34fc16f03d84dd3c5f416506e53455515a8ca82c0fa90a2f8cacb5d3,2023-05-16 00:00:23+00:00,0.5,0.0,,,False,False
0x50555c7f34fc16f03d84dd3c5f416506e53455515a8ca82c0fa90a2f8cacb5d3,2023-05-17 00:00:23+00:00,0.5,0.0,,,False,False
0x5df9458d9918da733d784bc2a07768b293d10826385a3eb31dd716f99475dc79,2024-05-02 00:00:03+00:00,0.0115,0.11225178720815271,14.427140706212175,1269.1289574640693,True,False
0x5df9458d9918da733d784bc2a07768b293d10826385a3eb31dd716f99475dc79,2024-05-03 00:00:03+00:00,0.0125,0.10951393642102061,14.423751365377136,1168.5064397267552,True,False
0x5df9458d9918da733d784bc2a07768b293d10826385a3eb31dd716f99475dc79,2024-05-04 00:00:03+00:00,0.0125,0.1067760856338885,14.607500991324926,1183.3924853731585,True,False
0x5df9458d9918da733d784bc2a07768b293d10826385a3eb31dd716f99475dc79,2024-05-05 00:00:03+00:00,0.012,0.10403823484675641,14.8904103753153,1255.938796838335,True,False
0x5df9458d9918da733d784bc2a07768b293d10826385a3eb31dd716f99475dc79,2024-05-06 00:00:02+00:00,0.0125,0.10130041574771212,14.997100729334608,1214.954995794196,True,False
0x5df9458d9918da733d784bc2a07768b293d10826385a3eb31dd716f99475dc79,2024-05-07 00:00:02+00:00,0.0115,0.09856256496058002,15.396460819266435,1354.3982599253532,True,False
0x5df9458d9918da733d784bc2a07768b293d10826385a3eb31dd716f99475dc79,2024-05-08 00:00:03+00:00,0.0075,0.09582468248536011,16.587459751431776,2228.374105985797,True,False
0x5df9458d9918da733d784bc2a07768b293d10826385a3eb31dd716f99475dc79,2024-05-09 00:00:03+00:00,0.0055,0.093086831698228,17.518020225690503,3202.7094886769055,True,False
0x5df9458d9918da733d784bc2a07768b293d10826385a3eb31dd716f99475dc79,2024-05-10 00:00:03+00:00,0.0055,0.0903489809110959,17.78146415917005,3250.873286561552,True,False
0x5df9458d9918da733d784bc2a07768b293d10826385a3eb31dd716f99475dc79,2024-05-11 00:00:04+00:00,0.005,0.08761109843587599,18.270781409665684,3672.5188763147103,True,False
0x5df9458d9918da733d784bc2a07768b293d10826385a3eb31dd716f99475dc79,2024-05-12 00:00:03+00:00,0.005,0.0848732793368317,18.563129443188085,3731.2823001383085,True,False
0x5df9458d9918da733d784bc2a07768b293d10826385a3eb31dd716f99475dc79,2024-05-13 00:00:04+00:00,0.005,0.08213539686161178,18.869982809167087,3792.961368676801,True,False
0x5df9458d9918da733d784bc2a07768b293d10826385a3eb31dd716f99475dc79,2024-05-14 00:00:03+00:00,0.005,0.07939757776256749,19.19256666600043,3857.8023449247094,True,False
0x5df9458d9918da733d784bc2a07768b293d10826385a3eb31dd716f99475dc79,2024-05-15 00:00:04+00:00,0.005,0.07665969528734758,19.532288939499473,3926.08822904512,True,False
0x5df9458d9918da733d784bc2a07768b293d10826385a3eb31dd716f99475dc79,2024-05-16 00:00:04+00:00,0.006,0.07392184450021548,19.443906690226914,3260.2123893740636,True,False
0x5df9458d9918da733d784bc2a07768b293d10826385a3eb31dd716f99475dc79,2024-05-17 00:00:03+00:00,0.006,0.07118402540117119,19.814296342583408,3322.316623504931,True,False
0x5df9458d9918da733d784bc2a07768b293d10826385a3eb31dd716f99475dc79,2024-05-18 00:00:03+00:00,0.006,0.0684461746140391,,,True,False
0x5df9458d9918da733d784bc2a07768b293d10826385a3eb31dd716f99475dc79,2024-05-19 00:00:03+00:00,0.006,0.06570832382690699,,,True,False
0x5df9458d9918da733d784bc2a07768b293d10826385a3eb31dd716f99475dc79,2024-05-20 00:00:03+00:00,0.006,0.06297047303977489,,,True,False
0x5df9458d9918da733d784bc2a07768b293d10826385a3eb31dd716f99475dc79,2024-05-21 00:00:03+00:00,0.0055,0.06023262225264279,,,True,False
0x5df9458d9918da733d784bc2a07768b293d10826385a3eb31dd716f99475dc79,2024-05-22 00:00:03+00:00,0.006,0.057494771465510686,,,True,False
0x5df9458d9918da733d784bc2a07768b293d10826385a3eb31dd716f99475dc79,2024-05-23 00:00:03+00:00,0.0065,0.05475692067837858,,,True,False
0x5df9458d9918da733d784bc2a07768b293d10826385a3eb31dd716f99475dc79,2024-05-24 00:00:03+00:00,0.0065,0.05201906989124648,,,True,False
0x5df9458d9918da733d784bc2a07768b293d10826385a3eb31dd716f99475dc79,2024-05-25 00:00:03+00:00,0.0075,0.04928121910411438,,,True,False
0x5df9458d9918da733d784bc2a07768b293d10826385a3eb31dd716f99475dc79,2024-05-26 00:00:03+00:00,0.007,0.04654336831698228,,,True,False
0x5df9458d9918da733d784bc2a07768b293d10826385a3eb31dd716f99475dc79,2024-05-27 00:00:03+00:00,0.007,0.04380551752985018,,,True,False
0x5df9458d9918da733d784bc2a07768b293d10826385a3eb31dd716f99475dc79,2024-05-28 00:00:03+00:00,0.0075,0.04106766674271808,,,True,False
0x5df9458d9918da733d784bc2a07768b293d10826385a3eb31dd716f99475dc79,2024-05-29 00:00:04+00:00,0.0065,0.03832978426749816,,,True,False
0x5df9458d9918da733d784bc2a07768b293d10826385a3eb31dd716f99475dc79,2024-05-30 00:00:03+00:00,0.0065,0.03559196516845387,,,True,False
0x5df9458d9918da733d784bc2a07768b293d10826385a3eb31dd716f99475dc79,2024-05-31 00:00:03+00:00,0.0065,0.032854114381321776,,,True,False
0x5df9458d9918da733d784bc2a07768b293d10826385a3eb31dd716f99475dc79,2024-06-01 00:00:03+00:00,0.0105,0.030116263594189674,,,True,False
0x5df9458d9918da733d784bc2a07768b293d10826385a3eb31dd716f99475dc79,2024-06-02 00:00:03+00:00,0.011,0.02737841280705757,,,True,False
0x5df9458d9918da733d784bc2a07768b293d10826385a3eb31dd716f99475dc79,2024-06-03 00:00:03+00:00,0.0075,0.02464056201992547,,,True,False
0x5df9458d9918da733d784bc2a07768b293d10826385a3eb31dd716f99475dc79,2024-06-04 00:00:02+00:00,0.006,0.021902742920881183,,,True,False
0x5df9458d9918da733d784bc2a07768b293d10826385a3eb31dd716f99475dc79,2024-06-05 00:00:02+00:00,0.006,0.01916489213374908,,,True,False
0x5df9458d9918da733d784bc2a07768b293d10826385a3eb31dd716f99475dc79,2024-06-06 00:00:03+00:00,0.0055,0.016427009658529165,,,True,False
0x5df9458d9918da733d784bc2a07768b293d10826385a3eb31dd716f99475dc79,2024-06-07 00:00:02+00:00,0.0045,0.013689190559484879,,,True,False
0x5df9458d9918da733d784bc2a07768b293d10826385a3eb31dd716f99475dc79,2024-06-08 00:00:02+00:00,0.003,0.010951339772352776,,,True,False
0x5df9458d9918da733d784bc2a07768b293d10826385a3eb31dd716f99475dc79,2024-06-09 00:00:03+00:00,0.003,0.008213457297132862,,,True,False
0x5df9458d9918da733d784bc2a07768b293d10826385a3eb31dd716f99475dc79,2024-06-10 00:00:04+00:00,0.0025,0.005475574821912946,,,True,False
0x5df9458d9918da733d784bc2a07768b293d10826385a3eb31dd716f99475dc79,2024-06-11 00:00:02+00:00,0.0015,0.002737787410956473,,,True,False
0x5df9458d9918da733d784bc2a07768b293d10826385a3eb31dd716f99475dc79,2024-06-12 00:00:03+00:00,0.0045,0.0,,,True,False
0x5e9dcbf5748f0d4df34dc4795add11e59d529dbd08bd597966e8cb83a266565a,2023-06-13 00:00:02+00:00,0.5,0.11498966968337263,3.47214869136992,13.88859476547968,False,False
0x5e9dcbf5748f0d4df34dc4795add11e59d529dbd08bd597966e8cb83a266565a,2023-06-14 00:00:02+00:00,0.515,0.11225181889624053,3.403779032829852,13.627380774016022,False,False
0x5e9dcbf5748f0d4df34dc4795add11e59d529dbd08bd597966e8cb83a266565a,2023-06-15 00:00:02+00:00,0.705,0.10951396810910842,2.2845229749325497,10.984603798209157,False,False
0x5e9dcbf5748f0d4df34dc4795add11e59d529dbd08bd597966e8cb83a266565a,2023-06-16 00:00:02+00:00,0.67,0.10677611732197632,2.5002434473601145,11.308201932881568,False,False
0x5e9dcbf5748f0d4df34dc4795add11e59d529dbd08bd597966e8cb83a266565a,2023-06-17 00:00:02+00:00,0.7,0.10403826653484421,2.3702087962230047,11.286708553442878,False,False
0x5e9dcbf5748f0d4df34dc4795add11e59d529dbd08bd597966e8cb83a266565a,2023-06-18 00:00:02+00:00,0.71,0.10130041574771212,2.3488564875215943,11.407753703358882,False,False
0x5e9dcbf5748f0d4df34dc4795add11e59d529dbd08bd597966e8cb83a266565a,2023-06-19 00:00:02+00:00,0.715,0.09856256496058002,2.354625137427074,11.555024597850934,False,False
0x5e9dcbf5748f0d4df34dc4795add11e59d529dbd08bd597966e8cb83a266565a,2023-06-20 00:00:02+00:00,0.695,0.09582471417344791,2.497368998283622,11.781431764517615,False,False
0x5e9dcbf5748f0d4df34dc4795add11e59d529dbd08bd597966e8cb83a266565a,2023-06-21 00:00:02+00:00,0.705,0.09308686338631582,2.47791320077969,11.914476262914723,False,False
0x5e9dcbf5748f0d4df34dc4795add11e59d529dbd08bd597966e8cb83a266565a,2023-06-22 00:00:02+00:00,0.725,0.09034901259918371,2.4043382873384154,12.059376989785155,False,False
0x5e9dcbf5748f0d4df34dc4795add11e59d529dbd08bd597966e8cb83a266565a,2023-06-23 00:00:02+00:00,0.725,0.08761116181205161,2.441617099788996,12.24635535944324,False,False
0x5e9dcbf5748f0d4df34dc4795add11e59d529dbd08bd597966e8cb83a266565a,2023-06-24 00:00:02+00:00,0.725,0.08487331102491952,2.480685483015518,12.442309632679715,False,False
0x5e9dcbf5748f0d4df34dc4795add11e59d529dbd08bd597966e8cb83a266565a,2023-06-25 00:00:02+00:00,0.72,0.08213546023778741,2.550416565113519,12.65087581901547,False,False
0x5e9dcbf5748f0d4df34dc4795add11e59d529dbd08bd597966e8cb83a266565a,2023-06-26 00:00:02+00:00,0.72,0.07939760945065531,2.594016622271706,12.867145943808065,False,False
0x5e9dcbf5748f0d4df34dc4795add11e59d529dbd08bd597966e8cb83a266565a,2023-06-27 00:00:02+00:00,0.715,0.0766597586635232,2.669894192834748,13.102167551636597,False,False
0x5e9dcbf5748f0d4df34dc4795add11e59d529dbd08bd597966e8cb83a266565a,2023-06-28 00:00:02+00:00,0.72,0.07392190787639111,2.688375224582188,13.3351945663799,False,False
0x5e9dcbf5748f0d4df34dc4795add11e59d529dbd08bd597966e8cb83a266565a,2023-06-29 00:00:02+00:00,0.775,0.07118405708925901,2.411865445063,13.83148642330036,False,False
0x5e9dcbf5748f0d4df34dc4795add11e59d529dbd08bd597966e8cb83a266565a,2023-06-30 00:00:02+00:00,0.815,0.0684462063021269,2.229846937236114,14.789235199708928,False,False
0x5e9dcbf5748f0d4df34dc4795add11e59d529dbd08bd597966e8cb83a266565a,2023-07-01 00:00:02+00:00,0.835,0.0657083555149948,2.161299250372142,15.687165671363758,False,False
0x5e9dcbf5748f0d4df34dc4795add11e59d529dbd08bd597966e8cb83a266565a,2023-07-02 00:00:02+00:00,0.855,0.0629705047278627,2.091688852543644,16.871860072947317,False,False
0x5e9dcbf5748f0d4df34dc4795add11e59d529dbd08bd597966e8cb83a266565a,2023-07-03 00:00:02+00:00,0.85,0.0602326539407306,2.1683385402648807,17.00657678639122,False,False
0x5e9dcbf5748f0d4df34dc4795add11e59d529dbd08bd597966e8cb83a266565a,2023-07-04 00:00:02+00:00,0.85,0.0574948031535985,2.219365307566273,17.406786726009987,False,False
0x5e9dcbf5748f0d4df34dc4795add11e59d529dbd08bd597966e8cb83a266565a,2023-07-05 00:00:02+00:00,0.845,0.054756952366466397,2.3052737378906047,17.60086839389658,False,False
0x5e9dcbf5748f0d4df34dc4795add11e59d529dbd08bd597966e8cb83a266565a,2023-07-06 00:00:02+00:00,0.875,0.052019101579334294,2.1735482979208016,19.872441580990188,False,False
0x5e9dcbf5748f0d4df34dc4795add11e59d529dbd08bd597966e8cb83a266565a,2023-07-07 00:00:02+00:00,0.935,0.0492812507922022,1.8194995532843665,29.93828964680161,False,False
0x5e9dcbf5748f0d4df34dc4795add11e59d529dbd08bd597966e8cb83a266565a,2023-07-08 00:00:02+00:00,0.935,0.046543400005070096,1.8722496651484701,30.8062470612665,False,False
0x5e9dcbf5748f0d4df34dc4795add11e59d529dbd08bd597966e8cb83a266565a,2023-07-09 00:00:02+00:00,0.94,0.04380554921793799,1.8897114366354337,33.50552192616014,False,False
0x5e9dcbf5748f0d4df34dc4795add11e59d529dbd08bd597966e8cb83a266565a,2023-07-10 00:00:02+00:00,0.935,0.04106769843080589,1.9931621537293027,32.79575736288448,False,False
0x5e9dcbf5748f0d4df34dc4795add11e59d529dbd08bd597966e8cb83a266565a,2023-07-11 00:00:02+00:00,0.935,0.03832984764367379,2.0631189484185306,33.946835843990655,False,False
0x5e9dcbf5748f0d4df34dc4795add11e59d529dbd08bd597966e8cb83a266565a,2023-07-12 00:00:02+00:00,0.925,0.035591996856541686,2.2272262157431526,32.104161668369784,False,False
0x5e9dcbf5748f0d4df34dc4795add11e59d529dbd08bd597966e8cb83a266565a,2023-07-13 00:00:02+00:00,0.85,0.03285414606940959,2.9359455497159983,23.02702391934116,False,False
0x5e9dcbf5748f0d4df34dc4795add11e59d529dbd08bd597966e8cb83a266565a,2023-07-14 00:00:02+00:00,0.945,0.030116295282277487,2.22933631965587,42.89247368265259,False,False
0x5e9dcbf5748f0d4df34dc4795add11e59d529dbd08bd597966e8cb83a266565a,2023-07-15 00:00:02+00:00,0.965,0.027378444495145385,2.108907872789633,62.43990741049981,True,False
0x5e9dcbf5748f0d4df34dc4795add11e59d529dbd08bd597966e8cb83a266565a,2023-07-16 00:00:02+00:00,0.955,0.024640593708013282,2.349068062924566,54.66126964338718,True,False
0x5e9dcbf5748f0d4df34dc4795add11e59d529dbd08bd597966e8cb83a266565a,2023-07-17 00:00:02+00:00,0.955,0.021902742920881183,2.4915633356664926,57.977040969551844,True,False
0x5e9dcbf5748f0d4df34dc4795add11e59d529dbd08bd597966e8cb83a266565a,2023-07-18 00:00:02+00:00,0.955,0.01916489213374908,2.663593796087669,61.9800766977933,True,False
0x5e9dcbf5748f0d4df34dc4795add11e59d529dbd08bd597966e8cb83a266565a,2023-07-19 00:00:02+00:00,0.965,0.016427041346616978,2.7225904574368514,80.60963604550257,True,False
0x5e9dcbf5748f0d4df34dc4795add11e59d529dbd08bd597966e8cb83a266565a,2023-07-20 00:00:02+00:00,0.965,0.013689190559484879,2.982449567414012,88.30346609663981,True,False
0x5e9dcbf5748f0d4df34dc4795add11e59d529dbd08bd597966e8cb83a266565a,2023-07-21 00:00:02+00:00,0.97,0.010951339772352776,3.2312202970444965,111.03849818022316,True,False
0x5e9dcbf5748f0d4df34dc4795add11e59d529dbd08bd597966e8cb83a266565a,2023-07-22 00:00:02+00:00,0.97,0.008213488985220676,3.7310954153064317,128.21633729575356,True,False
0x5e9dcbf5748f0d4df34dc4795add11e59d529dbd08bd597966e8cb83a266565a,2023-07-23 00:00:02+00:00,0.965,0.005475638198088575,4.715683193810233,139.62052387298976,True,False
0x5e9dcbf5748f0d4df34dc4795add11e59d529dbd08bd597966e8cb83a266565a,2023-07-24 00:00:02+00:00,0.98,0.002737787410956473,5.992786845476736,305.75443089167,True,False
0x5e9dcbf5748f0d4df34dc4795add11e59d529dbd08bd597966e8cb83a266565a,2023-07-25 00:00:03+00:00,0.985,0.0,,,True,False
0x5e9dcbf5748f0d4df34dc4795add11e59d529dbd08bd597966e8cb83a266565a,2023-07-26 00:00:02+00:00,0.975,0.0,,,True,False
0x642926331d650ed2e4e1da2593f388cd803b4f283e09218fc1c5de90087b585c,2024-03-09 00:00:03+00:00,0.88,0.6652976462088371,0.5987925699897078,5.670384185508596,False,False
0x642926331d650ed2e4e1da2593f388cd803b4f283e09218fc1c5de90087b585c,2024-03-10 00:00:02+00:00,0.875,0.6625598271097929,0.6090292746680446,5.568267654107836,False,False
0x642926331d650ed2e4e1da2593f388cd803b4f283e09218fc1c5de90087b585c,2024-03-11 00:00:02+00:00,0.8745,0.6598219763226608,0.6111919115080059,5.568959487452191,False,False
0x642926331d650ed2e4e1da2593f388cd803b4f283e09218fc1c5de90087b585c,2024-03-12 00:00:02+00:00,0.915,0.6570841255355286,0.5377444105146093,6.914103638889226,False,False
0x642926331d650ed2e4e1da2593f388cd803b4f283e09218fc1c5de90087b585c,2024-03-13 00:00:03+00:00,0.9345,0.6543462430603088,0.5003569938090145,8.174465568132765,False,False
0x642926331d650ed2e4e1da2593f388cd803b4f283e09218fc1c5de90087b585c,2024-03-14 00:00:03+00:00,0.9345,0.6516083922731767,0.5014070622603929,8.191620816297942,False,False
0x642926331d650ed2e4e1da2593f388cd803b4f283e09218fc1c5de90087b585c,2024-03-15 00:00:03+00:00,0.934,0.6488705414860446,0.5034912080857986,8.167724483904337,False,False
0x642926331d650ed2e4e1da2593f388cd803b4f283e09218fc1c5de90087b585c,2024-03-16 00:00:02+00:00,0.93,0.6461327223870003,0.5127143978594877,7.875797202142673,False,False
0x642926331d650ed2e4e1da2593f388cd803b4f283e09218fc1c5de90087b585c,2024-03-17 00:00:03+00:00,0.93,0.6433948399117804,0.5138041342672549,7.89253662468902,False,False
0x642926331d650ed2e4e1da2593f388cd803b4f283e09218fc1c5de90087b585c,2024-03-18 00:00:03+00:00,0.84,0.6406569891246483,0.683054190848297,5.082248443811733,False,False
0x642926331d650ed2e4e1da2593f388cd803b4f283e09218fc1c5de90087b585c,2024-03-19 00:00:02+00:00,0.84,0.6379191700256039,0.6845183862369191,5.09314275473898,False,False
0x642926331d650ed2e4e1da2593f388cd803b4f283e09218fc1c5de90087b585c,2024-03-20 00:00:03+00:00,0.842,0.635181287550384,0.6823343786037276,5.128945387742623,False,False
0x642926331d650ed2e4e1da2593f388cd803b4f283e09218fc1c5de90087b585c,2024-03-21 00:00:03+00:00,0.8835,0.632443436763252,0.6076798733718213,5.903945955991665,False,False
0x642926331d650ed2e4e1da2593f388cd803b4f283e09218fc1c5de90087b585c,2024-03-22 00:00:02+00:00,0.8535,0.6297056176642076,0.664199684077101,5.311993250655111,False,False
0x642926331d650ed2e4e1da2593f388cd803b4f283e09218fc1c5de90087b585c,2024-03-23 00:00:03+00:00,0.9035,0.6269677351889877,0.572714668882943,6.568751560660102,False,False
0x642926331d650ed2e4e1da2593f388cd803b4f283e09218fc1c5de90087b585c,2024-03-24 00:00:03+00:00,0.91,0.6242298844018557,0.5614589827815651,6.855421035183948,False,False
0x642926331d650ed2e4e1da2593f388cd803b4f283e09218fc1c5de90087b585c,2024-03-25 00:00:03+00:00,0.91,0.6214920336147236,0.5626943177591628,6.87050449034387,False,False
0x642926331d650ed2e4e1da2593f388cd803b4f283e09218fc1c5de90087b585c,2024-03-26 00:00:02+00:00,0.91,0.6187542145156792,0.5639378283803824,6.885687770212241,False,False
0x642926331d650ed2e4e1da2593f388cd803b4f283e09218fc1c5de90087b585c,2024-03-27 00:00:03+00:00,0.91,0.6160163320404594,0.565189648866621,6.900972513633959,False,False
0x642926331d650ed2e4e1da2593f388cd803b4f283e09218fc1c5de90087b585c,2024-03-28 00:00:03+00:00,0.91,0.6132784812533273,0.5664498282156342,6.916359318872214,False,False
0x642926331d650ed2e4e1da2593f388cd803b4f283e09218fc1c5de90087b585c,2024-03-29 00:00:02+00:00,0.91,0.6105406621542829,0.5677184599013266,6.931849327244528,False,False
0x642926331d650ed2e4e1da2593f388cd803b4f283e09218fc1c5de90087b585c,2024-03-30 00:00:02+00:00,0.909,0.6078028113671509,0.5709571832156561,6.902370473720141,False,False
0x642926331d650ed2e4e1da2593f388cd803b4f283e09218fc1c5de90087b585c,2024-03-31 00:00:03+00:00,0.909,0.605064928891931,0.5722474987000351,6.917969253738987,False,False
0x642926331d650ed2e4e1da2593f388cd803b4f283e09218fc1c5de90087b585c,2024-04-01 00:00:02+00:00,0.91,0.6023271097928866,0.5715761612644104,6.978951907990361,False,False
0x642926331d650ed2e4e1da2593f388cd803b4f283e09218fc1c5de90087b585c,2024-04-02 00:00:03+00:00,0.91,0.5995892273176667,0.5728796586464622,6.994867626940932,False,False
0x642926331d650ed2e4e1da2593f388cd803b4f283e09218fc1c5de90087b585c,2024-04-03 00:00:03+00:00,0.9125,0.5968513765305347,0.5692240331732517,7.1292246816219365,False,False
0x642926331d650ed2e4e1da2593f388cd803b4f283e09218fc1c5de90087b585c,2024-04-04 00:00:03+00:00,0.9025,0.5941135257434026,0.5902957008004445,6.708382138509204,False,False
0x642926331d650ed2e4e1da2593f388cd803b4f283e09218fc1c5de90087b585c,2024-04-05 00:00:03+00:00,0.8855,0.5913756749562704,0.6245940549651006,6.1603273996148555,False,False
0x642926331d650ed2e4e1da2593f388cd803b4f283e09218fc1c5de90087b585c,2024-04-06 00:00:03+00:00,0.859,0.5886378241691383,0.6765493160021134,5.585823165664458,False,False
0x642926331d650ed2e4e1da2593f388cd803b4f283e09218fc1c5de90087b585c,2024-04-07 00:00:02+00:00,0.8615,0.5859000050700941,0.6733746807179276,5.643541557881604,False,False
0x642926331d650ed2e4e1da2593f388cd803b4f283e09218fc1c5de90087b585c,2024-04-08 00:00:03+00:00,0.8615,0.5831621225948741,0.6749535400364658,5.656773950535155,False,False
0x642926331d650ed2e4e1da2593f388cd803b4f283e09218fc1c5de90087b585c,2024-04-09 00:00:03+00:00,0.8425,0.580424271807742,0.7128384387221642,5.372057378152056,False,False
0x642926331d650ed2e4e1da2593f388cd803b4f283e09218fc1c5de90087b585c,2024-04-10 00:00:03+00:00,0.8525,0.57768642102061,0.695373978636482,5.530087806642334,False,False
0x642926331d650ed2e4e1da2593f388cd803b4f283e09218fc1c5de90087b585c,2024-04-11 00:00:03+00:00,0.7305,0.5749485702334778,0.9412606015721369,4.781133727107069,False,False
0x642926331d650ed2e4e1da2593f388cd803b4f283e09218fc1c5de90087b585c,2024-04-12 00:00:03+00:00,0.705,0.5722107194463457,0.9994297962435579,4.80552853104247,False,False
0x642926331d650ed2e4e1da2593f388cd803b4f283e09218fc1c5de90087b585c,2024-04-13 00:00:02+00:00,0.685,0.5694729003473015,1.047419975966143,4.854223037729779,False,False
0x642926331d650ed2e4e1da2593f388cd803b4f283e09218fc1c5de90087b585c,2024-04-14 00:00:03+00:00,0.6825,0.5667350178720816,1.0557676390077997,4.872164697910298,False,False
0x642926331d650ed2e4e1da2593f388cd803b4f283e09218fc1c5de90087b585c,2024-04-15 00:00:03+00:00,0.6835,0.5639971670849494,1.0559901868325174,4.881436555562185,False,False
0x642926331d650ed2e4e1da2593f388cd803b4f283e09218fc1c5de90087b585c,2024-04-16 00:00:03+00:00,0.6865,0.5612593162978173,1.0515587008753176,4.886022183929149,False,False
0x642926331d650ed2e4e1da2593f388cd803b4f283e09218fc1c5de90087b585c,2024-04-17 00:00:03+00:00,0.6825,0.5585214655106853,1.0635023051806747,4.907858695420033,False,False
0x642926331d650ed2e4e1da2593f388cd803b4f283e09218fc1c5de90087b585c,2024-04-18 00:00:03+00:00,0.63,0.5557836147235531,1.1957328177406048,5.129698917806112,False,False
0x642926331d650ed2e4e1da2593f388cd803b4f283e09218fc1c5de90087b585c,2024-04-19 00:00:03+00:00,0.64,0.553045763936421,1.172976616264801,5.091044341427088,False,False
0x642926331d650ed2e4e1da2593f388cd803b4f283e09218fc1c5de90087b585c,2024-04-20 00:00:02+00:00,0.585,0.5503079448373768,1.3239249728151454,5.453300269035713,False,False
0x642926331d650ed2e4e1da2593f388cd803b4f283e09218fc1c5de90087b585c,2024-04-21 00:00:03+00:00,0.585,0.5475700623621568,1.3272306970764078,5.466916680368274,False,False
0x642926331d650ed2e4e1da2593f388cd803b4f283e09218fc1c5de90087b585c,2024-04-22 00:00:03+00:00,0.59,0.5448322115750247,1.3163728916512991,5.4418060837176485,False,False
0x642926331d650ed2e4e1da2593f388cd803b4f283e09218fc1c5de90087b585c,2024-04-23 00:00:02+00:00,0.61,0.5420943924759805,1.2641672536008546,5.313859830184341,False,False
0x642926331d650ed2e4e1da2593f388cd803b4f283e09218fc1c5de90087b585c,2024-04-24 00:00:03+00:00,0.62,0.5393565100007606,1.2403342794654877,5.264576737968963,False,False
0x642926331d650ed2e4e1da2593f388cd803b4f283e09218fc1c5de90087b585c,2024-04-25 00:00:03+00:00,0.575,0.5366186592136284,1.3697267658780505,5.605020013823225,False,False
0x642926331d650ed2e4e1da2593f388cd803b4f283e09218fc1c5de90087b585c,2024-04-26 00:00:02+00:00,0.53,0.5338808401145841,1.511682947202681,6.068578672030032,False,False
0x642926331d650ed2e4e1da2593f388cd803b4f283e09218fc1c5de90087b585c,2024-04-27 00:00:03+00:00,0.475,0.5311429576393643,1.7038872418379551,6.832630543711098,False,False
0x642926331d650ed2e4e1da2593f388cd803b4f283e09218fc1c5de90087b585c,2024-04-28 00:00:03+00:00,0.475,0.5284051068522321,1.7082957551520939,6.850308792589851,False,False
0x642926331d650ed2e4e1da2593f388cd803b4f283e09218fc1c5de90087b585c,2024-04-29 00:00:03+00:00,0.47,0.5256672560651,1.7310798946474575,6.949337192482768,False,False
0x642926331d650ed2e4e1da2593f388cd803b4f283e09218fc1c5de90087b585c,2024-04-30 00:00:04+00:00,0.44,0.5229293735898801,1.850293434965114,7.509307771774,False,False
0x642926331d650ed2e4e1da2593f388cd803b4f283e09218fc1c5de90087b585c,2024-05-01 00:00:03+00:00,0.445,0.5201915544908358,1.8354552140097076,7.431744970177984,False,False
0x642926331d650ed2e4e1da2593f388cd803b4f283e09218fc1c5de90087b585c,2024-05-02 00:00:03+00:00,0.455,0.5174537037037037,1.8014537192734301,7.264658611849704,False,False
0x642926331d650ed2e4e1da2593f388cd803b4f283e09218fc1c5de90087b585c,2024-05-03 00:00:03+00:00,0.455,0.5147158529165716,1.8062384662177582,7.283953891391303,False,False
0x642926331d650ed2e4e1da2593f388cd803b4f283e09218fc1c5de90087b585c,2024-05-04 00:00:03+00:00,0.635,0.5119780021294394,1.2324134593350284,5.31728382843287,False,False
0x642926331d650ed2e4e1da2593f388cd803b4f283e09218fc1c5de90087b585c,2024-05-05 00:00:03+00:00,0.65,0.5092401513423074,1.1960813108324095,5.257500267395208,False,False
0x642926331d650ed2e4e1da2593f388cd803b4f283e09218fc1c5de90087b585c,2024-05-06 00:00:02+00:00,0.635,0.5065023322432631,1.2390572082841367,5.345948477118484,False,False
0x642926331d650ed2e4e1da2593f388cd803b4f283e09218fc1c5de90087b585c,2024-05-07 00:00:02+00:00,0.635,0.5037644814561311,1.242419649646508,5.360455828482399,False,False
0x642926331d650ed2e4e1da2593f388cd803b4f283e09218fc1c5de90087b585c,2024-05-08 00:00:03+00:00,0.65,0.5010265989809111,1.2058454037559652,5.300419357169078,False,False
0x642926331d650ed2e4e1da2593f388cd803b4f283e09218fc1c5de90087b585c,2024-05-09 00:00:03+00:00,0.65,0.498288748193779,1.209153628446214,5.3149610041591835,False,False
0x642926331d650ed2e4e1da2593f388cd803b4f283e09218fc1c5de90087b585c,2024-05-10 00:00:03+00:00,0.65,0.4955508974066469,1.212489231639341,5.329622996216884,False,False
0x642926331d650ed2e4e1da2593f388cd803b4f283e09218fc1c5de90087b585c,2024-05-11 00:00:04+00:00,0.645,0.492813014931427,1.2291614516933087,5.368103293780146,False,False
0x642926331d650ed2e4e1da2593f388cd803b4f283e09218fc1c5de90087b585c,2024-05-12 00:00:03+00:00,0.635,0.4900751958323827,1.2596524109444296,5.434807079902619,False,False
0x642926331d650ed2e4e1da2593f388cd803b4f283e09218fc1c5de90087b585c,2024-05-13 00:00:04+00:00,0.625,0.4873373133571628,1.2908336129267075,5.507556748487286,False,False
0x642926331d650ed2e4e1da2593f388cd803b4f283e09218fc1c5de90087b585c,2024-05-14 00:00:03+00:00,0.615,0.4845994942581185,1.3227286000232075,5.586436912778829,False,False
0x642926331d650ed2e4e1da2593f388cd803b4f283e09218fc1c5de90087b585c,2024-05-15 00:00:04+00:00,0.61,0.48186161178289855,1.3408519543342838,5.636199892115527,False,False
0x642926331d650ed2e4e1da2593f388cd803b4f283e09218fc1c5de90087b585c,2024-05-16 00:00:04+00:00,0.6255,0.4791237609957665,1.3004442326180996,5.551528796159226,False,False
0x642926331d650ed2e4e1da2593f388cd803b4f283e09218fc1c5de90087b585c,2024-05-17 00:00:03+00:00,0.6885,0.4763859418967222,1.1363478288816753,5.2984554968365885,False,False
0x642926331d650ed2e4e1da2593f388cd803b4f283e09218fc1c5de90087b585c,2024-05-18 00:00:03+00:00,0.6885,0.4736480911095901,1.1396273394717022,5.313746889551936,False,False
0x642926331d650ed2e4e1da2593f388cd803b4f283e09218fc1c5de90087b585c,2024-05-19 00:00:03+00:00,0.6835,0.470910240322458,1.1556578571485954,5.342161868500899,False,False
0x642926331d650ed2e4e1da2593f388cd803b4f283e09218fc1c5de90087b585c,2024-05-20 00:00:03+00:00,0.69,0.46817238953532586,1.1424654948159467,5.341119657858563,False,False
0x642926331d650ed2e4e1da2593f388cd803b4f283e09218fc1c5de90087b585c,2024-05-21 00:00:03+00:00,0.67,0.4654345387481938,1.197540075806705,5.4162825680990725,False,False
0x642926331d650ed2e4e1da2593f388cd803b4f283e09218fc1c5de90087b585c,2024-05-22 00:00:03+00:00,0.67,0.46269668796106167,1.2010778688066606,5.432283441007058,False,False
0x642926331d650ed2e4e1da2593f388cd803b4f283e09218fc1c5de90087b585c,2024-05-23 00:00:03+00:00,0.67,0.4599588371739296,1.2046472024309016,5.448426967123029,False,False
0x642926331d650ed2e4e1da2593f388cd803b4f283e09218fc1c5de90087b585c,2024-05-24 00:00:03+00:00,0.585,0.4572209863867975,1.4524566773713434,5.98272753525422,False,False
0x642926331d650ed2e4e1da2593f388cd803b4f283e09218fc1c5de90087b585c,2024-05-25 00:00:03+00:00,0.585,0.45448313559966536,1.456824978905411,6.000720745156672,False,False
0x642926331d650ed2e4e1da2593f388cd803b4f283e09218fc1c5de90087b585c,2024-05-26 00:00:03+00:00,0.585,0.4517452848125333,1.461232932352138,6.018877282883897,False,False
0x642926331d650ed2e4e1da2593f388cd803b4f283e09218fc1c5de90087b585c,2024-05-27 00:00:03+00:00,0.5845,0.44900743402540116,1.4672525642809835,6.041563347903404,False,False
0x642926331d650ed2e4e1da2593f388cd803b4f283e09218fc1c5de90087b585c,2024-05-28 00:00:03+00:00,0.584,0.4462695832382691,1.4733242536839697,6.0644603434699755,False,False
0x642926331d650ed2e4e1da2593f388cd803b4f283e09218fc1c5de90087b585c,2024-05-29 00:00:04+00:00,0.55,0.44353170076304915,1.5892858942767798,6.421357148593049,False,False
0x642926331d650ed2e4e1da2593f388cd803b4f283e09218fc1c5de90087b585c,2024-05-30 00:00:03+00:00,0.555,0.44079388166400485,1.5772924967454562,6.386445983380732,False,False
0x642926331d650ed2e4e1da2593f388cd803b4f283e09218fc1c5de90087b585c,2024-05-31 00:00:03+00:00,0.5775,0.4380560308768728,1.5079195996156487,6.1801566622737205,False,False
0x642926331d650ed2e4e1da2593f388cd803b4f283e09218fc1c5de90087b585c,2024-06-01 00:00:03+00:00,0.6175,0.43531818008974066,1.3880873706171055,5.876901360078773,False,False
0x642926331d650ed2e4e1da2593f388cd803b4f283e09218fc1c5de90087b585c,2024-06-02 00:00:03+00:00,0.6125,0.4325803293026086,1.4075681155206026,5.930504239191479,False,False
0x642926331d650ed2e4e1da2593f388cd803b4f283e09218fc1c5de90087b585c,2024-06-03 00:00:03+00:00,0.6125,0.42984247851547647,1.4120437020973502,5.949361220160001,False,False
0x642926331d650ed2e4e1da2593f388cd803b4f283e09218fc1c5de90087b585c,2024-06-04 00:00:02+00:00,0.625,0.42710465941643216,1.3788529210797313,5.883105796606854,False,False
0x642926331d650ed2e4e1da2593f388cd803b4f283e09218fc1c5de90087b585c,2024-06-05 00:00:02+00:00,0.674,0.4243668086293001,1.2431650867866997,5.657848422505961,False,False
0x642926331d650ed2e4e1da2593f388cd803b4f283e09218fc1c5de90087b585c,2024-06-06 00:00:03+00:00,0.6725,0.42162892615408015,1.2513176494178768,5.681512639599883,False,False
0x642926331d650ed2e4e1da2593f388cd803b4f283e09218fc1c5de90087b585c,2024-06-07 00:00:02+00:00,0.678,0.41889110705503585,1.2402864171437507,5.6811521699909795,False,False
0x642926331d650ed2e4e1da2593f388cd803b4f283e09218fc1c5de90087b585c,2024-06-08 00:00:02+00:00,0.68,0.4161532562679038,1.2388812383607986,5.693388043937493,False,False
0x642926331d650ed2e4e1da2593f388cd803b4f283e09218fc1c5de90087b585c,2024-06-09 00:00:03+00:00,0.675,0.41341537379268384,1.2567535982326081,5.728791330974852,False,False
0x642926331d650ed2e4e1da2593f388cd803b4f283e09218fc1c5de90087b585c,2024-06-10 00:00:04+00:00,0.65,0.41067749131746395,1.331899860728686,5.854504882323895,False,False
0x642926331d650ed2e4e1da2593f388cd803b4f283e09218fc1c5de90087b585c,2024-06-11 00:00:02+00:00,0.63,0.40793970390650747,1.3956902038793129,5.987516962159214,False,False
0x642926331d650ed2e4e1da2593f388cd803b4f283e09218fc1c5de90087b585c,2024-06-12 00:00:03+00:00,0.625,0.4052018214312875,1.4156288463625724,6.040016411146976,False,False
0x642926331d650ed2e4e1da2593f388cd803b4f283e09218fc1c5de90087b585c,2024-06-13 00:00:03+00:00,0.74,0.40246397064415546,1.1008272235631813,5.72155521602485,False,False
0x642926331d650ed2e4e1da2593f388cd803b4f283e09218fc1c5de90087b585c,2024-06-14 00:00:03+00:00,0.75,0.39972611985702333,1.0793859158911079,5.756724884752575,False,False
0x642926331d650ed2e4e1da2593f388cd803b4f283e09218fc1c5de90087b585c,2024-06-15 00:00:04+00:00,0.7675,0.39698823738180344,1.039643128944028,5.826167231657191,False,False
0x642926331d650ed2e4e1da2593f388cd803b4f283e09218fc1c5de90087b585c,2024-06-16 00:00:04+00:00,0.788,0.3942503865946713,0.9933184555040809,5.946020828369416,False,False
0x642926331d650ed2e4e1da2593f388cd803b4f283e09218fc1c5de90087b585c,2024-06-17 00:00:04+00:00,0.788,0.39151253580753925,0.9967855472975757,5.966774897624604,False,False
0x642926331d650ed2e4e1da2593f388cd803b4f283e09218fc1c5de90087b585c,2024-06-18 00:00:03+00:00,0.788,0.38877471670849495,1.0002891583664693,5.987747571870925,False,False
0x642926331d650ed2e4e1da2593f388cd803b4f283e09218fc1c5de90087b585c,2024-06-19 00:00:03+00:00,0.788,0.3860368659213628,1.0038300168429175,6.0089432097196,False,False
0x642926331d650ed2e4e1da2593f388cd803b4f283e09218fc1c5de90087b585c,2024-06-20 00:00:04+00:00,0.73,0.38329898344614294,1.154118551810498,5.855497472402323,False,False
0x642926331d650ed2e4e1da2593f388cd803b4f283e09218fc1c5de90087b585c,2024-06-21 00:00:03+00:00,0.7495,0.38056116434709863,1.1075140563007002,5.898884319689909,False,False
0x642926331d650ed2e4e1da2593f388cd803b4f283e09218fc1c5de90087b585c,2024-06-22 00:00:02+00:00,0.75,0.37782334524805433,1.1102316822117742,5.921235638462796,False,False
0x642926331d650ed2e4e1da2593f388cd803b4f283e09218fc1c5de90087b585c,2024-06-23 00:00:03+00:00,0.75,0.37508546277283444,1.1142763032191771,5.942806950502278,False,False
0x642926331d650ed2e4e1da2593f388cd803b4f283e09218fc1c5de90087b585c,2024-06-24 00:00:03+00:00,0.75,0.3723476119857023,1.1183654053539385,5.964615495221005,False,False
0x642926331d650ed2e4e1da2593f388cd803b4f283e09218fc1c5de90087b585c,2024-06-25 00:00:03+00:00,0.75,0.36960976119857025,1.1224998582429726,5.9866659106291875,False,False
0x642926331d650ed2e4e1da2593f388cd803b4f283e09218fc1c5de90087b585c,2024-06-26 00:00:03+00:00,0.75,0.36687191041143813,1.1266805064138317,6.008962700873769,False,False
0x642926331d650ed2e4e1da2593f388cd803b4f283e09218fc1c5de90087b585c,2024-06-27 00:00:02+00:00,0.75,0.3641340913123938,1.1309081673694301,6.031510225970294,False,False
0x642926331d650ed2e4e1da2593f388cd803b4f283e09218fc1c5de90087b585c,2024-06-28 00:00:03+00:00,0.75,0.36139620883717394,1.1351838783807964,6.054314018030914,False,False
0x642926331d650ed2e4e1da2593f388cd803b4f283e09218fc1c5de90087b585c,2024-06-29 00:00:02+00:00,0.745,0.35865838973812963,1.1527667189484636,6.067991677581069,False,False
0x642926331d650ed2e4e1da2593f388cd803b4f283e09218fc1c5de90087b585c,2024-06-30 00:00:02+00:00,0.745,0.35592053895099757,1.1571919441402994,6.091285401449134,False,False
0x642926331d650ed2e4e1da2593f388cd803b4f283e09218fc1c5de90087b585c,2024-07-01 00:00:02+00:00,0.7405,0.35318268816386544,1.173772407661362,6.108315647066371,False,False
0x642926331d650ed2e4e1da2593f388cd803b4f283e09218fc1c5de90087b585c,2024-07-02 00:00:03+00:00,0.744,0.3504448056886455,1.1688911659003325,6.1370713935459325,False,False
0x642926331d650ed2e4e1da2593f388cd803b4f283e09218fc1c5de90087b585c,2024-07-03 00:00:02+00:00,0.7405,0.34770698658960125,1.1829786084597842,6.156224747689276,False,False
0x642926331d650ed2e4e1da2593f388cd803b4f283e09218fc1c5de90087b585c,2024-07-04 00:00:03+00:00,0.755,0.3449691041143813,1.148469776301002,6.208783761594821,False,False
0x642926331d650ed2e4e1da2593f388cd803b4f283e09218fc1c5de90087b585c,2024-07-05 00:00:02+00:00,0.7415,0.34223128501533706,1.1896657314213759,6.206592739227041,False,False
0x642926331d650ed2e4e1da2593f388cd803b4f283e09218fc1c5de90087b585c,2024-07-06 00:00:02+00:00,0.775,0.33949343422820494,1.104405991381494,6.333511061685988,False,False
0x642926331d650ed2e4e1da2593f388cd803b4f283e09218fc1c5de90087b585c,2024-07-07 00:00:02+00:00,0.795,0.3367555834410728,1.056597302425083,6.48318639315897,False,False
0x642926331d650ed2e4e1da2593f388cd803b4f283e09218fc1c5de90087b585c,2024-07-08 00:00:02+00:00,0.795,0.33401773265394075,1.0609187826381647,6.509702608609694,False,False
0x642926331d650ed2e4e1da2593f388cd803b4f283e09218fc1c5de90087b585c,2024-07-09 00:00:02+00:00,0.8045,0.3312798818668086,1.0406151225297364,6.616332506439872,False,False
0x642926331d650ed2e4e1da2593f388cd803b4f283e09218fc1c5de90087b585c,2024-07-10 00:00:03+00:00,0.8085,0.32854199939158873,1.0345686487850172,6.6820621547817955,False,False
0x642926331d650ed2e4e1da2593f388cd803b4f283e09218fc1c5de90087b585c,2024-07-11 00:00:03+00:00,0.818,0.3258041486044566,1.014294322301252,6.8130143361001885,False,False
0x642926331d650ed2e4e1da2593f388cd803b4f283e09218fc1c5de90087b585c,2024-07-12 00:00:02+00:00,0.905,0.3230663295054123,0.7938453369177148,9.233443872261878,False,False
0x642926331d650ed2e4e1da2593f388cd803b4f283e09218fc1c5de90087b585c,2024-07-13 00:00:03+00:00,0.88,0.3203284470301924,0.8629520050826228,8.171893987524838,False,False
0x642926331d650ed2e4e1da2593f388cd803b4f283e09218fc1c5de90087b585c,2024-07-14 00:00:02+00:00,0.8525,0.3175906279311481,0.9378441541961802,7.458375896982397,False,False
0x642926331d650ed2e4e1da2593f388cd803b4f283e09218fc1c5de90087b585c,2024-07-15 00:00:03+00:00,0.8225,0.31485274545592823,1.0199809780825253,6.98647016110296,False,False
0x642926331d650ed2e4e1da2593f388cd803b4f283e09218fc1c5de90087b585c,2024-07-16 00:00:02+00:00,0.85,0.3121149263568839,0.9525456968651141,7.470946642079326,False,False
0x642926331d650ed2e4e1da2593f388cd803b4f283e09218fc1c5de90087b585c,2024-07-17 00:00:01+00:00,0.8955,0.3093771072578396,0.836888385219912,8.943050021184195,False,False
0x642926331d650ed2e4e1da2593f388cd803b4f283e09218fc1c5de90087b585c,2024-07-18 00:00:02+00:00,0.893,0.30663922478261973,0.8473404534423589,8.867939147077047,False,False
0x642926331d650ed2e4e1da2593f388cd803b4f283e09218fc1c5de90087b585c,2024-07-19 00:00:01+00:00,0.891,0.30390140568357543,0.8565367126561988,8.81945564365571,False,False
0x642926331d650ed2e4e1da2593f388cd803b4f283e09218fc1c5de90087b585c,2024-07-20 00:00:01+00:00,0.878,0.3011635548964433,0.8953314992012005,8.358522528858439,False,False
0x642926331d650ed2e4e1da2593f388cd803b4f283e09218fc1c5de90087b585c,2024-07-21 00:00:01+00:00,0.8705,0.29842570410931124,0.9195077314658677,8.156744173262764,False,False
0x642926331d650ed2e4e1da2593f388cd803b4f283e09218fc1c5de90087b585c,2024-07-22 00:00:01+00:00,0.867,0.2956878533221791,0.933143605412448,8.092407536249342,False,False
0x642926331d650ed2e4e1da2593f388cd803b4f283e09218fc1c5de90087b585c,2024-07-23 00:00:01+00:00,0.8675,0.29295000253504705,0.9361471986786408,8.144394094316926,False,False
0x642926331d650ed2e4e1da2593f388cd803b4f283e09218fc1c5de90087b585c,2024-07-24 00:00:01+00:00,0.867,0.2902121517479149,0.9419057103841177,8.168394258866176,False,False
0x642926331d650ed2e4e1da2593f388cd803b4f283e09218fc1c5de90087b585c,2024-07-25 00:00:01+00:00,0.8665,0.2874743009607828,0.9477396393844167,8.192929404180294,False,False
0x642926331d650ed2e4e1da2593f388cd803b4f283e09218fc1c5de90087b585c,2024-07-26 00:00:02+00:00,0.869,0.2847364184855629,0.9454538219400745,8.305183829268303,False,False
0x642926331d650ed2e4e1da2593f388cd803b4f283e09218fc1c5de90087b585c,2024-07-27 00:00:02+00:00,0.8675,0.2819985676984308,0.9541517339468345,8.301031886873664,False,False
0x642926331d650ed2e4e1da2593f388cd803b4f283e09218fc1c5de90087b585c,2024-07-28 00:00:02+00:00,0.878,0.2792607169112987,0.9297798865289773,8.68012142470758,False,False
0x642926331d650ed2e4e1da2593f388cd803b4f283e09218fc1c5de90087b585c,2024-07-29 00:00:02+00:00,0.879,0.2765228661241666,0.9315831346333081,8.758855711630497,False,False
0x642926331d650ed2e4e1da2593f388cd803b4f283e09218fc1c5de90087b585c,2024-07-30 00:00:01+00:00,0.921,0.2737850470251223,0.8151586843416939,11.203544363469733,False,False
0x642926331d650ed2e4e1da2593f388cd803b4f283e09218fc1c5de90087b585c,2024-07-31 00:00:02+00:00,0.923,0.2710471645499024,0.8131937890421178,11.441991656823713,False,False
0x642926331d650ed2e4e1da2593f388cd803b4f283e09218fc1c5de90087b585c,2024-08-01 00:00:02+00:00,0.924,0.2683093137627703,0.8142662636489588,11.595270329929358,False,False
0x642926331d650ed2e4e1da2593f388cd803b4f283e09218fc1c5de90087b585c,2024-08-02 00:00:01+00:00,0.9305,0.26557149466372604,0.7981551356886399,12.342016718614804,False,False
0x642926331d650ed2e4e1da2593f388cd803b4f283e09218fc1c5de90087b585c,2024-08-03 00:00:02+00:00,0.958,0.2628336121885061,0.7080746713733821,17.598038358022205,True,False
0x642926331d650ed2e4e1da2593f388cd803b4f283e09218fc1c5de90087b585c,2024-08-04 00:00:01+00:00,0.9565,0.2600957930894618,0.7174473826080594,17.24311895279268,True,False
0x642926331d650ed2e4e1da2593f388cd803b4f283e09218fc1c5de90087b585c,2024-08-05 00:00:01+00:00,0.9515,0.2573579423023297,0.739679560394164,16.028507573915615,True,False
0x642926331d650ed2e4e1da2593f388cd803b4f283e09218fc1c5de90087b585c,2024-08-06 00:00:01+00:00,0.9545,0.2546200915151976,0.7326236519910041,16.869165767498185,True,False
0x642926331d650ed2e4e1da2593f388cd803b4f283e09218fc1c5de90087b585c,2024-08-07 00:00:01+00:00,0.9665,0.25188224072806553,0.6889795072030035,21.27941278201864,True,False
0x642926331d650ed2e4e1da2593f388cd803b4f283e09218fc1c5de90087b585c,2024-08-08 00:00:01+00:00,0.9645,0.2491443899409334,0.7011824139130971,20.478607872811498,True,False
0x642926331d650ed2e4e1da2593f388cd803b4f283e09218fc1c5de90087b585c,2024-08-09 00:00:02+00:00,0.967,0.2464065074657135,0.6944396794389421,21.76176489107021,True,False
0x642926331d650ed2e4e1da2593f388cd803b4f283e09218fc1c5de90087b585c,2024-08-10 00:00:02+00:00,0.9715,0.2436686566785814,0.6781286847065439,24.49201125792253,True,False
0x642926331d650ed2e4e1da2593f388cd803b4f283e09218fc1c5de90087b585c,2024-08-11 00:00:01+00:00,0.973,0.2409308375795371,0.6748711895280917,25.688827586619887,True,False
0x642926331d650ed2e4e1da2593f388cd803b4f283e09218fc1c5de90087b585c,2024-08-12 00:00:01+00:00,0.9725,0.238192986792405,0.681139240913431,25.469099917305233,True,False
0x642926331d650ed2e4e1da2593f388cd803b4f283e09218fc1c5de90087b585c,2024-08-13 00:00:02+00:00,0.977,0.23545510431718508,0.6625155591283194,29.48313644823634,True,False
0x642926331d650ed2e4e1da2593f388cd803b4f283e09218fc1c5de90087b585c,2024-08-14 00:00:02+00:00,0.9745,0.232717253530053,0.6792586485287794,27.334627049720027,True,False
0x642926331d650ed2e4e1da2593f388cd803b4f283e09218fc1c5de90087b585c,2024-08-15 00:00:02+00:00,0.9785,0.2299794027429209,0.6622554092868975,31.479383930643657,True,False
0x642926331d650ed2e4e1da2593f388cd803b4f283e09218fc1c5de90087b585c,2024-08-16 00:00:02+00:00,0.983,0.22724155195578877,0.6398283667228908,38.28785630560052,True,False
0x642926331d650ed2e4e1da2593f388cd803b4f283e09218fc1c5de90087b585c,2024-08-17 00:00:02+00:00,0.985,0.22450370116865667,0.6306929388535543,42.68649332342157,True,False
0x642926331d650ed2e4e1da2593f388cd803b4f283e09218fc1c5de90087b585c,2024-08-18 00:00:02+00:00,0.979,0.22176585038152458,0.6715931007028448,32.66662292440509,True,False
0x642926331d650ed2e4e1da2593f388cd803b4f283e09218fc1c5de90087b585c,2024-08-19 00:00:02+00:00,0.9745,0.21902799959439248,0.7001637947082535,28.175888880501994,True,False
0x642926331d650ed2e4e1da2593f388cd803b4f283e09218fc1c5de90087b585c,2024-08-20 00:00:01+00:00,0.973,0.21629018049534818,0.7122766083665016,27.112656859902593,True,False
0x642926331d650ed2e4e1da2593f388cd803b4f283e09218fc1c5de90087b585c,2024-08-21 00:00:02+00:00,0.9575,0.21355229802012826,0.7876286244448797,19.35502686395036,True,False
0x642926331d650ed2e4e1da2593f388cd803b4f283e09218fc1c5de90087b585c,2024-08-22 00:00:02+00:00,0.952,0.21081444723299617,0.8152648092086655,17.841054123088778,True,False
0x642926331d650ed2e4e1da2593f388cd803b4f283e09218fc1c5de90087b585c,2024-08-23 00:00:02+00:00,0.9555,0.20807659644586407,0.8062985599787097,18.9629186431884,True,False
0x642926331d650ed2e4e1da2593f388cd803b4f283e09218fc1c5de90087b585c,2024-08-24 00:00:02+00:00,0.979,0.20533874565873197,0.6979400314363946,33.94815075812997,True,False
0x642926331d650ed2e4e1da2593f388cd803b4f283e09218fc1c5de90087b585c,2024-08-25 00:00:01+00:00,0.9755,0.20260092655968767,0.7225676633466331,30.233272873006374,True,False
0x642926331d650ed2e4e1da2593f388cd803b4f283e09218fc1c5de90087b585c,2024-08-26 00:00:02+00:00,0.9785,0.19986304408446776,0.7104012816308696,33.7679305833975,True,False
0x642926331d650ed2e4e1da2593f388cd803b4f283e09218fc1c5de90087b585c,2024-08-27 00:00:01+00:00,0.977,0.19712522498542348,0.7240674691415736,32.2223073802489,True,False
0x642926331d650ed2e4e1da2593f388cd803b4f283e09218fc1c5de90087b585c,2024-08-28 00:00:01+00:00,0.98,0.19438737419829138,0.711204777256874,36.28595802330987,True,False
0x642926331d650ed2e4e1da2593f388cd803b4f283e09218fc1c5de90087b585c,2024-08-29 00:00:02+00:00,0.9805,0.19164949172307147,0.7131216415365049,37.29764466253514,True,False
0x642926331d650ed2e4e1da2593f388cd803b4f283e09218fc1c5de90087b585c,2024-08-30 00:00:02+00:00,0.978,0.18891164093593937,0.7337161639696369,34.10095575244638,True,False
0x642926331d650ed2e4e1da2593f388cd803b4f283e09218fc1c5de90087b585c,2024-08-31 00:00:02+00:00,0.9865,0.18617379014880725,0.6811401445542296,51.14528689562664,True,False
0x642926331d650ed2e4e1da2593f388cd803b4f283e09218fc1c5de90087b585c,2024-09-01 00:00:02+00:00,0.989,0.18343593936167515,0.6652308069843001,61.14815764172254,True,False
0x642926331d650ed2e4e1da2593f388cd803b4f283e09218fc1c5de90087b585c,2024-09-02 00:00:02+00:00,0.9885,0.18069808857454306,0.6746861232549433,59.350893822871356,True,False
0x642926331d650ed2e4e1da2593f388cd803b4f283e09218fc1c5de90087b585c,2024-09-03 00:00:02+00:00,0.988,0.17796023778741096,0.6842121996611071,57.710205774384825,True,False
0x642926331d650ed2e4e1da2593f388cd803b4f283e09218fc1c5de90087b585c,2024-09-04 00:00:02+00:00,0.9895,0.17522238700027887,0.6760174732287113,65.06580747647578,True,False
0x642926331d650ed2e4e1da2593f388cd803b4f283e09218fc1c5de90087b585c,2024-09-05 00:00:02+00:00,0.9885,0.17248453621314674,0.6905632688967286,60.74757704002386,True,False
0x642926331d650ed2e4e1da2593f388cd803b4f283e09218fc1c5de90087b585c,2024-09-06 00:00:02+00:00,0.9865,0.16974668542601465,0.7133375665978776,53.562919156605275,True,False
0x642926331d650ed2e4e1da2593f388cd803b4f283e09218fc1c5de90087b585c,2024-09-07 00:00:02+00:00,0.9885,0.16700883463888255,0.7017926804687894,61.73540766367945,True,False
0x642926331d650ed2e4e1da2593f388cd803b4f283e09218fc1c5de90087b585c,2024-09-08 00:00:02+00:00,0.988,0.16427098385175046,0.7121506468102027,60.0666874839914,True,False
0x642926331d650ed2e4e1da2593f388cd803b4f283e09218fc1c5de90087b585c,2024-09-09 00:00:01+00:00,0.9895,0.16153316475270615,0.704079770847327,67.76676732811954,True,False
0x642926331d650ed2e4e1da2593f388cd803b4f283e09218fc1c5de90087b585c,2024-09-10 00:00:02+00:00,0.9865,0.15879528227748624,0.7375253451547904,55.379125239232806,True,False
0x642926331d650ed2e4e1da2593f388cd803b4f283e09218fc1c5de90087b585c,2024-09-11 00:00:01+00:00,0.983,0.15605746317844196,0.7720849597460888,46.202199733474245,True,False
0x642926331d650ed2e4e1da2593f388cd803b4f283e09218fc1c5de90087b585c,2024-09-12 00:00:02+00:00,0.996,0.15331958070322205,0.637485102660489,160.01132094891778,True,False
0x642926331d650ed2e4e1da2593f388cd803b4f283e09218fc1c5de90087b585c,2024-09-13 00:00:02+00:00,0.996,0.15058172991608995,0.643254318622051,161.45941732481185,True,False
0x642926331d650ed2e4e1da2593f388cd803b4f283e09218fc1c5de90087b585c,2024-09-14 00:00:02+00:00,0.9955,0.14784387912895786,0.6582552731802921,146.94018040745567,True,False
0x642926331d650ed2e4e1da2593f388cd803b4f283e09218fc1c5de90087b585c,2024-09-15 00:00:02+00:00,0.9935,0.14510602834182573,0.6955129920501393,107.70206218112263,True,False
0x642926331d650ed2e4e1da2593f388cd803b4f283e09218fc1c5de90087b585c,2024-09-16 00:00:02+00:00,0.9935,0.14236817755469364,0.7021687733673931,108.7327278645656,True,False
0x642926331d650ed2e4e1da2593f388cd803b4f283e09218fc1c5de90087b585c,2024-09-17 00:00:02+00:00,0.993,0.13963032676756154,0.7159197687315894,102.99521921041415,True,False
0x642926331d650ed2e4e1da2593f388cd803b4f283e09218fc1c5de90087b585c,2024-09-18 00:00:02+00:00,0.9915,0.13689247598042945,0.7422380657365343,88.07072655649948,True,False
0x67a072e839762191a7931e405923110d52343ef6dc1d61cfc0720233951c03e4,2024-05-02 00:00:03+00:00,0.947,0.11225178720815271,1.1442032837969733,22.796981207725935,False,False
0x67a072e839762191a7931e405923110d52343ef6dc1d61cfc0720233951c03e4,2024-05-03 00:00:03+00:00,0.9465,0.10951393642102061,1.1610942824398065,22.92942088540282,False,False
0x67a072e839762191a7931e405923110d52343ef6dc1d61cfc0720233951c03e4,2024-05-04 00:00:03+00:00,0.932,0.1067760856338885,1.251253329969972,19.743330755648397,False,False
0x67a072e839762191a7931e405923110d52343ef6dc1d61cfc0720233951c03e4,2024-05-05 00:00:03+00:00,0.9325,0.10403823484675641,1.265066654613502,20.098368060585873,False,False
0x67a072e839762191a7931e405923110d52343ef6dc1d61cfc0720233951c03e4,2024-05-06 00:00:02+00:00,0.9355,0.10130041574771212,1.2664625481319547,20.988859717382898,False,False
0x67a072e839762191a7931e405923110d52343ef6dc1d61cfc0720233951c03e4,2024-05-07 00:00:02+00:00,0.936,0.09856256496058002,1.2812774419649127,21.388846186647196,False,False
0x67a072e839762191a7931e405923110d52343ef6dc1d61cfc0720233951c03e4,2024-05-08 00:00:03+00:00,0.938,0.09582468248536011,1.2886198246116223,22.157985841729506,False,False
0x67a072e839762191a7931e405923110d52343ef6dc1d61cfc0720233951c03e4,2024-05-09 00:00:03+00:00,0.9395,0.093086831698228,1.2991173114622376,22.85578862437357,False,False
0x67a072e839762191a7931e405923110d52343ef6dc1d61cfc0720233951c03e4,2024-05-10 00:00:03+00:00,0.9385,0.0903489809110959,1.3242882419736384,22.944211130434542,False,False
0x67a072e839762191a7931e405923110d52343ef6dc1d61cfc0720233951c03e4,2024-05-11 00:00:04+00:00,0.943,0.08761109843587599,1.3188304256662637,24.53592353009735,False,False
0x67a072e839762191a7931e405923110d52343ef6dc1d61cfc0720233951c03e4,2024-05-12 00:00:03+00:00,0.943,0.0848732793368317,1.3399328335406857,24.928519163191098,False,False
0x67a072e839762191a7931e405923110d52343ef6dc1d61cfc0720233951c03e4,2024-05-13 00:00:04+00:00,0.943,0.08213539686161178,1.3620822723743633,25.340594079633163,False,False
0x67a072e839762191a7931e405923110d52343ef6dc1d61cfc0720233951c03e4,2024-05-14 00:00:03+00:00,0.948,0.07939757776256749,1.3541739600126763,27.470260467637843,False,False
0x67a072e839762191a7931e405923110d52343ef6dc1d61cfc0720233951c03e4,2024-05-15 00:00:04+00:00,0.937,0.07665969528734758,1.4467917377352815,24.509016241217033,False,False
0x67a072e839762191a7931e405923110d52343ef6dc1d61cfc0720233951c03e4,2024-05-16 00:00:04+00:00,0.958,0.07392184450021548,1.335159388285456,33.18320380468871,True,False
0x67a072e839762191a7931e405923110d52343ef6dc1d61cfc0720233951c03e4,2024-05-17 00:00:03+00:00,0.9645,0.07118402540117119,1.3117929717606065,38.3119903550875,True,False
0x67a072e839762191a7931e405923110d52343ef6dc1d61cfc0720233951c03e4,2024-05-18 00:00:03+00:00,0.965,0.0684461746140391,1.3337898331987317,39.49044657879291,True,False
0x67a072e839762191a7931e405923110d52343ef6dc1d61cfc0720233951c03e4,2024-05-19 00:00:03+00:00,0.9655,0.06570832382690699,1.3572043314515125,40.744957000623344,True,False
0x67a072e839762191a7931e405923110d52343ef6dc1d61cfc0720233951c03e4,2024-05-20 00:00:03+00:00,0.967,0.06297047303977489,1.3737007539730484,43.047875465295576,True,False
0x67a072e839762191a7931e405923110d52343ef6dc1d61cfc0720233951c03e4,2024-05-21 00:00:03+00:00,0.967,0.06023262225264279,1.4045743368791648,44.0153657635036,True,False
0x67a072e839762191a7931e405923110d52343ef6dc1d61cfc0720233951c03e4,2024-05-22 00:00:03+00:00,0.9675,0.057494771465510686,1.4331400842260908,45.57789971698961,True,False
0x67a072e839762191a7931e405923110d52343ef6dc1d61cfc0720233951c03e4,2024-05-23 00:00:03+00:00,0.9695,0.05475692067837858,1.4498099942880254,49.03017422494362,True,False
0x67a072e839762191a7931e405923110d52343ef6dc1d61cfc0720233951c03e4,2024-05-24 00:00:03+00:00,0.972,0.05201906989124648,1.4626278944924789,53.741471725914074,True,False
0x67a072e839762191a7931e405923110d52343ef6dc1d61cfc0720233951c03e4,2024-05-25 00:00:03+00:00,0.9725,0.04928121910411438,1.497475289964908,55.99346725739321,True,False
0x67a072e839762191a7931e405923110d52343ef6dc1d61cfc0720233951c03e4,2024-05-26 00:00:03+00:00,0.97,0.04654336831698228,1.5673691341845286,53.86148227438238,True,False
0x67a072e839762191a7931e405923110d52343ef6dc1d61cfc0720233951c03e4,2024-05-27 00:00:03+00:00,0.972,0.04380551752985018,1.593862069103425,58.56342111638094,True,False
0x67a072e839762191a7931e405923110d52343ef6dc1d61cfc0720233951c03e4,2024-05-28 00:00:03+00:00,0.9735,0.04106766674271808,1.6287881254092151,63.13682880907122,True,False
0x67a072e839762191a7931e405923110d52343ef6dc1d61cfc0720233951c03e4,2024-05-29 00:00:04+00:00,0.972,0.03832978426749816,1.7039111925566885,62.60696621680949,True,False
0x67a072e839762191a7931e405923110d52343ef6dc1d61cfc0720233951c03e4,2024-05-30 00:00:03+00:00,0.9715,0.03559196516845387,1.7743364161330029,64.0838065979722,True,False
0x67a072e839762191a7931e405923110d52343ef6dc1d61cfc0720233951c03e4,2024-05-31 00:00:03+00:00,0.971,0.032854114381321776,1.853089904319314,65.80808637804299,True,False
0x67a072e839762191a7931e405923110d52343ef6dc1d61cfc0720233951c03e4,2024-06-01 00:00:03+00:00,0.965,0.030116263594189674,2.0107656071545765,59.534140848396,True,False
0x67a072e839762191a7931e405923110d52343ef6dc1d61cfc0720233951c03e4,2024-06-02 00:00:03+00:00,0.9695,0.02737841280705757,2.0503427365999247,69.33919754478569,True,False
0x67a072e839762191a7931e405923110d52343ef6dc1d61cfc0720233951c03e4,2024-06-03 00:00:03+00:00,0.9715,0.02464056201992547,2.1324882418002002,77.01919591878006,True,False
0x67a072e839762191a7931e405923110d52343ef6dc1d61cfc0720233951c03e4,2024-06-04 00:00:02+00:00,0.97,0.021902742920881183,2.2848144779549875,78.51596144175208,True,False
0x67a072e839762191a7931e405923110d52343ef6dc1d61cfc0720233951c03e4,2024-06-05 00:00:02+00:00,0.9715,0.01916489213374908,2.4180137172141576,87.33153532570036,True,False
0x67a072e839762191a7931e405923110d52343ef6dc1d61cfc0720233951c03e4,2024-06-06 00:00:03+00:00,0.9655,0.016427009658529165,2.714414553574777,81.49009084651726,True,False
0x67a072e839762191a7931e405923110d52343ef6dc1d61cfc0720233951c03e4,2024-06-07 00:00:02+00:00,0.9405,0.013689190559484879,3.373138996605986,60.27794971575081,False,False
0x67a072e839762191a7931e405923110d52343ef6dc1d61cfc0720233951c03e4,2024-06-08 00:00:02+00:00,0.9585,0.010951339772352776,3.459578343574409,86.97270065738788,True,False
0x67a072e839762191a7931e405923110d52343ef6dc1d61cfc0720233951c03e4,2024-06-09 00:00:03+00:00,0.9705,0.008213457297132862,3.7186983225578563,129.8893047462119,True,False
0x67a072e839762191a7931e405923110d52343ef6dc1d61cfc0720233951c03e4,2024-06-10 00:00:04+00:00,0.965,0.005475574821912946,4.715710484196287,139.6213318784984,True,False
0x67a072e839762191a7931e405923110d52343ef6dc1d61cfc0720233951c03e4,2024-06-11 00:00:02+00:00,0.968,0.002737787410956473,6.546835940186065,211.3518833996016,True,False
0x67a072e839762191a7931e405923110d52343ef6dc1d61cfc0720233951c03e4,2024-06-12 00:00:03+00:00,0.9755,0.0,,,True,False
0x692cf1efb4aeb95f38a02b2b06085fee7f0e531967e12b996d4a1efeb1d570cf,2023-06-13 00:00:02+00:00,0.3,0.11498966968337263,5.347402616722837,25.463821984394464,False,False
0x692cf1efb4aeb95f38a02b2b06085fee7f0e531967e12b996d4a1efeb1d570cf,2023-06-14 00:00:02+00:00,0.29,0.11225181889624053,5.534732894036616,26.88068428381067,False,False
0x692cf1efb4aeb95f38a02b2b06085fee7f0e531967e12b996d4a1efeb1d570cf,2023-06-15 00:00:02+00:00,0.335,0.10951396810910842,5.071495726243673,22.765102575440118,False,False
0x692cf1efb4aeb95f38a02b2b06085fee7f0e531967e12b996d4a1efeb1d570cf,2023-06-16 00:00:02+00:00,0.325,0.10677611732197632,5.2501890956344965,23.932485906026194,False,False
0x692cf1efb4aeb95f38a02b2b06085fee7f0e531967e12b996d4a1efeb1d570cf,2023-06-17 00:00:02+00:00,0.3,0.10403826653484421,5.621804563669493,26.770497922235684,False,False
0x692cf1efb4aeb95f38a02b2b06085fee7f0e531967e12b996d4a1efeb1d570cf,2023-06-18 00:00:02+00:00,0.28,0.10130041574771212,5.95899985463141,29.55853102495739,False,False
0x692cf1efb4aeb95f38a02b2b06085fee7f0e531967e12b996d4a1efeb1d570cf,2023-06-19 00:00:02+00:00,0.275,0.09856256496058002,6.110013652129135,30.64583649970726,False,False
0x692cf1efb4aeb95f38a02b2b06085fee7f0e531967e12b996d4a1efeb1d570cf,2023-06-20 00:00:02+00:00,0.295,0.09582471417344791,5.92360925158981,28.482313987689913,False,False
0x692cf1efb4aeb95f38a02b2b06085fee7f0e531967e12b996d4a1efeb1d570cf,2023-06-21 00:00:02+00:00,0.3,0.09308686338631582,5.943306108677528,28.30145766036918,False,False
0x692cf1efb4aeb95f38a02b2b06085fee7f0e531967e12b996d4a1efeb1d570cf,2023-06-22 00:00:02+00:00,0.285,0.09034901259918371,6.239014239073593,30.617172072499535,False,False
0x692cf1efb4aeb95f38a02b2b06085fee7f0e531967e12b996d4a1efeb1d570cf,2023-06-23 00:00:02+00:00,0.265,0.08761116181205161,6.630012293912958,34.03933920633016,False,False
0x692cf1efb4aeb95f38a02b2b06085fee7f0e531967e12b996d4a1efeb1d570cf,2023-06-24 00:00:02+00:00,0.275,0.08487331102491952,6.584345425702812,33.02493003487304,False,False
0x692cf1efb4aeb95f38a02b2b06085fee7f0e531967e12b996d4a1efeb1d570cf,2023-06-25 00:00:02+00:00,0.275,0.08213546023778741,6.693185038261786,33.57083404770802,False,False
0x692cf1efb4aeb95f38a02b2b06085fee7f0e531967e12b996d4a1efeb1d570cf,2023-06-26 00:00:02+00:00,0.275,0.07939760945065531,6.807606836690137,34.14473648496621,False,False
0x692cf1efb4aeb95f38a02b2b06085fee7f0e531967e12b996d4a1efeb1d570cf,2023-06-27 00:00:02+00:00,0.28,0.0766597586635232,6.850074027510806,33.978541803129,False,False
0x692cf1efb4aeb95f38a02b2b06085fee7f0e531967e12b996d4a1efeb1d570cf,2023-06-28 00:00:02+00:00,0.275,0.07392190787639111,7.055236809709668,35.386767697603354,False,False
0x692cf1efb4aeb95f38a02b2b06085fee7f0e531967e12b996d4a1efeb1d570cf,2023-06-29 00:00:02+00:00,0.23,0.07118405708925901,7.979204278226042,45.05479547276139,False,False
0x692cf1efb4aeb95f38a02b2b06085fee7f0e531967e12b996d4a1efeb1d570cf,2023-06-30 00:00:02+00:00,0.125,0.0684462063021269,10.688826978128288,97.72641808574436,False,False
0x692cf1efb4aeb95f38a02b2b06085fee7f0e531967e12b996d4a1efeb1d570cf,2023-07-01 00:00:02+00:00,0.155,0.0657083555149948,10.025430269416573,76.54460980657814,False,False
0x692cf1efb4aeb95f38a02b2b06085fee7f0e531967e12b996d4a1efeb1d570cf,2023-07-02 00:00:02+00:00,0.145,0.0629705047278627,10.524978091877072,84.89597170298103,False,False
0x692cf1efb4aeb95f38a02b2b06085fee7f0e531967e12b996d4a1efeb1d570cf,2023-07-03 00:00:02+00:00,0.145,0.0602326539407306,10.761524234617678,86.8039865667891,False,False
0x692cf1efb4aeb95f38a02b2b06085fee7f0e531967e12b996d4a1efeb1d570cf,2023-07-04 00:00:02+00:00,0.145,0.0574948031535985,11.01477149408899,88.84671501584182,False,False
0x692cf1efb4aeb95f38a02b2b06085fee7f0e531967e12b996d4a1efeb1d570cf,2023-07-05 00:00:02+00:00,0.17,0.054756952366466397,10.554012704694143,74.79810563213425,False,False
0x692cf1efb4aeb95f38a02b2b06085fee7f0e531967e12b996d4a1efeb1d570cf,2023-07-06 00:00:02+00:00,0.11,0.052019101579334294,12.83217654815525,131.07432633457864,False,False
0x692cf1efb4aeb95f38a02b2b06085fee7f0e531967e12b996d4a1efeb1d570cf,2023-07-07 00:00:02+00:00,0.07,0.0492812507922022,15.152287934875663,232.7540389381822,False,False
0x692cf1efb4aeb95f38a02b2b06085fee7f0e531967e12b996d4a1efeb1d570cf,2023-07-08 00:00:02+00:00,0.065,0.046543400005070096,15.908659616094845,261.7632186934569,False,False
0x692cf1efb4aeb95f38a02b2b06085fee7f0e531967e12b996d4a1efeb1d570cf,2023-07-09 00:00:02+00:00,0.06,0.04380554921793799,16.746761507504864,296.9283955231359,False,False
0x692cf1efb4aeb95f38a02b2b06085fee7f0e531967e12b996d4a1efeb1d570cf,2023-07-10 00:00:02+00:00,0.065,0.04106769843080589,16.93606299075478,278.66825159612966,False,False
0x692cf1efb4aeb95f38a02b2b06085fee7f0e531967e12b996d4a1efeb1d570cf,2023-07-11 00:00:02+00:00,0.06,0.03832984764367379,17.903042964120655,317.4298397893734,False,False
0x692cf1efb4aeb95f38a02b2b06085fee7f0e531967e12b996d4a1efeb1d570cf,2023-07-12 00:00:02+00:00,0.07,0.035591996856541686,17.829653299193875,273.88100305981374,False,False
0x692cf1efb4aeb95f38a02b2b06085fee7f0e531967e12b996d4a1efeb1d570cf,2023-07-13 00:00:02+00:00,0.055,0.03285414606940959,19.76896807559984,380.3553261298671,False,False
0x692cf1efb4aeb95f38a02b2b06085fee7f0e531967e12b996d4a1efeb1d570cf,2023-07-14 00:00:02+00:00,0.055,0.030116295282277487,,,False,False
0x692cf1efb4aeb95f38a02b2b06085fee7f0e531967e12b996d4a1efeb1d570cf,2023-07-15 00:00:02+00:00,0.04,0.027378444495145385,,,True,False
0x692cf1efb4aeb95f38a02b2b06085fee7f0e531967e12b996d4a1efeb1d570cf,2023-07-16 00:00:02+00:00,0.04,0.024640593708013282,,,True,False
0x692cf1efb4aeb95f38a02b2b06085fee7f0e531967e12b996d4a1efeb1d570cf,2023-07-17 00:00:02+00:00,0.04,0.021902742920881183,,,True,False
0x692cf1efb4aeb95f38a02b2b06085fee7f0e531967e12b996d4a1efeb1d570cf,2023-07-18 00:00:02+00:00,0.055,0.01916489213374908,,,False,False
0x692cf1efb4aeb95f38a02b2b06085fee7f0e531967e12b996d4a1efeb1d570cf,2023-07-19 00:00:02+00:00,0.025,0.016427041346616978,,,True,False
0x692cf1efb4aeb95f38a02b2b06085fee7f0e531967e12b996d4a1efeb1d570cf,2023-07-20 00:00:02+00:00,0.03,0.013689190559484879,,,True,False
0x692cf1efb4aeb95f38a02b2b06085fee7f0e531967e12b996d4a1efeb1d570cf,2023-07-21 00:00:02+00:00,0.025,0.010951339772352776,,,True,False
0x692cf1efb4aeb95f38a02b2b06085fee7f0e531967e12b996d4a1efeb1d570cf,2023-07-22 00:00:02+00:00,0.025,0.008213488985220676,,,True,False
0x692cf1efb4aeb95f38a02b2b06085fee7f0e531967e12b996d4a1efeb1d570cf,2023-07-23 00:00:02+00:00,0.025,0.005475638198088575,,,True,False
0x692cf1efb4aeb95f38a02b2b06085fee7f0e531967e12b996d4a1efeb1d570cf,2023-07-24 00:00:02+00:00,0.02,0.002737787410956473,,,True,False
0x692cf1efb4aeb95f38a02b2b06085fee7f0e531967e12b996d4a1efeb1d570cf,2023-07-25 00:00:03+00:00,0.02,0.0,,,True,False
0x692cf1efb4aeb95f38a02b2b06085fee7f0e531967e12b996d4a1efeb1d570cf,2023-07-26 00:00:02+00:00,0.015,0.0,,,True,False
0x70ee5e1d18a794f36d3c50b7215bd203e00f702d71fa0f0014466f98afe35a09,2024-02-01 00:00:02+00:00,0.485,0.12594107283190104,3.4254190626601813,13.714018867621585,False,False
0x70ee5e1d18a794f36d3c50b7215bd203e00f702d71fa0f0014466f98afe35a09,2024-02-02 00:00:02+00:00,0.485,0.12320322204476893,3.4632701654764246,13.865559665604742,False,False
0x70ee5e1d18a794f36d3c50b7215bd203e00f702d71fa0f0014466f98afe35a09,2024-02-03 00:00:02+00:00,0.485,0.12046537125763683,3.5024044243304253,14.022237711261837,False,False
0x70ee5e1d18a794f36d3c50b7215bd203e00f702d71fa0f0014466f98afe35a09,2024-02-04 00:00:03+00:00,0.485,0.11772748878241691,3.542896492560027,14.184351886938352,False,False
0x70ee5e1d18a794f36d3c50b7215bd203e00f702d71fa0f0014466f98afe35a09,2024-02-05 00:00:02+00:00,0.485,0.11498966968337263,3.584825261693013,14.352218043010762,False,False
0x70ee5e1d18a794f36d3c50b7215bd203e00f702d71fa0f0014466f98afe35a09,2024-02-06 00:00:02+00:00,0.485,0.11225181889624053,3.6282793000422906,14.52619077186384,False,False
0x70ee5e1d18a794f36d3c50b7215bd203e00f702d71fa0f0014466f98afe35a09,2024-02-07 00:00:02+00:00,0.485,0.10951396810910842,3.6733528467254617,14.706647369534428,False,False
0x70ee5e1d18a794f36d3c50b7215bd203e00f702d71fa0f0014466f98afe35a09,2024-02-08 00:00:02+00:00,0.49,0.10677611732197632,3.680753883860262,14.72890709828036,False,False
0x70ee5e1d18a794f36d3c50b7215bd203e00f702d71fa0f0014466f98afe35a09,2024-02-09 00:00:02+00:00,0.49,0.10403826653484421,3.72887038504402,14.921450120224169,False,False
0x70ee5e1d18a794f36d3c50b7215bd203e00f702d71fa0f0014466f98afe35a09,2024-02-10 00:00:03+00:00,0.49,0.10130038405962431,3.778925198338091,15.121749493149624,False,False
0x70ee5e1d18a794f36d3c50b7215bd203e00f702d71fa0f0014466f98afe35a09,2024-02-11 00:00:03+00:00,0.49,0.0985625332724922,3.8310508168085597,15.330335401394796,False,False
0x70ee5e1d18a794f36d3c50b7215bd203e00f702d71fa0f0014466f98afe35a09,2024-02-12 00:00:03+00:00,0.49,0.09582468248536011,3.885394731023874,15.54779804331282,False,False
0x70ee5e1d18a794f36d3c50b7215bd203e00f702d71fa0f0014466f98afe35a09,2024-02-13 00:00:02+00:00,0.49,0.09308686338631582,3.94211820900315,15.774782749112244,False,False
0x70ee5e1d18a794f36d3c50b7215bd203e00f702d71fa0f0014466f98afe35a09,2024-02-14 00:00:03+00:00,0.49,0.0903489809110959,4.001402251649575,16.012013812123147,False,False
0x70ee5e1d18a794f36d3c50b7215bd203e00f702d71fa0f0014466f98afe35a09,2024-02-15 00:00:03+00:00,0.49,0.08761113012396379,4.063443262404635,16.260277160482733,False,False
0x70ee5e1d18a794f36d3c50b7215bd203e00f702d71fa0f0014466f98afe35a09,2024-02-16 00:00:03+00:00,0.49,0.0848732793368317,4.128462555320454,16.520458404643673,False,False
0x70ee5e1d18a794f36d3c50b7215bd203e00f702d71fa0f0014466f98afe35a09,2024-02-17 00:00:02+00:00,0.04,0.08213546023778741,13.470231009930822,350.7872658836152,True,False
0x70ee5e1d18a794f36d3c50b7215bd203e00f702d71fa0f0014466f98afe35a09,2024-02-18 00:00:02+00:00,0.035,0.07939760945065531,14.099046739611708,417.4403179751801,True,False
0x70ee5e1d18a794f36d3c50b7215bd203e00f702d71fa0f0014466f98afe35a09,2024-02-19 00:00:02+00:00,0.035,0.0766597586635232,14.348606968653465,424.82922186982876,True,False
0x70ee5e1d18a794f36d3c50b7215bd203e00f702d71fa0f0014466f98afe35a09,2024-02-20 00:00:02+00:00,0.035,0.07392190787639111,14.61190634615303,432.6249103228136,True,False
0x70ee5e1d18a794f36d3c50b7215bd203e00f702d71fa0f0014466f98afe35a09,2024-02-21 00:00:03+00:00,0.04,0.07118402540117119,14.469353253823687,376.8060743183252,True,False
0x70ee5e1d18a794f36d3c50b7215bd203e00f702d71fa0f0014466f98afe35a09,2024-02-22 00:00:02+00:00,0.04,0.0684462063021269,14.75589989646265,384.26822647038153,True,False
0x70ee5e1d18a794f36d3c50b7215bd203e00f702d71fa0f0014466f98afe35a09,2024-02-23 00:00:02+00:00,0.0405,0.0657083555149948,15.01897813112665,386.4918876505034,True,False
0x70ee5e1d18a794f36d3c50b7215bd203e00f702d71fa0f0014466f98afe35a09,2024-02-24 00:00:02+00:00,0.0395,0.0629705047278627,15.42662486355489,406.60850067685976,True,False
0x70ee5e1d18a794f36d3c50b7215bd203e00f702d71fa0f0014466f98afe35a09,2024-02-25 00:00:02+00:00,0.035,0.0602326539407306,16.187413620856876,479.2720539113805,True,False
0x70ee5e1d18a794f36d3c50b7215bd203e00f702d71fa0f0014466f98afe35a09,2024-02-26 00:00:02+00:00,0.0345,0.0574948031535985,16.618266895084275,498.90097929537967,True,False
0x70ee5e1d18a794f36d3c50b7215bd203e00f702d71fa0f0014466f98afe35a09,2024-02-27 00:00:02+00:00,0.034,0.054756952366466397,17.080447811581248,520.0477350986862,True,False
0x70ee5e1d18a794f36d3c50b7215bd203e00f702d71fa0f0014466f98afe35a09,2024-02-28 00:00:03+00:00,0.034,0.05201906989124648,17.524175569893163,533.5578970251238,True,False
0x70ee5e1d18a794f36d3c50b7215bd203e00f702d71fa0f0014466f98afe35a09,2024-02-29 00:00:02+00:00,0.0345,0.0492812507922022,17.949781416157517,538.8746963323806,True,False
0x70ee5e1d18a794f36d3c50b7215bd203e00f702d71fa0f0014466f98afe35a09,2024-03-01 00:00:02+00:00,0.0345,0.046543400005070096,18.47017339755851,554.4975089143121,True,False
0x70ee5e1d18a794f36d3c50b7215bd203e00f702d71fa0f0014466f98afe35a09,2024-03-02 00:00:03+00:00,0.0335,0.04380551752985018,19.155168220048843,591.6151746198807,True,False
0x70ee5e1d18a794f36d3c50b7215bd203e00f702d71fa0f0014466f98afe35a09,2024-03-03 00:00:03+00:00,0.031,0.04106766674271808,,,True,False
0x70ee5e1d18a794f36d3c50b7215bd203e00f702d71fa0f0014466f98afe35a09,2024-03-04 00:00:03+00:00,0.0295,0.038329815955585975,,,True,False
0x70ee5e1d18a794f36d3c50b7215bd203e00f702d71fa0f0014466f98afe35a09,2024-03-05 00:00:03+00:00,0.029,0.03559196516845387,,,True,False
0x70ee5e1d18a794f36d3c50b7215bd203e00f702d71fa0f0014466f98afe35a09,2024-03-06 00:00:03+00:00,0.0255,0.032854114381321776,,,True,False
0x70ee5e1d18a794f36d3c50b7215bd203e00f702d71fa0f0014466f98afe35a09,2024-03-07 00:00:02+00:00,0.026,0.030116295282277487,,,True,False
0x70ee5e1d18a794f36d3c50b7215bd203e00f702d71fa0f0014466f98afe35a09,2024-03-08 00:00:02+00:00,0.026,0.027378444495145385,,,True,False
0x70ee5e1d18a794f36d3c50b7215bd203e00f702d71fa0f0014466f98afe35a09,2024-03-09 00:00:03+00:00,0.022,0.02464056201992547,,,True,False
0x70ee5e1d18a794f36d3c50b7215bd203e00f702d71fa0f0014466f98afe35a09,2024-03-10 00:00:02+00:00,0.022,0.021902742920881183,,,True,False
0x70ee5e1d18a794f36d3c50b7215bd203e00f702d71fa0f0014466f98afe35a09,2024-03-11 00:00:02+00:00,0.0215,0.01916489213374908,,,True,False
0x70ee5e1d18a794f36d3c50b7215bd203e00f702d71fa0f0014466f98afe35a09,2024-03-12 00:00:02+00:00,0.0195,0.016427041346616978,,,True,False
0x70ee5e1d18a794f36d3c50b7215bd203e00f702d71fa0f0014466f98afe35a09,2024-03-13 00:00:03+00:00,0.012,0.013689158871397064,,,True,False
0x70ee5e1d18a794f36d3c50b7215bd203e00f702d71fa0f0014466f98afe35a09,2024-03-14 00:00:03+00:00,0.012,0.010951308084264963,,,True,False
0x70ee5e1d18a794f36d3c50b7215bd203e00f702d71fa0f0014466f98afe35a09,2024-03-15 00:00:03+00:00,0.012,0.008213457297132862,,,True,False
0x70ee5e1d18a794f36d3c50b7215bd203e00f702d71fa0f0014466f98afe35a09,2024-03-16 00:00:02+00:00,0.011,0.005475638198088575,,,True,False
0x70ee5e1d18a794f36d3c50b7215bd203e00f702d71fa0f0014466f98afe35a09,2024-03-17 00:00:03+00:00,0.007,0.002737755722868659,,,True,False
0x70ee5e1d18a794f36d3c50b7215bd203e00f702d71fa0f0014466f98afe35a09,2024-03-18 00:00:03+00:00,0.009,0.0,,,True,False
0x70ee5e1d18a794f36d3c50b7215bd203e00f702d71fa0f0014466f98afe35a09,2024-03-19 00:00:02+00:00,0.009,0.0,,,True,False
0x70ee5e1d18a794f36d3c50b7215bd203e00f702d71fa0f0014466f98afe35a09,2024-03-20 00:00:03+00:00,0.0075,0.0,,,True,False
0x70ee5e1d18a794f36d3c50b7215bd203e00f702d71fa0f0014466f98afe35a09,2024-03-21 00:00:03+00:00,0.0045,0.0,,,True,False
0x814f5f4ed96cc3666fc05923f42bb1fd7f9c436dfc923d06a624904bbe0b05f8,2023-05-04 00:00:54+00:00,0.5,0.10951232032854209,3.5579204851569113,14.231681940627645,False,False
0x814f5f4ed96cc3666fc05923f42bb1fd7f9c436dfc923d06a624904bbe0b05f8,2023-05-05 00:00:04+00:00,0.15,0.1067760539458007,7.972149504353837,62.526662779245775,False,False
0x814f5f4ed96cc3666fc05923f42bb1fd7f9c436dfc923d06a624904bbe0b05f8,2023-05-06 00:00:12+00:00,0.535,0.10403794965396608,3.388127508785684,13.619244332371357,False,False
0x814f5f4ed96cc3666fc05923f42bb1fd7f9c436dfc923d06a624904bbe0b05f8,2023-05-07 00:00:24+00:00,0.17,0.10129971860978021,7.759489099088831,54.99283557114692,False,False
0x814f5f4ed96cc3666fc05923f42bb1fd7f9c436dfc923d06a624904bbe0b05f8,2023-05-08 00:00:41+00:00,0.175,0.09856132912515528,7.765175218843185,53.78476342055886,False,False
0x814f5f4ed96cc3666fc05923f42bb1fd7f9c436dfc923d06a624904bbe0b05f8,2023-05-09 00:00:08+00:00,0.15,0.09582452404492103,8.41538583444615,66.00302615251883,False,False
0x814f5f4ed96cc3666fc05923f42bb1fd7f9c436dfc923d06a624904bbe0b05f8,2023-05-10 00:00:45+00:00,0.17,0.09308550079853982,8.094615551436,57.36793445383416,False,False
0x814f5f4ed96cc3666fc05923f42bb1fd7f9c436dfc923d06a624904bbe0b05f8,2023-05-11 00:00:36+00:00,0.135,0.09034793520419804,9.037404180148728,77.39160077198653,False,False
0x814f5f4ed96cc3666fc05923f42bb1fd7f9c436dfc923d06a624904bbe0b05f8,2023-05-12 00:00:54+00:00,0.12,0.08760951403148529,9.589488104326527,90.80954644248605,False,False
0x814f5f4ed96cc3666fc05923f42bb1fd7f9c436dfc923d06a624904bbe0b05f8,2023-05-13 00:00:42+00:00,0.185,0.08487204350140695,8.156867042269946,54.0995990201953,False,False
0x814f5f4ed96cc3666fc05923f42bb1fd7f9c436dfc923d06a624904bbe0b05f8,2023-05-15 00:00:02+00:00,0.175,0.07939760945065531,8.651687460560492,59.92510795193415,False,False
0x814f5f4ed96cc3666fc05923f42bb1fd7f9c436dfc923d06a624904bbe0b05f8,2023-05-16 00:00:23+00:00,0.18,0.07665909321367911,8.6925388420374,58.892539580199184,False,False
0x814f5f4ed96cc3666fc05923f42bb1fd7f9c436dfc923d06a624904bbe0b05f8,2023-05-17 00:00:23+00:00,0.18,0.07392124242654702,8.852049830746587,59.97323733568148,False,False
0x814f5f4ed96cc3666fc05923f42bb1fd7f9c436dfc923d06a624904bbe0b05f8,2023-05-18 00:00:02+00:00,0.185,0.07118405708925901,8.906649139950925,59.072453257840664,False,False
0x814f5f4ed96cc3666fc05923f42bb1fd7f9c436dfc923d06a624904bbe0b05f8,2023-05-19 00:00:02+00:00,0.32,0.0684462063021269,6.630166596935265,30.46951561091574,False,False
0x814f5f4ed96cc3666fc05923f42bb1fd7f9c436dfc923d06a624904bbe0b05f8,2023-05-20 00:00:02+00:00,0.225,0.0657083555149948,8.404283884965858,48.19661009299417,False,False
0x814f5f4ed96cc3666fc05923f42bb1fd7f9c436dfc923d06a624904bbe0b05f8,2023-05-21 00:00:02+00:00,0.225,0.0629705047278627,8.58504203213255,49.233215954882006,False,False
0x814f5f4ed96cc3666fc05923f42bb1fd7f9c436dfc923d06a624904bbe0b05f8,2023-05-22 00:00:02+00:00,0.2,0.0602326539407306,9.326337689453625,58.28961055908515,False,False
0x814f5f4ed96cc3666fc05923f42bb1fd7f9c436dfc923d06a624904bbe0b05f8,2023-05-23 00:00:02+00:00,0.185,0.0574948031535985,9.910405327050382,65.7297650608548,False,False
0x814f5f4ed96cc3666fc05923f42bb1fd7f9c436dfc923d06a624904bbe0b05f8,2023-05-24 00:00:02+00:00,0.2,0.054756952366466397,9.781546004323822,61.13466252702388,False,False
0x814f5f4ed96cc3666fc05923f42bb1fd7f9c436dfc923d06a624904bbe0b05f8,2023-05-25 00:00:02+00:00,0.25,0.052019101579334294,8.90668354681687,47.50231224968997,False,False
0x814f5f4ed96cc3666fc05923f42bb1fd7f9c436dfc923d06a624904bbe0b05f8,2023-05-26 00:00:02+00:00,0.575,0.0492812507922022,4.519870233723077,18.495632669966557,False,False
0x814f5f4ed96cc3666fc05923f42bb1fd7f9c436dfc923d06a624904bbe0b05f8,2023-05-27 00:00:02+00:00,0.61,0.046543400005070096,4.314325829668973,18.135039216767435,False,False
0x814f5f4ed96cc3666fc05923f42bb1fd7f9c436dfc923d06a624904bbe0b05f8,2023-05-28 00:00:02+00:00,0.63,0.04380554921793799,4.259145274203508,18.271751498084548,False,False
0x814f5f4ed96cc3666fc05923f42bb1fd7f9c436dfc923d06a624904bbe0b05f8,2023-05-29 00:00:02+00:00,0.44,0.04106769843080589,6.602553735972133,26.796078473912875,False,False
0x814f5f4ed96cc3666fc05923f42bb1fd7f9c436dfc923d06a624904bbe0b05f8,2023-05-30 00:00:02+00:00,0.59,0.03832984764367379,4.962971390913092,20.516624187321586,False,False
0x814f5f4ed96cc3666fc05923f42bb1fd7f9c436dfc923d06a624904bbe0b05f8,2023-05-31 00:00:02+00:00,0.625,0.035591996856541686,4.776490529144226,20.3796929243487,False,False
0x814f5f4ed96cc3666fc05923f42bb1fd7f9c436dfc923d06a624904bbe0b05f8,2023-06-01 00:00:02+00:00,0.29,0.03285414606940959,10.23053318182718,49.68690229153561,False,False
0x814f5f4ed96cc3666fc05923f42bb1fd7f9c436dfc923d06a624904bbe0b05f8,2023-06-02 00:00:02+00:00,0.275,0.030116295282277487,11.053438666458185,55.440444722047324,False,False
0x814f5f4ed96cc3666fc05923f42bb1fd7f9c436dfc923d06a624904bbe0b05f8,2023-06-03 00:00:02+00:00,0.19,0.027378444495145385,14.181714539040984,92.14889239142938,False,False
0x814f5f4ed96cc3666fc05923f42bb1fd7f9c436dfc923d06a624904bbe0b05f8,2023-06-04 00:00:02+00:00,0.195,0.024640593708013282,14.763259118108147,94.04847343913455,False,False
0x814f5f4ed96cc3666fc05923f42bb1fd7f9c436dfc923d06a624904bbe0b05f8,2023-06-05 00:00:02+00:00,0.225,0.021902742920881183,14.556660729999336,83.47905794981698,False,False
0x814f5f4ed96cc3666fc05923f42bb1fd7f9c436dfc923d06a624904bbe0b05f8,2023-06-06 00:00:02+00:00,0.2,0.01916489213374908,16.533848216296995,103.3365513518562,False,False
0x814f5f4ed96cc3666fc05923f42bb1fd7f9c436dfc923d06a624904bbe0b05f8,2023-06-07 00:00:02+00:00,0.19,0.016427041346616978,18.30852887044536,118.96380032778012,False,False
0x814f5f4ed96cc3666fc05923f42bb1fd7f9c436dfc923d06a624904bbe0b05f8,2023-06-08 00:00:02+00:00,0.215,0.013689190559484879,18.859913067295587,111.74589285910582,False,False
0x814f5f4ed96cc3666fc05923f42bb1fd7f9c436dfc923d06a624904bbe0b05f8,2023-06-09 00:00:02+00:00,0.21,0.010951339772352776,,,False,False
0x814f5f4ed96cc3666fc05923f42bb1fd7f9c436dfc923d06a624904bbe0b05f8,2023-06-10 00:00:02+00:00,0.205,0.008213488985220676,,,False,False
0x814f5f4ed96cc3666fc05923f42bb1fd7f9c436dfc923d06a624904bbe0b05f8,2023-06-11 00:00:02+00:00,0.205,0.005475638198088575,,,False,False
0x814f5f4ed96cc3666fc05923f42bb1fd7f9c436dfc923d06a624904bbe0b05f8,2023-06-12 00:00:02+00:00,0.19,0.002737787410956473,,,False,False
0x814f5f4ed96cc3666fc05923f42bb1fd7f9c436dfc923d06a624904bbe0b05f8,2023-06-13 00:00:02+00:00,0.21,0.0,,,False,False
0x814f5f4ed96cc3666fc05923f42bb1fd7f9c436dfc923d06a624904bbe0b05f8,2023-06-14 00:00:02+00:00,0.06,0.0,,,False,False
0x86797195cdde3c3a30e2b1b9503bc727fe787845228e9876ed9bc380aa021148,2024-05-02 00:00:03+00:00,0.045,0.11225178720815271,11.221157037035091,261.10894792402775,True,False
0x86797195cdde3c3a30e2b1b9503bc727fe787845228e9876ed9bc380aa021148,2024-05-03 00:00:03+00:00,0.03,0.10951393642102061,12.38855253704609,425.72345488130895,True,False
0x86797195cdde3c3a30e2b1b9503bc727fe787845228e9876ed9bc380aa021148,2024-05-04 00:00:03+00:00,0.0465,0.1067760856338885,11.418293621606306,257.52983905602576,True,False
0x86797195cdde3c3a30e2b1b9503bc727fe787845228e9876ed9bc380aa021148,2024-05-05 00:00:03+00:00,0.051,0.10403823484675641,11.316860986739895,233.82427295481097,False,False
0x86797195cdde3c3a30e2b1b9503bc727fe787845228e9876ed9bc380aa021148,2024-05-06 00:00:02+00:00,0.0495,0.10130041574771212,11.551281137244304,245.5120619608883,True,False
0x86797195cdde3c3a30e2b1b9503bc727fe787845228e9876ed9bc380aa021148,2024-05-07 00:00:02+00:00,0.0495,0.09856256496058002,11.710616781518182,248.8985973680664,True,False
0x86797195cdde3c3a30e2b1b9503bc727fe787845228e9876ed9bc380aa021148,2024-05-08 00:00:03+00:00,0.044,0.09582468248536011,12.207611371792032,290.215180957399,True,False
0x86797195cdde3c3a30e2b1b9503bc727fe787845228e9876ed9bc380aa021148,2024-05-09 00:00:03+00:00,0.048,0.093086831698228,12.138428116442523,265.63436879469805,True,False
0x86797195cdde3c3a30e2b1b9503bc727fe787845228e9876ed9bc380aa021148,2024-05-10 00:00:03+00:00,0.05,0.0903489809110959,12.201975202074435,256.8836884647249,False,False
0x86797195cdde3c3a30e2b1b9503bc727fe787845228e9876ed9bc380aa021148,2024-05-11 00:00:04+00:00,0.047,0.08761109843587599,12.574028996055231,280.7266860765607,True,False
0x86797195cdde3c3a30e2b1b9503bc727fe787845228e9876ed9bc380aa021148,2024-05-12 00:00:03+00:00,0.046,0.0848732793368317,12.839380058310478,292.5754274521575,True,False
0x86797195cdde3c3a30e2b1b9503bc727fe787845228e9876ed9bc380aa021148,2024-05-13 00:00:04+00:00,0.0475,0.08213539686161178,12.954232131547005,286.32092016128206,True,False
0x86797195cdde3c3a30e2b1b9503bc727fe787845228e9876ed9bc380aa021148,2024-05-14 00:00:03+00:00,0.047,0.07939757776256749,13.208405505786468,294.8897212785262,True,False
0x86797195cdde3c3a30e2b1b9503bc727fe787845228e9876ed9bc380aa021148,2024-05-15 00:00:04+00:00,0.042,0.07665969528734758,13.792798800032681,342.7974649575674,True,False
0x86797195cdde3c3a30e2b1b9503bc727fe787845228e9876ed9bc380aa021148,2024-05-16 00:00:04+00:00,0.0365,0.07392184450021548,14.482984877470136,411.82574595958334,True,False
0x86797195cdde3c3a30e2b1b9503bc727fe787845228e9876ed9bc380aa021148,2024-05-17 00:00:03+00:00,0.0275,0.07118402540117119,15.630173500938703,584.4421033302623,True,False
0x86797195cdde3c3a30e2b1b9503bc727fe787845228e9876ed9bc380aa021148,2024-05-18 00:00:03+00:00,0.027,0.0684461746140391,15.99608792663042,608.8876680229309,True,False
0x86797195cdde3c3a30e2b1b9503bc727fe787845228e9876ed9bc380aa021148,2024-05-19 00:00:03+00:00,0.0245,0.06570832382690699,16.62823014502921,695.7491247828622,True,False
0x86797195cdde3c3a30e2b1b9503bc727fe787845228e9876ed9bc380aa021148,2024-05-20 00:00:03+00:00,0.0215,0.06297047303977489,17.394702027162467,826.8328137354265,True,False
0x86797195cdde3c3a30e2b1b9503bc727fe787845228e9876ed9bc380aa021148,2024-05-21 00:00:03+00:00,0.022,0.06023262225264279,17.7125922157822,823.2288629755624,True,False
0x86797195cdde3c3a30e2b1b9503bc727fe787845228e9876ed9bc380aa021148,2024-05-22 00:00:03+00:00,0.0185,0.057494771465510686,18.687520489447078,1029.1759986477994,True,False
0x86797195cdde3c3a30e2b1b9503bc727fe787845228e9876ed9bc380aa021148,2024-05-23 00:00:03+00:00,0.0205,0.05475692067837858,18.811742924112874,936.8514510446033,True,False
0x86797195cdde3c3a30e2b1b9503bc727fe787845228e9876ed9bc380aa021148,2024-05-24 00:00:03+00:00,0.017,0.05201906989124648,19.92814164767571,1192.5164052226503,True,False
0x86797195cdde3c3a30e2b1b9503bc727fe787845228e9876ed9bc380aa021148,2024-05-25 00:00:03+00:00,0.0165,0.04928121910411438,,,True,False
0x86797195cdde3c3a30e2b1b9503bc727fe787845228e9876ed9bc380aa021148,2024-05-26 00:00:03+00:00,0.0195,0.04654336831698228,,,True,False
0x86797195cdde3c3a30e2b1b9503bc727fe787845228e9876ed9bc380aa021148,2024-05-27 00:00:03+00:00,0.0165,0.04380551752985018,,,True,False
0x86797195cdde3c3a30e2b1b9503bc727fe787845228e9876ed9bc380aa021148,2024-05-28 00:00:03+00:00,0.017,0.04106766674271808,,,True,False
0x86797195cdde3c3a30e2b1b9503bc727fe787845228e9876ed9bc380aa021148,2024-05-29 00:00:04+00:00,0.0185,0.03832978426749816,,,True,False
0x86797195cdde3c3a30e2b1b9503bc727fe787845228e9876ed9bc380aa021148,2024-05-30 00:00:03+00:00,0.0185,0.03559196516845387,,,True,False
0x86797195cdde3c3a30e2b1b9503bc727fe787845228e9876ed9bc380aa021148,2024-05-31 00:00:03+00:00,0.0205,0.032854114381321776,,,True,False
0x86797195cdde3c3a30e2b1b9503bc727fe787845228e9876ed9bc380aa021148,2024-06-01 00:00:03+00:00,0.0205,0.030116263594189674,,,True,False
0x86797195cdde3c3a30e2b1b9503bc727fe787845228e9876ed9bc380aa021148,2024-06-02 00:00:03+00:00,0.0215,0.02737841280705757,,,True,False
0x86797195cdde3c3a30e2b1b9503bc727fe787845228e9876ed9bc380aa021148,2024-06-03 00:00:03+00:00,0.022,0.02464056201992547,,,True,False
0x86797195cdde3c3a30e2b1b9503bc727fe787845228e9876ed9bc380aa021148,2024-06-04 00:00:02+00:00,0.021,0.021902742920881183,,,True,False
0x86797195cdde3c3a30e2b1b9503bc727fe787845228e9876ed9bc380aa021148,2024-06-05 00:00:02+00:00,0.0225,0.01916489213374908,,,True,False
0x86797195cdde3c3a30e2b1b9503bc727fe787845228e9876ed9bc380aa021148,2024-06-06 00:00:03+00:00,0.0245,0.016427009658529165,,,True,False
0x86797195cdde3c3a30e2b1b9503bc727fe787845228e9876ed9bc380aa021148,2024-06-07 00:00:02+00:00,0.0375,0.013689190559484879,,,True,False
0x86797195cdde3c3a30e2b1b9503bc727fe787845228e9876ed9bc380aa021148,2024-06-08 00:00:02+00:00,0.03,0.010951339772352776,,,True,False
0x86797195cdde3c3a30e2b1b9503bc727fe787845228e9876ed9bc380aa021148,2024-06-09 00:00:03+00:00,0.028,0.008213457297132862,,,True,False
0x86797195cdde3c3a30e2b1b9503bc727fe787845228e9876ed9bc380aa021148,2024-06-10 00:00:04+00:00,0.0325,0.005475574821912946,,,True,False
0x86797195cdde3c3a30e2b1b9503bc727fe787845228e9876ed9bc380aa021148,2024-06-11 00:00:02+00:00,0.0315,0.002737787410956473,,,True,False
0x86797195cdde3c3a30e2b1b9503bc727fe787845228e9876ed9bc380aa021148,2024-06-12 00:00:03+00:00,0.024,0.0,,,True,False
0x95153ddd005326dc5dcadbeccc51ffad40e0fa9dac5bd18b242b42eed61d3a6c,2023-12-09 00:00:02+00:00,0.525,0.14510602834182573,2.9306649087107233,11.75203973417834,False,False
0x95153ddd005326dc5dcadbeccc51ffad40e0fa9dac5bd18b242b42eed61d3a6c,2023-12-10 00:00:02+00:00,0.525,0.14236817755469364,2.9587102004155232,11.864502056804104,False,False
0x95153ddd005326dc5dcadbeccc51ffad40e0fa9dac5bd18b242b42eed61d3a6c,2023-12-11 00:00:02+00:00,0.82,0.13963032676756154,1.541477183000666,10.44361235095302,False,False
0x95153ddd005326dc5dcadbeccc51ffad40e0fa9dac5bd18b242b42eed61d3a6c,2023-12-12 00:00:02+00:00,0.82,0.13689247598042945,1.5568156492750276,10.547531499153301,False,False
0x95153ddd005326dc5dcadbeccc51ffad40e0fa9dac5bd18b242b42eed61d3a6c,2023-12-13 00:00:02+00:00,0.745,0.13415462519329732,1.884860015732932,9.921621348771849,False,False
0x95153ddd005326dc5dcadbeccc51ffad40e0fa9dac5bd18b242b42eed61d3a6c,2023-12-14 00:00:02+00:00,0.745,0.13141677440616523,1.9043927749459562,10.024438873251512,False,False
0x95153ddd005326dc5dcadbeccc51ffad40e0fa9dac5bd18b242b42eed61d3a6c,2023-12-15 00:00:02+00:00,0.745,0.12867892361903313,1.924545650545542,10.13052059768676,False,False
0x95153ddd005326dc5dcadbeccc51ffad40e0fa9dac5bd18b242b42eed61d3a6c,2023-12-16 00:00:02+00:00,0.745,0.12594107283190104,1.9453521645307255,10.240042976869196,False,False
0x95153ddd005326dc5dcadbeccc51ffad40e0fa9dac5bd18b242b42eed61d3a6c,2023-12-17 00:00:02+00:00,0.745,0.12320322204476893,1.9668484321402295,10.353196116016473,False,False
0x95153ddd005326dc5dcadbeccc51ffad40e0fa9dac5bd18b242b42eed61d3a6c,2023-12-18 00:00:02+00:00,0.745,0.12046537125763683,1.9890734252795983,10.470185157413335,False,False
0x95153ddd005326dc5dcadbeccc51ffad40e0fa9dac5bd18b242b42eed61d3a6c,2023-12-19 00:00:02+00:00,0.745,0.11772752047050473,2.012069270044149,10.59123184652796,False,False
0x95153ddd005326dc5dcadbeccc51ffad40e0fa9dac5bd18b242b42eed61d3a6c,2023-12-20 00:00:02+00:00,0.745,0.11498966968337263,2.0358815826020322,10.716576300050177,False,False
0x95153ddd005326dc5dcadbeccc51ffad40e0fa9dac5bd18b242b42eed61d3a6c,2023-12-21 00:00:03+00:00,0.745,0.11225178720815271,2.0605601408383523,10.846480541325713,False,False
0x95153ddd005326dc5dcadbeccc51ffad40e0fa9dac5bd18b242b42eed61d3a6c,2023-12-22 00:00:02+00:00,0.745,0.10951396810910842,2.0861578629691686,10.981223123932983,False,False
0x95153ddd005326dc5dcadbeccc51ffad40e0fa9dac5bd18b242b42eed61d3a6c,2023-12-23 00:00:02+00:00,0.745,0.10677611732197632,2.112734209454982,11.121117038847121,False,False
0x95153ddd005326dc5dcadbeccc51ffad40e0fa9dac5bd18b242b42eed61d3a6c,2023-12-24 00:00:02+00:00,0.745,0.10403826653484421,2.1403528390341426,11.266497376150244,False,False
0x95153ddd005326dc5dcadbeccc51ffad40e0fa9dac5bd18b242b42eed61d3a6c,2023-12-25 00:00:02+00:00,0.745,0.10130041574771212,2.1690837107530077,11.417732389803962,False,False
0x95153ddd005326dc5dcadbeccc51ffad40e0fa9dac5bd18b242b42eed61d3a6c,2023-12-26 00:00:02+00:00,0.745,0.09856256496058002,2.1990035392491283,11.575225894192016,False,False
0x95153ddd005326dc5dcadbeccc51ffad40e0fa9dac5bd18b242b42eed61d3a6c,2023-12-27 00:00:03+00:00,0.745,0.09582468248536011,2.2301970260672372,11.739423745583561,False,False
0x95153ddd005326dc5dcadbeccc51ffad40e0fa9dac5bd18b242b42eed61d3a6c,2023-12-28 00:00:03+00:00,0.745,0.093086831698228,2.2627564021577915,11.91081143391389,False,False
0x95153ddd005326dc5dcadbeccc51ffad40e0fa9dac5bd18b242b42eed61d3a6c,2023-12-29 00:00:02+00:00,0.745,0.09034901259918371,2.2967843564338484,12.089929498270026,False,False
0x95153ddd005326dc5dcadbeccc51ffad40e0fa9dac5bd18b242b42eed61d3a6c,2023-12-30 00:00:02+00:00,0.745,0.08761116181205161,2.3323955654182273,12.277381578724713,False,False
0x95153ddd005326dc5dcadbeccc51ffad40e0fa9dac5bd18b242b42eed61d3a6c,2023-12-31 00:00:02+00:00,0.745,0.08487331102491952,2.369716291830849,12.473832303360174,False,False
0x95153ddd005326dc5dcadbeccc51ffad40e0fa9dac5bd18b242b42eed61d3a6c,2024-01-01 00:00:02+00:00,0.745,0.08213546023778741,2.4088878398534797,12.680025476265191,False,False
0x95153ddd005326dc5dcadbeccc51ffad40e0fa9dac5bd18b242b42eed61d3a6c,2024-01-02 00:00:02+00:00,0.745,0.07939760945065531,2.4500684253755187,12.896793922229339,False,False
0x95153ddd005326dc5dcadbeccc51ffad40e0fa9dac5bd18b242b42eed61d3a6c,2024-01-03 00:00:02+00:00,0.745,0.0766597586635232,2.4934358706146984,13.12507367082352,False,False
0x95153ddd005326dc5dcadbeccc51ffad40e0fa9dac5bd18b242b42eed61d3a6c,2024-01-04 00:00:02+00:00,0.745,0.07392190787639111,2.5391908427874146,13.365921004276428,False,False
0x95153ddd005326dc5dcadbeccc51ffad40e0fa9dac5bd18b242b42eed61d3a6c,2024-01-05 00:00:03+00:00,0.745,0.07118402540117119,2.5875613475362043,13.620536110205048,False,False
0x95153ddd005326dc5dcadbeccc51ffad40e0fa9dac5bd18b242b42eed61d3a6c,2024-01-06 00:00:02+00:00,0.745,0.0684462063021269,2.6388046203869377,13.890273037962562,False,False
0x95153ddd005326dc5dcadbeccc51ffad40e0fa9dac5bd18b242b42eed61d3a6c,2024-01-07 00:00:02+00:00,0.77,0.0657083555149948,2.540353797927984,14.344177289260218,False,False
0x95153ddd005326dc5dcadbeccc51ffad40e0fa9dac5bd18b242b42eed61d3a6c,2024-01-08 00:00:02+00:00,0.77,0.0629705047278627,2.5949913675193548,14.652689822243676,False,False
0x95153ddd005326dc5dcadbeccc51ffad40e0fa9dac5bd18b242b42eed61d3a6c,2024-01-09 00:00:03+00:00,0.77,0.06023262225264279,2.6533138209206,14.98200915257256,False,False
0x95153ddd005326dc5dcadbeccc51ffad40e0fa9dac5bd18b242b42eed61d3a6c,2024-01-10 00:00:03+00:00,0.75,0.057494771465510686,2.8460585802590943,15.178979094715169,False,False
0x95153ddd005326dc5dcadbeccc51ffad40e0fa9dac5bd18b242b42eed61d3a6c,2024-01-11 00:00:03+00:00,0.65,0.05475692067837858,3.6475605936864746,16.033233378841647,False,False
0x95153ddd005326dc5dcadbeccc51ffad40e0fa9dac5bd18b242b42eed61d3a6c,2024-01-12 00:00:03+00:00,0.65,0.05201906989124648,3.742318378017993,16.449751112167004,False,False
0x95153ddd005326dc5dcadbeccc51ffad40e0fa9dac5bd18b242b42eed61d3a6c,2024-01-13 00:00:02+00:00,0.5,0.0492812507922022,5.3037966828932435,21.215186731572974,False,False
0x95153ddd005326dc5dcadbeccc51ffad40e0fa9dac5bd18b242b42eed61d3a6c,2024-01-14 00:00:02+00:00,0.75,0.046543400005070096,3.163216797677536,16.870489587613523,False,False
0x95153ddd005326dc5dcadbeccc51ffad40e0fa9dac5bd18b242b42eed61d3a6c,2024-01-15 00:00:03+00:00,0.75,0.04380551752985018,3.2605705614483163,17.389709661057687,False,False
0x95153ddd005326dc5dcadbeccc51ffad40e0fa9dac5bd18b242b42eed61d3a6c,2024-01-16 00:00:02+00:00,0.75,0.04106769843080589,3.367501740038537,17.96000928020553,False,False
0x95153ddd005326dc5dcadbeccc51ffad40e0fa9dac5bd18b242b42eed61d3a6c,2024-01-17 00:00:03+00:00,0.75,0.038329815955585975,3.485697090701915,18.590384483743545,False,False
0x95153ddd005326dc5dcadbeccc51ffad40e0fa9dac5bd18b242b42eed61d3a6c,2024-01-18 00:00:02+00:00,0.83,0.035591996856541686,2.9753772133308702,21.087010725236496,False,False
0x95153ddd005326dc5dcadbeccc51ffad40e0fa9dac5bd18b242b42eed61d3a6c,2024-01-19 00:00:02+00:00,0.83,0.03285414606940959,3.096871020054478,21.948058256941724,False,False
0x95153ddd005326dc5dcadbeccc51ffad40e0fa9dac5bd18b242b42eed61d3a6c,2024-01-20 00:00:03+00:00,0.8305,0.030116263594189674,3.2303616088669584,22.947839353745806,False,False
0x95153ddd005326dc5dcadbeccc51ffad40e0fa9dac5bd18b242b42eed61d3a6c,2024-01-21 00:00:02+00:00,0.8305,0.027378444495145385,3.388030412225905,24.067886830983966,False,False
0x95153ddd005326dc5dcadbeccc51ffad40e0fa9dac5bd18b242b42eed61d3a6c,2024-01-22 00:00:02+00:00,0.925,0.024640593708013282,2.6767938335069053,38.584415618117575,False,False
0x95153ddd005326dc5dcadbeccc51ffad40e0fa9dac5bd18b242b42eed61d3a6c,2024-01-23 00:00:03+00:00,0.925,0.02190271123279337,2.8391711174673224,40.924989080610075,False,False
0x95153ddd005326dc5dcadbeccc51ffad40e0fa9dac5bd18b242b42eed61d3a6c,2024-01-24 00:00:02+00:00,0.925,0.01916489213374908,3.035200027131164,43.7506310217105,False,False
0x95153ddd005326dc5dcadbeccc51ffad40e0fa9dac5bd18b242b42eed61d3a6c,2024-01-25 00:00:02+00:00,0.925,0.016427041346616978,3.278391627371082,47.256095529673274,False,False
0x95153ddd005326dc5dcadbeccc51ffad40e0fa9dac5bd18b242b42eed61d3a6c,2024-01-26 00:00:02+00:00,0.925,0.013689190559484879,3.5912994788417536,51.76647897429557,False,False
0x95153ddd005326dc5dcadbeccc51ffad40e0fa9dac5bd18b242b42eed61d3a6c,2024-01-27 00:00:02+00:00,0.9915,0.010951339772352776,2.6242148334514277,311.3778687611097,True,False
0x95153ddd005326dc5dcadbeccc51ffad40e0fa9dac5bd18b242b42eed61d3a6c,2024-01-28 00:00:02+00:00,0.9925,0.008213488985220676,2.9790174053202345,400.20384958122634,True,False
0x95153ddd005326dc5dcadbeccc51ffad40e0fa9dac5bd18b242b42eed61d3a6c,2024-01-29 00:00:02+00:00,0.9925,0.005475638198088575,3.648543327098279,490.1485577965814,True,False
0x95153ddd005326dc5dcadbeccc51ffad40e0fa9dac5bd18b242b42eed61d3a6c,2024-01-30 00:00:02+00:00,0.991,0.002737787410956473,5.290381415670736,593.1585845577678,True,False
0x95153ddd005326dc5dcadbeccc51ffad40e0fa9dac5bd18b242b42eed61d3a6c,2024-01-31 00:00:02+00:00,0.9925,0.0,,,True,False
0x9876cd5626a39e33e073159b813199f48ee860c8279f67244ee085dc7a9f0b41,2023-03-23 00:00:39+00:00,0.46,0.1095127956498593,3.8743252261642613,15.597122488583981,False,False
0x9876cd5626a39e33e073159b813199f48ee860c8279f67244ee085dc7a9f0b41,2023-03-24 00:00:48+00:00,0.4,0.10677465966993688,4.461035615066539,18.58764839611058,False,False
0x9876cd5626a39e33e073159b813199f48ee860c8279f67244ee085dc7a9f0b41,2023-03-25 00:00:22+00:00,0.37,0.10403763277308795,4.821400485974543,20.68382876865956,False,False
0x9876cd5626a39e33e073159b813199f48ee860c8279f67244ee085dc7a9f0b41,2023-03-26 00:00:06+00:00,0.36,0.10130028899536087,4.993214523772744,21.671938037208093,False,False
0x9876cd5626a39e33e073159b813199f48ee860c8279f67244ee085dc7a9f0b41,2023-03-27 00:00:45+00:00,0.35,0.09856120237280401,5.173452149385634,22.7404490082885,False,False
0x9876cd5626a39e33e073159b813199f48ee860c8279f67244ee085dc7a9f0b41,2023-03-28 00:00:19+00:00,0.61,0.09582417547595508,3.006799354218695,12.638921203105065,False,False
0x9876cd5626a39e33e073159b813199f48ee860c8279f67244ee085dc7a9f0b41,2023-03-29 00:00:49+00:00,0.51,0.09308537404618855,3.7778167797346005,15.117314044556224,False,False
0x9876cd5626a39e33e073159b813199f48ee860c8279f67244ee085dc7a9f0b41,2023-03-30 00:00:16+00:00,0.52,0.09034856896595432,3.753818241705944,15.03933590427061,False,False
0x9876cd5626a39e33e073159b813199f48ee860c8279f67244ee085dc7a9f0b41,2023-03-31 00:00:17+00:00,0.67,0.0876106864907344,2.7602016960661184,12.483951587816005,False,False
0x9876cd5626a39e33e073159b813199f48ee860c8279f67244ee085dc7a9f0b41,2023-04-01 00:00:48+00:00,0.51,0.08487185337288007,3.9563961658490325,15.831917430368277,False,False
0x9876cd5626a39e33e073159b813199f48ee860c8279f67244ee085dc7a9f0b41,2023-04-02 00:00:52+00:00,0.58,0.08213387583339671,3.4638349111797084,14.2193551362057,False,False
0x9876cd5626a39e33e073159b813199f48ee860c8279f67244ee085dc7a9f0b41,2023-04-03 00:00:00+00:00,0.57,0.07939767282683094,3.5992175324506928,14.684690054878386,False,False
0x9876cd5626a39e33e073159b813199f48ee860c8279f67244ee085dc7a9f0b41,2023-04-04 00:00:35+00:00,0.58,0.07665871295662535,3.5853997344129835,14.718389714339013,False,False
0x9876cd5626a39e33e073159b813199f48ee860c8279f67244ee085dc7a9f0b41,2023-04-05 00:00:24+00:00,0.55,0.0739212107384592,3.8929589656801524,15.729127134061223,False,False
0x9876cd5626a39e33e073159b813199f48ee860c8279f67244ee085dc7a9f0b41,2023-04-08 00:00:08+00:00,0.62,0.06570816538646791,3.5535877025270226,15.083139654189399,False,False
0x9876cd5626a39e33e073159b813199f48ee860c8279f67244ee085dc7a9f0b41,2023-04-09 00:00:48+00:00,0.63,0.06296904707582325,3.552413059021875,15.239867263071107,False,False
0x9876cd5626a39e33e073159b813199f48ee860c8279f67244ee085dc7a9f0b41,2023-04-10 00:00:31+00:00,0.65,0.06023173498618399,3.4778379091527625,15.287199600671485,False,False
0x9876cd5626a39e33e073159b813199f48ee860c8279f67244ee085dc7a9f0b41,2023-04-11 00:00:29+00:00,0.66,0.05749394757522752,3.4828017983100237,15.520507122593688,False,False
0x9876cd5626a39e33e073159b813199f48ee860c8279f67244ee085dc7a9f0b41,2023-04-12 00:00:03+00:00,0.66,0.05475692067837858,3.56878443269707,15.903673942500314,False,False
0x9876cd5626a39e33e073159b813199f48ee860c8279f67244ee085dc7a9f0b41,2023-04-13 00:00:22+00:00,0.75,0.05201846781757802,2.9921215557370933,15.95798163059783,False,False
0x9876cd5626a39e33e073159b813199f48ee860c8279f67244ee085dc7a9f0b41,2023-04-14 00:00:30+00:00,0.7,0.0492803635257434,3.44386570681622,16.399360508648666,False,False
0x9876cd5626a39e33e073159b813199f48ee860c8279f67244ee085dc7a9f0b41,2023-04-15 00:00:26+00:00,0.77,0.04654263949096256,3.018415345337564,17.043564908738364,False,False
0x9876cd5626a39e33e073159b813199f48ee860c8279f67244ee085dc7a9f0b41,2023-04-16 00:00:45+00:00,0.77,0.04380418663016199,3.111334425724334,17.568235040792402,False,False
0x9876cd5626a39e33e073159b813199f48ee860c8279f67244ee085dc7a9f0b41,2023-04-17 00:00:23+00:00,0.84,0.041067032980961794,2.6978716281386483,20.073449614126844,False,False
0x9876cd5626a39e33e073159b813199f48ee860c8279f67244ee085dc7a9f0b41,2023-04-18 00:00:27+00:00,0.91,0.03832905544147844,2.265824425618953,27.665743902551327,False,False
0x9876cd5626a39e33e073159b813199f48ee860c8279f67244ee085dc7a9f0b41,2023-04-19 00:00:23+00:00,0.94,0.035591331406697596,2.096466557897446,37.17139287052206,False,False
0x9876cd5626a39e33e073159b813199f48ee860c8279f67244ee085dc7a9f0b41,2023-04-20 00:00:46+00:00,0.925,0.03285275179354577,2.3182199064477023,33.41578243528221,False,False
0x9876cd5626a39e33e073159b813199f48ee860c8279f67244ee085dc7a9f0b41,2023-04-21 00:00:40+00:00,0.94,0.030115091134940552,2.2791240577465346,40.41000102387469,False,False
0x9876cd5626a39e33e073159b813199f48ee860c8279f67244ee085dc7a9f0b41,2023-04-22 00:00:24+00:00,0.945,0.027377747357213475,2.338177672344109,44.98658340248402,False,False
0x9876cd5626a39e33e073159b813199f48ee860c8279f67244ee085dc7a9f0b41,2023-04-23 00:00:24+00:00,0.95,0.024639896570081376,2.407932171806005,50.69330888012638,False,False
0x9876cd5626a39e33e073159b813199f48ee860c8279f67244ee085dc7a9f0b41,2023-04-24 00:00:06+00:00,0.95,0.021902616168529926,2.5539694220923645,53.76777730720762,False,False
0x9876cd5626a39e33e073159b813199f48ee860c8279f67244ee085dc7a9f0b41,2023-04-25 00:00:30+00:00,0.945,0.019164004867290287,2.794687346286305,53.76983831238678,False,False
0x9876cd5626a39e33e073159b813199f48ee860c8279f67244ee085dc7a9f0b41,2023-04-26 00:00:54+00:00,0.885,0.01642539356605065,3.753511030090477,36.880481749845025,False,False
0x9876cd5626a39e33e073159b813199f48ee860c8279f67244ee085dc7a9f0b41,2023-04-27 00:00:53+00:00,0.88,0.013687574467006363,4.174660366555732,39.53276862268685,False,False
0x9876cd5626a39e33e073159b813199f48ee860c8279f67244ee085dc7a9f0b41,2023-04-28 00:00:34+00:00,0.92,0.010950325753542729,4.091027463068293,55.58461226994965,False,False
0x9876cd5626a39e33e073159b813199f48ee860c8279f67244ee085dc7a9f0b41,2023-04-30 00:00:13+00:00,0.94,0.00547528962912262,5.3451082829172805,94.77142345598007,False,False
0x9876cd5626a39e33e073159b813199f48ee860c8279f67244ee085dc7a9f0b41,2023-05-01 00:00:19+00:00,0.955,0.002737248713463635,7.04797011901052,164.0016316232813,True,False
0x9876cd5626a39e33e073159b813199f48ee860c8279f67244ee085dc7a9f0b41,2023-05-02 00:00:47+00:00,0.955,0.0,,,True,False
0x9876cd5626a39e33e073159b813199f48ee860c8279f67244ee085dc7a9f0b41,2023-05-04 00:00:54+00:00,0.5,0.0,,,False,False
0x9876cd5626a39e33e073159b813199f48ee860c8279f67244ee085dc7a9f0b41,2023-05-05 00:00:04+00:00,0.5,0.0,,,False,False
0x9876cd5626a39e33e073159b813199f48ee860c8279f67244ee085dc7a9f0b41,2023-05-06 00:00:12+00:00,0.5,0.0,,,False,False
0x9876cd5626a39e33e073159b813199f48ee860c8279f67244ee085dc7a9f0b41,2023-05-07 00:00:24+00:00,0.5,0.0,,,False,False
0x9876cd5626a39e33e073159b813199f48ee860c8279f67244ee085dc7a9f0b41,2023-05-08 00:00:41+00:00,0.5,0.0,,,False,False
0x9876cd5626a39e33e073159b813199f48ee860c8279f67244ee085dc7a9f0b41,2023-05-09 00:00:08+00:00,0.5,0.0,,,False,False
0x9876cd5626a39e33e073159b813199f48ee860c8279f67244ee085dc7a9f0b41,2023-05-10 00:00:45+00:00,0.5,0.0,,,False,False
0x9876cd5626a39e33e073159b813199f48ee860c8279f67244ee085dc7a9f0b41,2023-05-11 00:00:36+00:00,0.5,0.0,,,False,False
0x9876cd5626a39e33e073159b813199f48ee860c8279f67244ee085dc7a9f0b41,2023-05-12 00:00:54+00:00,0.5,0.0,,,False,False
0x9876cd5626a39e33e073159b813199f48ee860c8279f67244ee085dc7a9f0b41,2023-05-13 00:00:42+00:00,0.5,0.0,,,False,False
0x9876cd5626a39e33e073159b813199f48ee860c8279f67244ee085dc7a9f0b41,2023-05-15 00:00:02+00:00,0.5,0.0,,,False,False
0x9876cd5626a39e33e073159b813199f48ee860c8279f67244ee085dc7a9f0b41,2023-05-16 00:00:23+00:00,0.5,0.0,,,False,False
0x9876cd5626a39e33e073159b813199f48ee860c8279f67244ee085dc7a9f0b41,2023-05-17 00:00:23+00:00,0.5,0.0,,,False,False
0x9d1f0296f3a016727193d2b45704e0debc3b8048fe0715f8bb1e91550d321872,2024-03-22 00:00:02+00:00,0.175,0.774811709382209,2.769532385435584,19.182908297389332,False,False
0x9d1f0296f3a016727193d2b45704e0debc3b8048fe0715f8bb1e91550d321872,2024-03-23 00:00:03+00:00,0.185,0.7720738269069891,2.7044334425295293,17.93688239117579,False,False
0x9d1f0296f3a016727193d2b45704e0debc3b8048fe0715f8bb1e91550d321872,2024-03-24 00:00:03+00:00,0.185,0.769335976119857,2.7092413285941572,17.968770211203164,False,False
0x9d1f0296f3a016727193d2b45704e0debc3b8048fe0715f8bb1e91550d321872,2024-03-25 00:00:03+00:00,0.18,0.7665981253327249,2.7488092425334236,18.62336885185246,False,False
0x9d1f0296f3a016727193d2b45704e0debc3b8048fe0715f8bb1e91550d321872,2024-03-26 00:00:02+00:00,0.185,0.7638603062336806,2.718934475488839,18.033059031595684,False,False
0x9d1f0296f3a016727193d2b45704e0debc3b8048fe0715f8bb1e91550d321872,2024-03-27 00:00:03+00:00,0.175,0.7611224237584607,2.7943273215197473,19.354648114422496,False,False
0x9d1f0296f3a016727193d2b45704e0debc3b8048fe0715f8bb1e91550d321872,2024-03-28 00:00:03+00:00,0.175,0.7583845729713287,2.7993666902148897,19.389552832657248,False,False
0x9d1f0296f3a016727193d2b45704e0debc3b8048fe0715f8bb1e91550d321872,2024-03-29 00:00:02+00:00,0.175,0.7556467538722843,2.804433363236623,19.42464667176882,False,False
0x9d1f0296f3a016727193d2b45704e0debc3b8048fe0715f8bb1e91550d321872,2024-03-30 00:00:02+00:00,0.175,0.7529089030851522,2.8095277063982733,19.459932165529167,False,False
0x9d1f0296f3a016727193d2b45704e0debc3b8048fe0715f8bb1e91550d321872,2024-03-31 00:00:03+00:00,0.175,0.7501710206099323,2.8146499723649883,19.49541106399992,False,False
0x9d1f0296f3a016727193d2b45704e0debc3b8048fe0715f8bb1e91550d321872,2024-04-01 00:00:02+00:00,0.175,0.747433201510888,2.8198002377217146,19.531083897639586,False,False
0x9d1f0296f3a016727193d2b45704e0debc3b8048fe0715f8bb1e91550d321872,2024-04-02 00:00:03+00:00,0.13,0.7446953190356681,3.1934649878013537,28.235764702045564,False,False
0x9d1f0296f3a016727193d2b45704e0debc3b8048fe0715f8bb1e91550d321872,2024-04-03 00:00:03+00:00,0.09,0.741957468248536,3.6280698413947445,44.298777062206895,False,False
0x9d1f0296f3a016727193d2b45704e0debc3b8048fe0715f8bb1e91550d321872,2024-04-04 00:00:03+00:00,0.09,0.7392196174614039,3.6347822806819625,44.38073602786279,False,False
0x9d1f0296f3a016727193d2b45704e0debc3b8048fe0715f8bb1e91550d321872,2024-04-05 00:00:03+00:00,0.085,0.7364817666742718,3.705851945071096,47.648369592685256,False,False
0x9d1f0296f3a016727193d2b45704e0debc3b8048fe0715f8bb1e91550d321872,2024-04-06 00:00:03+00:00,0.075,0.7337439158871397,3.8516134364432446,55.51875223701974,False,False
0x9d1f0296f3a016727193d2b45704e0debc3b8048fe0715f8bb1e91550d321872,2024-04-07 00:00:02+00:00,0.08,0.7310060967880955,3.7874686155030344,51.46017140629123,False,False
0x9d1f0296f3a016727193d2b45704e0debc3b8048fe0715f8bb1e91550d321872,2024-04-08 00:00:03+00:00,0.075,0.7282682143128755,3.8660660723529494,55.72707852040287,False,False
0x9d1f0296f3a016727193d2b45704e0debc3b8048fe0715f8bb1e91550d321872,2024-04-09 00:00:03+00:00,0.075,0.7255303635257434,3.873353668976648,55.83212495822195,False,False
0x9d1f0296f3a016727193d2b45704e0debc3b8048fe0715f8bb1e91550d321872,2024-04-10 00:00:03+00:00,0.075,0.7227925127386113,3.8806826332926123,55.93776768710071,False,False
0x9d1f0296f3a016727193d2b45704e0debc3b8048fe0715f8bb1e91550d321872,2024-04-11 00:00:03+00:00,0.055,0.7200546619514792,4.2227596070724305,81.24597608604965,False,False
0x9d1f0296f3a016727193d2b45704e0debc3b8048fe0715f8bb1e91550d321872,2024-04-12 00:00:03+00:00,0.05,0.7173168111643471,4.330482247917964,91.16804732458873,False,False
0x9d1f0296f3a016727193d2b45704e0debc3b8048fe0715f8bb1e91550d321872,2024-04-13 00:00:02+00:00,0.045,0.7145789920653028,4.447430297279294,103.48877945966944,True,False
0x9d1f0296f3a016727193d2b45704e0debc3b8048fe0715f8bb1e91550d321872,2024-04-14 00:00:03+00:00,0.045,0.7118411095900828,4.45597493977645,103.68760767368121,True,False
0x9d1f0296f3a016727193d2b45704e0debc3b8048fe0715f8bb1e91550d321872,2024-04-15 00:00:03+00:00,0.05,0.7091032588029508,4.355490056350076,91.69452750210687,False,False
0x9d1f0296f3a016727193d2b45704e0debc3b8048fe0715f8bb1e91550d321872,2024-04-16 00:00:03+00:00,0.05,0.7063654080158187,4.36392276635912,91.87205823913936,False,False
0x9d1f0296f3a016727193d2b45704e0debc3b8048fe0715f8bb1e91550d321872,2024-04-17 00:00:03+00:00,0.035,0.7036275572286866,4.736112866830076,140.22539946203037,True,False
0x9d1f0296f3a016727193d2b45704e0debc3b8048fe0715f8bb1e91550d321872,2024-04-18 00:00:03+00:00,0.0345,0.7008897064415545,4.759651822375699,142.8906498060087,True,False
0x9d1f0296f3a016727193d2b45704e0debc3b8048fe0715f8bb1e91550d321872,2024-04-19 00:00:03+00:00,0.0445,0.6981518556544224,4.511001863440783,106.0919187775277,True,False
0x9d1f0296f3a016727193d2b45704e0debc3b8048fe0715f8bb1e91550d321872,2024-04-20 00:00:02+00:00,0.0445,0.6954140365553781,4.519872963680491,106.30055359404726,True,False
0x9d1f0296f3a016727193d2b45704e0debc3b8048fe0715f8bb1e91550d321872,2024-04-21 00:00:03+00:00,0.0445,0.6926761540801581,4.528796814115933,106.51042901512668,True,False
0x9d1f0296f3a016727193d2b45704e0debc3b8048fe0715f8bb1e91550d321872,2024-04-22 00:00:03+00:00,0.0445,0.6899383032930261,4.537773626566858,106.72155002244504,True,False
0x9d1f0296f3a016727193d2b45704e0debc3b8048fe0715f8bb1e91550d321872,2024-04-23 00:00:02+00:00,0.0445,0.6872004841939818,4.54680392719272,106.9339289904743,True,False
0x9d1f0296f3a016727193d2b45704e0debc3b8048fe0715f8bb1e91550d321872,2024-04-24 00:00:03+00:00,0.0445,0.6844626017187618,4.5558885658818475,107.1475859072983,True,False
0x9d1f0296f3a016727193d2b45704e0debc3b8048fe0715f8bb1e91550d321872,2024-04-25 00:00:03+00:00,0.0445,0.6817247509316298,4.565027771056001,107.36252614505025,True,False
0x9d1f0296f3a016727193d2b45704e0debc3b8048fe0715f8bb1e91550d321872,2024-04-26 00:00:02+00:00,0.039,0.6789869318325855,4.711048084485455,125.69833999000655,True,False
0x9d1f0296f3a016727193d2b45704e0debc3b8048fe0715f8bb1e91550d321872,2024-04-27 00:00:03+00:00,0.037,0.6762490493573656,4.774531194516928,133.99935995388648,True,False
0x9d1f0296f3a016727193d2b45704e0debc3b8048fe0715f8bb1e91550d321872,2024-04-28 00:00:03+00:00,0.037,0.6735111985702334,4.784225685448542,134.2714401910848,True,False
0x9d1f0296f3a016727193d2b45704e0debc3b8048fe0715f8bb1e91550d321872,2024-04-29 00:00:03+00:00,0.037,0.6707733477831014,4.793979470013446,134.5451845307021,True,False
0x9d1f0296f3a016727193d2b45704e0debc3b8048fe0715f8bb1e91550d321872,2024-04-30 00:00:04+00:00,0.0395,0.6680354653078815,4.73630592347984,124.83756280628734,True,False
0x9d1f0296f3a016727193d2b45704e0debc3b8048fe0715f8bb1e91550d321872,2024-05-01 00:00:03+00:00,0.0395,0.6652976462088371,4.746041292102265,125.09416356465883,True,False
0x9d1f0296f3a016727193d2b45704e0debc3b8048fe0715f8bb1e91550d321872,2024-05-02 00:00:03+00:00,0.0415,0.6625597954217051,4.7042037159240895,118.26218717559665,True,False
0x9d1f0296f3a016727193d2b45704e0debc3b8048fe0715f8bb1e91550d321872,2024-05-03 00:00:03+00:00,0.041,0.659821944634573,4.7266864819580166,120.21380202848538,True,False
0x9d1f0296f3a016727193d2b45704e0debc3b8048fe0715f8bb1e91550d321872,2024-05-04 00:00:03+00:00,0.044,0.6570840938474408,4.6618566219521815,110.82770592316902,True,False
0x9d1f0296f3a016727193d2b45704e0debc3b8048fe0715f8bb1e91550d321872,2024-05-05 00:00:03+00:00,0.044,0.6543462430603088,4.671599281060701,111.0593210598303,True,False
0x9d1f0296f3a016727193d2b45704e0debc3b8048fe0715f8bb1e91550d321872,2024-05-06 00:00:02+00:00,0.044,0.6516084239612645,4.6814031653621955,111.29239172123897,True,False
0x9d1f0296f3a016727193d2b45704e0debc3b8048fe0715f8bb1e91550d321872,2024-05-07 00:00:02+00:00,0.04,0.6488705731741323,4.792491505741979,124.80446629536405,True,False
0x9d1f0296f3a016727193d2b45704e0debc3b8048fe0715f8bb1e91550d321872,2024-05-08 00:00:03+00:00,0.04,0.6461326906989124,4.802634475014201,125.06860612016149,True,False
0x9d1f0296f3a016727193d2b45704e0debc3b8048fe0715f8bb1e91550d321872,2024-05-09 00:00:03+00:00,0.04,0.6433948399117804,4.812842000203316,125.33442708862805,True,False
0x9d1f0296f3a016727193d2b45704e0debc3b8048fe0715f8bb1e91550d321872,2024-05-10 00:00:03+00:00,0.0385,0.6406569891246483,4.863557434952251,131.38446920604983,True,False
0x9d1f0296f3a016727193d2b45704e0debc3b8048fe0715f8bb1e91550d321872,2024-05-11 00:00:04+00:00,0.0385,0.6379191066494283,4.87398320175377,131.66611157495444,True,False
0x9d1f0296f3a016727193d2b45704e0debc3b8048fe0715f8bb1e91550d321872,2024-05-12 00:00:03+00:00,0.0355,0.635181287550384,4.969927319608096,145.15080628824964,True,False
0x9d1f0296f3a016727193d2b45704e0debc3b8048fe0715f8bb1e91550d321872,2024-05-13 00:00:04+00:00,0.0355,0.6324434050751642,4.980673247342584,145.46464992713393,True,False
0x9d1f0296f3a016727193d2b45704e0debc3b8048fe0715f8bb1e91550d321872,2024-05-14 00:00:03+00:00,0.0355,0.6297055859761198,4.991488930902961,145.78053084216333,True,False
0x9d1f0296f3a016727193d2b45704e0debc3b8048fe0715f8bb1e91550d321872,2024-05-15 00:00:04+00:00,0.0355,0.6269677035008999,5.002375634452622,146.09848595426723,True,False
0x9d1f0296f3a016727193d2b45704e0debc3b8048fe0715f8bb1e91550d321872,2024-05-16 00:00:04+00:00,0.0365,0.6242298527137679,4.983933139530809,141.71885149123298,True,False
0x9d1f0296f3a016727193d2b45704e0debc3b8048fe0715f8bb1e91550d321872,2024-05-17 00:00:03+00:00,0.038,0.6214920336147236,4.951966759379941,135.4624893144748,True,False
0x9d1f0296f3a016727193d2b45704e0debc3b8048fe0715f8bb1e91550d321872,2024-05-18 00:00:03+00:00,0.04,0.6187541828275914,4.907737407408576,127.80566165126501,True,False
0x9d1f0296f3a016727193d2b45704e0debc3b8048fe0715f8bb1e91550d321872,2024-05-19 00:00:03+00:00,0.0425,0.6160163320404594,4.85272552342382,119.24989767283232,True,False
0x9d1f0296f3a016727193d2b45704e0debc3b8048fe0715f8bb1e91550d321872,2024-05-20 00:00:03+00:00,0.0425,0.6132784812533273,4.8635454393658595,119.51578410359967,True,False
0x9d1f0296f3a016727193d2b45704e0debc3b8048fe0715f8bb1e91550d321872,2024-05-21 00:00:03+00:00,0.0405,0.6105406304661951,4.927122938181022,126.79245075382681,True,False
0x9d1f0296f3a016727193d2b45704e0debc3b8048fe0715f8bb1e91550d321872,2024-05-22 00:00:03+00:00,0.0405,0.607802779679063,4.938207594953335,127.07769851718898,True,False
0x9d1f0296f3a016727193d2b45704e0debc3b8048fe0715f8bb1e91550d321872,2024-05-23 00:00:03+00:00,0.0405,0.605064928891931,4.949367402112223,127.36488016809739,True,False
0x9d1f0296f3a016727193d2b45704e0debc3b8048fe0715f8bb1e91550d321872,2024-05-24 00:00:03+00:00,0.0405,0.6023270781047988,4.9606032126727095,127.65401765767173,True,False
0x9d1f0296f3a016727193d2b45704e0debc3b8048fe0715f8bb1e91550d321872,2024-05-25 00:00:03+00:00,0.041,0.5995892273176667,4.958419465145105,126.10746624138724,True,False
0x9d1f0296f3a016727193d2b45704e0debc3b8048fe0715f8bb1e91550d321872,2024-05-26 00:00:03+00:00,0.0405,0.5968513765305347,4.98330632442516,128.23824971661318,True,False
0x9d1f0296f3a016727193d2b45704e0debc3b8048fe0715f8bb1e91550d321872,2024-05-27 00:00:03+00:00,0.0405,0.5941135257434026,4.994775400863198,128.53338996939502,True,False
0x9d1f0296f3a016727193d2b45704e0debc3b8048fe0715f8bb1e91550d321872,2024-05-28 00:00:03+00:00,0.0385,0.5913756749562704,5.062151105694154,136.74929204757592,True,False
0x9d1f0296f3a016727193d2b45704e0debc3b8048fe0715f8bb1e91550d321872,2024-05-29 00:00:04+00:00,0.0365,0.5886377924810505,5.132398906192888,145.94049679586806,True,False
0x9d1f0296f3a016727193d2b45704e0debc3b8048fe0715f8bb1e91550d321872,2024-05-30 00:00:03+00:00,0.0365,0.5858999733820063,5.144376379683679,146.28107796727625,True,False
0x9d1f0296f3a016727193d2b45704e0debc3b8048fe0715f8bb1e91550d321872,2024-05-31 00:00:03+00:00,0.0365,0.5831621225948741,5.156438242012886,146.62405874737183,True,False
0x9d1f0296f3a016727193d2b45704e0debc3b8048fe0715f8bb1e91550d321872,2024-06-01 00:00:03+00:00,0.0365,0.580424271807742,5.168585347386099,146.96946342561293,True,False
0x9d1f0296f3a016727193d2b45704e0debc3b8048fe0715f8bb1e91550d321872,2024-06-02 00:00:03+00:00,0.0365,0.57768642102061,5.1808187046098935,147.31732068755875,True,False
0x9d1f0296f3a016727193d2b45704e0debc3b8048fe0715f8bb1e91550d321872,2024-06-03 00:00:03+00:00,0.0365,0.5749485702334778,5.193139339274606,147.66765969601713,True,False
0x9d1f0296f3a016727193d2b45704e0debc3b8048fe0715f8bb1e91550d321872,2024-06-04 00:00:02+00:00,0.0285,0.5722107511344335,5.474765226529803,197.73239885977742,True,False
0x9d1f0296f3a016727193d2b45704e0debc3b8048fe0715f8bb1e91550d321872,2024-06-05 00:00:02+00:00,0.0285,0.5694729003473015,5.487909941333155,198.20714725223806,True,False
0x9d1f0296f3a016727193d2b45704e0debc3b8048fe0715f8bb1e91550d321872,2024-06-06 00:00:03+00:00,0.028,0.5667350178720816,5.5201425071917445,202.82710564343563,True,False
0x9d1f0296f3a016727193d2b45704e0debc3b8048fe0715f8bb1e91550d321872,2024-06-07 00:00:02+00:00,0.0275,0.5639971987730372,5.552858376347655,207.63200285478496,True,False
0x9d1f0296f3a016727193d2b45704e0debc3b8048fe0715f8bb1e91550d321872,2024-06-08 00:00:02+00:00,0.03,0.5612593479859052,5.472344983905677,188.05309223043565,True,False
0x9d1f0296f3a016727193d2b45704e0debc3b8048fe0715f8bb1e91550d321872,2024-06-09 00:00:03+00:00,0.032,0.5585214655106853,5.415071598565683,174.81506968510084,True,False
0x9d1f0296f3a016727193d2b45704e0debc3b8048fe0715f8bb1e91550d321872,2024-06-10 00:00:04+00:00,0.03,0.5557835830354653,5.499236592588452,188.97720249444853,True,False
0x9d1f0296f3a016727193d2b45704e0debc3b8048fe0715f8bb1e91550d321872,2024-06-11 00:00:02+00:00,0.0295,0.5530457956245088,5.531220343773975,193.1983459085034,True,False
0x9d1f0296f3a016727193d2b45704e0debc3b8048fe0715f8bb1e91550d321872,2024-06-12 00:00:03+00:00,0.03,0.550307913149289,5.526528104108877,189.91505512401642,True,False
0x9d1f0296f3a016727193d2b45704e0debc3b8048fe0715f8bb1e91550d321872,2024-06-13 00:00:03+00:00,0.036,0.5475700623621568,5.336986921664176,153.78593020009728,True,False
0x9d1f0296f3a016727193d2b45704e0debc3b8048fe0715f8bb1e91550d321872,2024-06-14 00:00:03+00:00,0.0355,0.5448322115750247,5.366207936835511,156.724506949832,True,False
0x9d1f0296f3a016727193d2b45704e0debc3b8048fe0715f8bb1e91550d321872,2024-06-15 00:00:04+00:00,0.033,0.5420943290998048,5.462071868241172,171.16580076591683,True,False
0x9d1f0296f3a016727193d2b45704e0debc3b8048fe0715f8bb1e91550d321872,2024-06-16 00:00:04+00:00,0.036,0.5393564783126727,5.377470500667729,154.9524694752112,True,False
0x9d1f0296f3a016727193d2b45704e0debc3b8048fe0715f8bb1e91550d321872,2024-06-17 00:00:04+00:00,0.0385,0.5366186275255406,5.314151861837289,143.55685750315158,True,False
0x9d1f0296f3a016727193d2b45704e0debc3b8048fe0715f8bb1e91550d321872,2024-06-18 00:00:03+00:00,0.037,0.5338808084264963,5.373557671024939,150.81130675605343,True,False
0x9d1f0296f3a016727193d2b45704e0debc3b8048fe0715f8bb1e91550d321872,2024-06-19 00:00:03+00:00,0.04,0.5311429576393643,5.297057380898212,137.94420262755762,True,False
0x9d1f0296f3a016727193d2b45704e0debc3b8048fe0715f8bb1e91550d321872,2024-06-20 00:00:04+00:00,0.0375,0.5284050751641443,5.385809756620114,149.21724001025424,True,False
0x9d1f0296f3a016727193d2b45704e0debc3b8048fe0715f8bb1e91550d321872,2024-06-21 00:00:03+00:00,0.0395,0.5256672560651,5.339296554941709,140.73093668096675,True,False
0x9d1f0296f3a016727193d2b45704e0debc3b8048fe0715f8bb1e91550d321872,2024-06-22 00:00:02+00:00,0.0395,0.5229294369660558,5.353255364342623,141.09885711799953,True,False
0x9d1f0296f3a016727193d2b45704e0debc3b8048fe0715f8bb1e91550d321872,2024-06-23 00:00:03+00:00,0.039,0.5201915544908358,5.382283832185127,143.60798933229614,True,False
0x9d1f0296f3a016727193d2b45704e0debc3b8048fe0715f8bb1e91550d321872,2024-06-24 00:00:03+00:00,0.039,0.5174537037037037,5.396503896120918,143.98740350918962,True,False
0x9d1f0296f3a016727193d2b45704e0debc3b8048fe0715f8bb1e91550d321872,2024-06-25 00:00:03+00:00,0.0385,0.5147158529165716,5.426040873262276,146.57943481876333,True,False
0x9d1f0296f3a016727193d2b45704e0debc3b8048fe0715f8bb1e91550d321872,2024-06-26 00:00:03+00:00,0.0385,0.5119780021294394,5.4405296624175215,146.97083594809305,True,False
0x9d1f0296f3a016727193d2b45704e0debc3b8048fe0715f8bb1e91550d321872,2024-06-27 00:00:02+00:00,0.0385,0.5092401830303952,5.455134970452126,147.3653847263036,True,False
0x9d1f0296f3a016727193d2b45704e0debc3b8048fe0715f8bb1e91550d321872,2024-06-28 00:00:03+00:00,0.037,0.5065023005551753,5.516877717035819,154.83364814447586,True,False
0x9d1f0296f3a016727193d2b45704e0debc3b8048fe0715f8bb1e91550d321872,2024-06-29 00:00:02+00:00,0.0375,0.5037644814561311,5.515955158511809,152.82300006266485,True,False
0x9d1f0296f3a016727193d2b45704e0debc3b8048fe0715f8bb1e91550d321872,2024-06-30 00:00:02+00:00,0.0375,0.5010266306689989,5.531005543531335,153.23998042684218,True,False
0x9d1f0296f3a016727193d2b45704e0debc3b8048fe0715f8bb1e91550d321872,2024-07-01 00:00:02+00:00,0.0375,0.4982887798818668,5.546179800387236,153.66039273800135,True,False
0x9d1f0296f3a016727193d2b45704e0debc3b8048fe0715f8bb1e91550d321872,2024-07-02 00:00:03+00:00,0.038,0.4955508974066469,5.545636128618683,151.70248737878003,True,False
0x9d1f0296f3a016727193d2b45704e0debc3b8048fe0715f8bb1e91550d321872,2024-07-03 00:00:02+00:00,0.0385,0.4928130783076026,5.545308611051839,149.80134154701025,True,False
0x9d1f0296f3a016727193d2b45704e0debc3b8048fe0715f8bb1e91550d321872,2024-07-04 00:00:03+00:00,0.045,0.4900751958323827,5.370353964290786,124.96460649891299,True,False
0x9d1f0296f3a016727193d2b45704e0debc3b8048fe0715f8bb1e91550d321872,2024-07-05 00:00:02+00:00,0.046,0.4873373767333384,5.358147754213087,122.09797999756374,True,False
0x9d1f0296f3a016727193d2b45704e0debc3b8048fe0715f8bb1e91550d321872,2024-07-06 00:00:02+00:00,0.052,0.4845995259462063,5.218982964629991,105.870313303919,False,False
0x9d1f0296f3a016727193d2b45704e0debc3b8048fe0715f8bb1e91550d321872,2024-07-07 00:00:02+00:00,0.0535,0.4818616751590742,5.197471090003875,102.64024546911888,False,False
0x9d1f0296f3a016727193d2b45704e0debc3b8048fe0715f8bb1e91550d321872,2024-07-08 00:00:02+00:00,0.0535,0.4791238243719421,5.212299855591157,102.93308560493222,False,False
0x9d1f0296f3a016727193d2b45704e0debc3b8048fe0715f8bb1e91550d321872,2024-07-09 00:00:02+00:00,0.0555,0.47638597358481,5.179870189624005,98.81524024101611,False,False
0x9d1f0296f3a016727193d2b45704e0debc3b8048fe0715f8bb1e91550d321872,2024-07-10 00:00:03+00:00,0.053,0.4736480911095901,5.254455750367559,104.68920225473809,False,False
0x9d1f0296f3a016727193d2b45704e0debc3b8048fe0715f8bb1e91550d321872,2024-07-11 00:00:03+00:00,0.052,0.470910240322458,5.294297044993299,107.39810623566414,False,False
0x9d1f0296f3a016727193d2b45704e0debc3b8048fe0715f8bb1e91550d321872,2024-07-12 00:00:02+00:00,0.0515,0.4681724212234137,5.322234860191145,108.95557851059968,False,False
0x9d1f0296f3a016727193d2b45704e0debc3b8048fe0715f8bb1e91550d321872,2024-07-13 00:00:03+00:00,0.051,0.4654345387481938,5.350485170762752,110.54949835250217,False,False
0x9d1f0296f3a016727193d2b45704e0debc3b8048fe0715f8bb1e91550d321872,2024-07-14 00:00:02+00:00,0.051,0.4626967196491495,5.366291480137714,110.87608174007137,False,False
0x9d1f0296f3a016727193d2b45704e0debc3b8048fe0715f8bb1e91550d321872,2024-07-15 00:00:03+00:00,0.052,0.4599588371739296,5.356953641718791,108.66913424453894,False,False
0x9d1f0296f3a016727193d2b45704e0debc3b8048fe0715f8bb1e91550d321872,2024-07-16 00:00:02+00:00,0.0635,0.4572210180748853,5.107354063203823,85.88443422197447,False,False
0x9d1f0296f3a016727193d2b45704e0debc3b8048fe0715f8bb1e91550d321872,2024-07-17 00:00:01+00:00,0.065,0.454483198975841,5.0910073711448485,83.768117994979,False,False
0x9d1f0296f3a016727193d2b45704e0debc3b8048fe0715f8bb1e91550d321872,2024-07-18 00:00:02+00:00,0.0615,0.4517453165006211,5.18160705237414,89.77493149636187,False,False
0x9d1f0296f3a016727193d2b45704e0debc3b8048fe0715f8bb1e91550d321872,2024-07-19 00:00:01+00:00,0.0615,0.4490074974015768,5.197380445135445,90.04821645222562,False,False
0x9d1f0296f3a016727193d2b45704e0debc3b8048fe0715f8bb1e91550d321872,2024-07-20 00:00:01+00:00,0.0555,0.4462696466144447,5.351797652213167,102.09506249482622,False,False
0x9d1f0296f3a016727193d2b45704e0debc3b8048fe0715f8bb1e91550d321872,2024-07-21 00:00:01+00:00,0.0495,0.4435317958273126,5.520436114430402,117.33189048678052,True,False
0x9d1f0296f3a016727193d2b45704e0debc3b8048fe0715f8bb1e91550d321872,2024-07-22 00:00:01+00:00,0.0475,0.4407939450401805,5.59189547546726,123.59487167768499,True,False
0x9d1f0296f3a016727193d2b45704e0debc3b8048fe0715f8bb1e91550d321872,2024-07-23 00:00:01+00:00,0.0475,0.43805609425304837,5.60934293090553,123.98050406753487,True,False
0x9d1f0296f3a016727193d2b45704e0debc3b8048fe0715f8bb1e91550d321872,2024-07-24 00:00:01+00:00,0.0525,0.4353182434659163,5.493640043779388,110.43879972417416,False,False
0x9d1f0296f3a016727193d2b45704e0debc3b8048fe0715f8bb1e91550d321872,2024-07-25 00:00:01+00:00,0.0545,0.4325803926787842,5.460490813564979,105.96773346591006,False,False
0x9d1f0296f3a016727193d2b45704e0debc3b8048fe0715f8bb1e91550d321872,2024-07-26 00:00:02+00:00,0.076,0.4298425102035643,5.013216482900469,71.38893373918417,False,False
0x9d1f0296f3a016727193d2b45704e0debc3b8048fe0715f8bb1e91550d321872,2024-07-27 00:00:02+00:00,0.078,0.42710465941643216,4.991729032568658,69.41054887046913,False,False
0x9d1f0296f3a016727193d2b45704e0debc3b8048fe0715f8bb1e91550d321872,2024-07-28 00:00:02+00:00,0.077,0.4243668086293001,5.026529840927376,70.72546947316592,False,False
0x9d1f0296f3a016727193d2b45704e0debc3b8048fe0715f8bb1e91550d321872,2024-07-29 00:00:02+00:00,0.0755,0.421628957842168,5.0713823780667235,72.65616822505416,False,False
0x9d1f0296f3a016727193d2b45704e0debc3b8048fe0715f8bb1e91550d321872,2024-07-30 00:00:01+00:00,0.064,0.41889113874312367,5.324829318457942,88.88937831293306,False,False
0x9d1f0296f3a016727193d2b45704e0debc3b8048fe0715f8bb1e91550d321872,2024-07-31 00:00:02+00:00,0.0675,0.4161532562679038,5.26646148014666,83.66933142919923,False,False
0x9d1f0296f3a016727193d2b45704e0debc3b8048fe0715f8bb1e91550d321872,2024-08-01 00:00:02+00:00,0.066,0.41341540548077166,5.316076334353534,86.23834167726841,False,False
0x9d1f0296f3a016727193d2b45704e0debc3b8048fe0715f8bb1e91550d321872,2024-08-02 00:00:01+00:00,0.1365,0.41067758638172736,4.2208213707874185,35.80980693011802,False,False
0x9d1f0296f3a016727193d2b45704e0debc3b8048fe0715f8bb1e91550d321872,2024-08-03 00:00:02+00:00,0.2455,0.40793970390650747,3.2139700653347187,17.351262771421542,False,False
0x9d1f0296f3a016727193d2b45704e0debc3b8048fe0715f8bb1e91550d321872,2024-08-04 00:00:01+00:00,0.236,0.40520188480746316,3.2973335499891085,18.287633940395715,False,False
0x9d1f0296f3a016727193d2b45704e0debc3b8048fe0715f8bb1e91550d321872,2024-08-05 00:00:01+00:00,0.237,0.4024640340203311,3.300758252208169,18.25327655218502,False,False
0x9d1f0296f3a016727193d2b45704e0debc3b8048fe0715f8bb1e91550d321872,2024-08-06 00:00:01+00:00,0.242,0.399726183233199,3.2734503692854786,17.845190525771816,False,False
0x9d1f0296f3a016727193d2b45704e0debc3b8048fe0715f8bb1e91550d321872,2024-08-07 00:00:01+00:00,0.254,0.39698833244606685,3.1943871378986097,16.858347606650742,False,False
0x9d1f0296f3a016727193d2b45704e0debc3b8048fe0715f8bb1e91550d321872,2024-08-08 00:00:01+00:00,0.29,0.3942504816589348,2.9532978134467798,14.343359948745897,False,False
0x9d1f0296f3a016727193d2b45704e0debc3b8048fe0715f8bb1e91550d321872,2024-08-09 00:00:02+00:00,0.28,0.39151259918371484,3.0311408496331094,15.035420881116615,False,False
0x9d1f0296f3a016727193d2b45704e0debc3b8048fe0715f8bb1e91550d321872,2024-08-10 00:00:02+00:00,0.2675,0.38877474839658277,3.1294178775715786,15.971001257103524,False,False
0x9d1f0296f3a016727193d2b45704e0debc3b8048fe0715f8bb1e91550d321872,2024-08-11 00:00:01+00:00,0.265,0.38603692929753847,3.1584908804401057,16.21610001509488,False,False
0x9d1f0296f3a016727193d2b45704e0debc3b8048fe0715f8bb1e91550d321872,2024-08-12 00:00:01+00:00,0.2435,0.38329907851040634,3.331166636232688,18.08374857318809,False,False
0x9d1f0296f3a016727193d2b45704e0debc3b8048fe0715f8bb1e91550d321872,2024-08-13 00:00:02+00:00,0.2095,0.38056119603518646,3.624980382766496,21.888689420559455,False,False
0x9d1f0296f3a016727193d2b45704e0debc3b8048fe0715f8bb1e91550d321872,2024-08-14 00:00:02+00:00,0.1945,0.37782334524805433,3.7748866158762753,24.094546751215695,False,False
0x9d1f0296f3a016727193d2b45704e0debc3b8048fe0715f8bb1e91550d321872,2024-08-15 00:00:02+00:00,0.1945,0.37508549446092226,3.7886385275467607,24.18232318329965,False,False
0x9d1f0296f3a016727193d2b45704e0debc3b8048fe0715f8bb1e91550d321872,2024-08-16 00:00:02+00:00,0.1645,0.37234764367379014,4.106092382236999,29.87558098902973,False,False
0x9d1f0296f3a016727193d2b45704e0debc3b8048fe0715f8bb1e91550d321872,2024-08-17 00:00:02+00:00,0.1445,0.3696097928866581,4.350311120091326,35.191068741777315,False,False
0x9d1f0296f3a016727193d2b45704e0debc3b8048fe0715f8bb1e91550d321872,2024-08-18 00:00:02+00:00,0.145,0.36687194209952595,4.360462323225272,35.17210988687455,False,False
0x9d1f0296f3a016727193d2b45704e0debc3b8048fe0715f8bb1e91550d321872,2024-08-19 00:00:02+00:00,0.1465,0.3641340913123938,4.358703605964355,34.85910139909232,False,False
0x9d1f0296f3a016727193d2b45704e0debc3b8048fe0715f8bb1e91550d321872,2024-08-20 00:00:01+00:00,0.151,0.3613962722133496,4.32150107477004,33.70931968868744,False,False
0x9d1f0296f3a016727193d2b45704e0debc3b8048fe0715f8bb1e91550d321872,2024-08-21 00:00:02+00:00,0.1575,0.35865838973812963,4.262369216630466,32.12185364141466,False,False
0x9d1f0296f3a016727193d2b45704e0debc3b8048fe0715f8bb1e91550d321872,2024-08-22 00:00:02+00:00,0.2135,0.35592053895099757,3.712159064168725,22.107008128495796,False,False
0x9d1f0296f3a016727193d2b45704e0debc3b8048fe0715f8bb1e91550d321872,2024-08-23 00:00:02+00:00,0.2275,0.35318268816386544,3.603523847813098,20.504421055161835,False,False
0x9d1f0296f3a016727193d2b45704e0debc3b8048fe0715f8bb1e91550d321872,2024-08-24 00:00:02+00:00,0.24,0.3504448373767333,3.512449075135396,19.25684799964581,False,False
0x9d1f0296f3a016727193d2b45704e0debc3b8048fe0715f8bb1e91550d321872,2024-08-25 00:00:01+00:00,0.246,0.3477070182776891,3.4771816027361244,18.74653125194693,False,False
0x9d1f0296f3a016727193d2b45704e0debc3b8048fe0715f8bb1e91550d321872,2024-08-26 00:00:02+00:00,0.248,0.34496913580246913,3.474750757777489,18.631770964404005,False,False
0x9d1f0296f3a016727193d2b45704e0debc3b8048fe0715f8bb1e91550d321872,2024-08-27 00:00:01+00:00,0.2455,0.3422313167034248,3.5089723133212347,18.943891644410442,False,False
0x9d1f0296f3a016727193d2b45704e0debc3b8048fe0715f8bb1e91550d321872,2024-08-28 00:00:01+00:00,0.2485,0.33949346591629276,3.4985945449509033,18.734333050603837,False,False
0x9d1f0296f3a016727193d2b45704e0debc3b8048fe0715f8bb1e91550d321872,2024-08-29 00:00:02+00:00,0.2425,0.3367555834410728,3.5622313516516915,19.392229466988894,False,False
0x9d1f0296f3a016727193d2b45704e0debc3b8048fe0715f8bb1e91550d321872,2024-08-30 00:00:02+00:00,0.2425,0.33401773265394075,3.576800868595787,19.471543634967365,False,False
0x9d1f0296f3a016727193d2b45704e0debc3b8048fe0715f8bb1e91550d321872,2024-08-31 00:00:02+00:00,0.243,0.3312798818668086,3.587358024536253,19.501704391583917,False,False
0x9d1f0296f3a016727193d2b45704e0debc3b8048fe0715f8bb1e91550d321872,2024-09-01 00:00:02+00:00,0.2445,0.32854203107967656,3.5896866867254045,19.43315041691754,False,False
0x9d1f0296f3a016727193d2b45704e0debc3b8048fe0715f8bb1e91550d321872,2024-09-02 00:00:02+00:00,0.2445,0.32580418029254443,3.6047378528783205,19.514631504635105,False,False
0x9d1f0296f3a016727193d2b45704e0debc3b8048fe0715f8bb1e91550d321872,2024-09-03 00:00:02+00:00,0.2445,0.3230663295054123,3.6199799443656118,19.597146186943256,False,False
0x9d1f0296f3a016727193d2b45704e0debc3b8048fe0715f8bb1e91550d321872,2024-09-04 00:00:02+00:00,0.25,0.32032847871828024,3.5892166206514697,19.142488643474504,False,False
0x9d1f0296f3a016727193d2b45704e0debc3b8048fe0715f8bb1e91550d321872,2024-09-05 00:00:02+00:00,0.257,0.3175906279311481,3.5467998529377627,18.5743978975641,False,False
0x9d1f0296f3a016727193d2b45704e0debc3b8048fe0715f8bb1e91550d321872,2024-09-06 00:00:02+00:00,0.2575,0.314852777144016,3.558087095515937,18.609850455446043,False,False
0x9d1f0296f3a016727193d2b45704e0debc3b8048fe0715f8bb1e91550d321872,2024-09-07 00:00:02+00:00,0.2525,0.3121149263568839,3.615141037766961,19.15369932920672,False,False
0x9d1f0296f3a016727193d2b45704e0debc3b8048fe0715f8bb1e91550d321872,2024-09-08 00:00:02+00:00,0.253,0.3093770755697518,3.62690501310876,19.190887466116166,False,False
0x9d1f0296f3a016727193d2b45704e0debc3b8048fe0715f8bb1e91550d321872,2024-09-09 00:00:01+00:00,0.248,0.30663925647070756,3.685529587484877,19.761976597272206,False,False
0x9d1f0296f3a016727193d2b45704e0debc3b8048fe0715f8bb1e91550d321872,2024-09-10 00:00:02+00:00,0.2565,0.3039013739954876,3.62998305621445,19.034271319411246,False,False
0x9d1f0296f3a016727193d2b45704e0debc3b8048fe0715f8bb1e91550d321872,2024-09-11 00:00:01+00:00,0.2535,0.3011635548964433,3.6717830124677997,19.403015584722393,False,False
0x9d1f0296f3a016727193d2b45704e0debc3b8048fe0715f8bb1e91550d321872,2024-09-12 00:00:02+00:00,0.2945,0.2984256724212234,3.360417170384043,16.173755661659325,False,False
0x9d1f0296f3a016727193d2b45704e0debc3b8048fe0715f8bb1e91550d321872,2024-09-13 00:00:02+00:00,0.3165,0.2956878216340913,3.214699584949173,14.860319977206682,False,False
0x9d1f0296f3a016727193d2b45704e0debc3b8048fe0715f8bb1e91550d321872,2024-09-14 00:00:02+00:00,0.314,0.29294997084695923,3.2476005431183563,15.076788467801697,False,False
0x9d1f0296f3a016727193d2b45704e0debc3b8048fe0715f8bb1e91550d321872,2024-09-15 00:00:02+00:00,0.314,0.2902121200598271,3.2628834569463754,15.147738467931774,False,False
0x9d1f0296f3a016727193d2b45704e0debc3b8048fe0715f8bb1e91550d321872,2024-09-16 00:00:02+00:00,0.311,0.287474269272695,3.300248712701639,15.401643244095961,False,False
0x9d1f0296f3a016727193d2b45704e0debc3b8048fe0715f8bb1e91550d321872,2024-09-17 00:00:02+00:00,0.296,0.2847364184855629,3.42871893123087,16.453849293759934,False,False
0x9d1f0296f3a016727193d2b45704e0debc3b8048fe0715f8bb1e91550d321872,2024-09-18 00:00:02+00:00,0.305,0.2819985676984308,3.376840306699556,15.930370594171745,False,False
0x9d1f0296f3a016727193d2b45704e0debc3b8048fe0715f8bb1e91550d321872,2024-09-19 00:00:01+00:00,0.3885,0.27926074859938654,2.827560220667424,11.902121481840124,False,False
0x9d1f0296f3a016727193d2b45704e0debc3b8048fe0715f8bb1e91550d321872,2024-09-20 00:00:02+00:00,0.384,0.2765228661241666,2.8692232525955115,12.129765509146338,False,False
0x9d1f0296f3a016727193d2b45704e0debc3b8048fe0715f8bb1e91550d321872,2024-09-21 00:00:02+00:00,0.366,0.2737850153370345,2.9979679205062117,12.919825207745996,False,False
0x9d1f0296f3a016727193d2b45704e0debc3b8048fe0715f8bb1e91550d321872,2024-09-22 00:00:02+00:00,0.367,0.2710471645499024,3.0065478285846607,12.94190902963984,False,False
0x9d1f0296f3a016727193d2b45704e0debc3b8048fe0715f8bb1e91550d321872,2024-09-23 00:00:02+00:00,0.367,0.2683093137627703,3.021848428859881,13.007771602979975,False,False
0x9d1f0296f3a016727193d2b45704e0debc3b8048fe0715f8bb1e91550d321872,2024-09-24 00:00:02+00:00,0.3535,0.2655714629756382,3.1277516532811327,13.685930019356244,False,False
0x9d1f0296f3a016727193d2b45704e0debc3b8048fe0715f8bb1e91550d321872,2024-09-25 00:00:02+00:00,0.3065,0.2628336121885061,3.486139420215835,16.400904790419712,False,False
0x9d1f0296f3a016727193d2b45704e0debc3b8048fe0715f8bb1e91550d321872,2024-09-26 00:00:02+00:00,0.305,0.26009576140137397,3.516149537728825,16.58756710804965,False,False
0x9d1f0296f3a016727193d2b45704e0debc3b8048fe0715f8bb1e91550d321872,2024-09-27 00:00:02+00:00,0.335,0.2573579106142419,3.308278484685741,14.8503130274301,False,False
0x9d1f0296f3a016727193d2b45704e0debc3b8048fe0715f8bb1e91550d321872,2024-09-28 00:00:02+00:00,0.3305,0.2546200598271098,3.359021563595503,15.180663256479942,False,False
0x9d1f0296f3a016727193d2b45704e0debc3b8048fe0715f8bb1e91550d321872,2024-09-29 00:00:03+00:00,0.3325,0.2518821773518899,3.3624314965265736,15.149926485997346,False,False
0x9d1f0296f3a016727193d2b45704e0debc3b8048fe0715f8bb1e91550d321872,2024-09-30 00:00:03+00:00,0.3415,0.24914432656475777,3.314862068915283,14.740729435950346,False,False
0x9d1f0296f3a016727193d2b45704e0debc3b8048fe0715f8bb1e91550d321872,2024-10-01 00:00:02+00:00,0.3985,0.2464065074657135,2.9460762242814114,12.290796322791564,False,False
0x9d1f0296f3a016727193d2b45704e0debc3b8048fe0715f8bb1e91550d321872,2024-10-02 00:00:02+00:00,0.387,0.2436686566785814,3.0368323826364776,12.801161663680032,False,False
0x9d1f0296f3a016727193d2b45704e0debc3b8048fe0715f8bb1e91550d321872,2024-10-03 00:00:02+00:00,0.402,0.24093080589144927,2.9570403394117553,12.300705250552236,False,False
0x9d1f0296f3a016727193d2b45704e0debc3b8048fe0715f8bb1e91550d321872,2024-10-04 00:00:02+00:00,0.4295,0.23819295510431718,2.803776499385658,11.442596253661682,False,False
0x9d1f0296f3a016727193d2b45704e0debc3b8048fe0715f8bb1e91550d321872,2024-10-05 00:00:02+00:00,0.6825,0.23545510431718508,1.637963859636805,7.558888337281555,False,False
0x9d1f0296f3a016727193d2b45704e0debc3b8048fe0715f8bb1e91550d321872,2024-10-06 00:00:02+00:00,0.6355,0.232717253530053,1.8259837401133718,7.882860088190268,False,False
0x9d1f0296f3a016727193d2b45704e0debc3b8048fe0715f8bb1e91550d321872,2024-10-07 00:00:02+00:00,0.668,0.2299794027429209,1.7111270002823893,7.7155643544945764,False,False
0x9d1f0296f3a016727193d2b45704e0debc3b8048fe0715f8bb1e91550d321872,2024-10-08 00:00:02+00:00,0.6305,0.22724155195578877,1.867983202589205,8.018136271293612,False,False
0x9d1f0296f3a016727193d2b45704e0debc3b8048fe0715f8bb1e91550d321872,2024-10-09 00:00:02+00:00,0.631,0.22450370116865667,1.8773050132578537,8.06267426529857,False,False
0x9d1f0296f3a016727193d2b45704e0debc3b8048fe0715f8bb1e91550d321872,2024-10-10 00:00:02+00:00,0.6255,0.22176585038152458,1.9114733721872805,8.159980414866101,False,False
0x9d1f0296f3a016727193d2b45704e0debc3b8048fe0715f8bb1e91550d321872,2024-10-11 00:00:03+00:00,0.6315,0.21902796790630466,1.8985694519874434,8.158600012193162,False,False
0x9d1f0296f3a016727193d2b45704e0debc3b8048fe0715f8bb1e91550d321872,2024-10-12 00:00:02+00:00,0.6615,0.21629014880726039,1.7897646466040733,7.992955657173553,False,False
0x9d1f0296f3a016727193d2b45704e0debc3b8048fe0715f8bb1e91550d321872,2024-10-13 00:00:03+00:00,0.6715,0.21355226633204047,1.7621206344641807,7.988297783826077,False,False
0x9d1f0296f3a016727193d2b45704e0debc3b8048fe0715f8bb1e91550d321872,2024-10-14 00:00:02+00:00,0.672,0.21081444723299617,1.7715773478507197,8.037426266018437,False,False
0x9d1f0296f3a016727193d2b45704e0debc3b8048fe0715f8bb1e91550d321872,2024-10-15 00:00:02+00:00,0.6675,0.20807659644586407,1.8009086102248593,8.11425692422003,False,False
0x9d1f0296f3a016727193d2b45704e0debc3b8048fe0715f8bb1e91550d321872,2024-10-16 00:00:03+00:00,0.6665,0.20533871397064415,1.8168568781127683,8.173813519854184,False,False
0x9d1f0296f3a016727193d2b45704e0debc3b8048fe0715f8bb1e91550d321872,2024-10-17 00:00:02+00:00,0.653,0.20260089487159988,1.8839113445293694,8.314149037381757,False,False
0x9d1f0296f3a016727193d2b45704e0debc3b8048fe0715f8bb1e91550d321872,2024-10-18 00:00:02+00:00,0.63,0.19986304408446776,1.9939798696089612,8.554182194804639,False,False
0x9d1f0296f3a016727193d2b45704e0debc3b8048fe0715f8bb1e91550d321872,2024-10-19 00:00:02+00:00,0.6355,0.19712519329733566,1.9839929805057188,8.564993618347968,False,False
0x9d1f0296f3a016727193d2b45704e0debc3b8048fe0715f8bb1e91550d321872,2024-10-20 00:00:02+00:00,0.649,0.19438734251020356,1.9401455062536472,8.516918451150563,False,False
0x9d1f0296f3a016727193d2b45704e0debc3b8048fe0715f8bb1e91550d321872,2024-10-21 00:00:02+00:00,0.652,0.19164949172307147,1.9412193664448965,8.555546886877233,False,False
0x9d1f0296f3a016727193d2b45704e0debc3b8048fe0715f8bb1e91550d321872,2024-10-22 00:00:02+00:00,0.602,0.18891164093593937,2.1786585713082594,9.093050682433176,False,False
0x9d1f0296f3a016727193d2b45704e0debc3b8048fe0715f8bb1e91550d321872,2024-10-23 00:00:02+00:00,0.616,0.18617379014880725,2.129444473106652,9.002318693801795,False,False
0x9d1f0296f3a016727193d2b45704e0debc3b8048fe0715f8bb1e91550d321872,2024-10-24 00:00:03+00:00,0.6085,0.18343590767358733,2.180231854674756,9.151880310647085,False,False
0x9d1f0296f3a016727193d2b45704e0debc3b8048fe0715f8bb1e91550d321872,2024-10-25 00:00:03+00:00,0.624,0.18069805688645524,2.124453279016079,9.054714262036617,False,False
0x9d1f0296f3a016727193d2b45704e0debc3b8048fe0715f8bb1e91550d321872,2024-10-26 00:00:03+00:00,0.616,0.17796020609932314,2.178031417818011,9.207722105900006,False,False
0x9d1f0296f3a016727193d2b45704e0debc3b8048fe0715f8bb1e91550d321872,2024-10-27 00:00:03+00:00,0.613,0.17522235531219105,2.209225480059425,9.312549709183982,False,False
0x9d1f0296f3a016727193d2b45704e0debc3b8048fe0715f8bb1e91550d321872,2024-10-28 00:00:03+00:00,0.607,0.17248450452505895,2.255652535490963,9.455640661707404,False,False
0x9d1f0296f3a016727193d2b45704e0debc3b8048fe0715f8bb1e91550d321872,2024-10-29 00:00:02+00:00,0.5955,0.16974668542601465,2.3306835777201638,9.675714034576023,False,False
0x9d1f0296f3a016727193d2b45704e0debc3b8048fe0715f8bb1e91550d321872,2024-10-30 00:00:03+00:00,0.6395,0.16700880295079473,2.1368388240219294,9.268852005009675,False,False
0x9d1f0296f3a016727193d2b45704e0debc3b8048fe0715f8bb1e91550d321872,2024-10-31 00:00:03+00:00,0.61,0.16427095216366264,2.296474390045946,9.653107986742102,False,False
0x9d1f0296f3a016727193d2b45704e0debc3b8048fe0715f8bb1e91550d321872,2024-11-01 00:00:03+00:00,0.6065,0.16153310137653054,2.333371213836182,9.777060304290064,False,False
0x9d1f0296f3a016727193d2b45704e0debc3b8048fe0715f8bb1e91550d321872,2024-11-02 00:00:03+00:00,0.6785,0.15879525058939845,2.012217492814899,9.224526670944845,False,False
0x9d1f0296f3a016727193d2b45704e0debc3b8048fe0715f8bb1e91550d321872,2024-11-03 00:00:03+00:00,0.682,0.15605739980226632,2.014169511390509,9.287194117332065,False,False
0x9d1f0296f3a016727193d2b45704e0debc3b8048fe0715f8bb1e91550d321872,2024-11-04 00:00:03+00:00,0.704,0.15331954901513423,1.9350994780380553,9.286219086100925,False,False
0x9d1f0296f3a016727193d2b45704e0debc3b8048fe0715f8bb1e91550d321872,2024-11-05 00:00:02+00:00,0.699,0.15058172991608995,1.974539484676554,9.384737972502501,False,False
0x9d1f0296f3a016727193d2b45704e0debc3b8048fe0715f8bb1e91550d321872,2024-11-06 00:00:02+00:00,0.6835,0.14784387912895786,2.062512879140226,9.534203906527136,False,False
0x9d1f0296f3a016727193d2b45704e0debc3b8048fe0715f8bb1e91550d321872,2024-11-07 00:00:03+00:00,0.6565,0.14510599665373794,2.209123816491319,9.79622126730154,False,False
0x9d1f0296f3a016727193d2b45704e0debc3b8048fe0715f8bb1e91550d321872,2024-11-08 00:00:02+00:00,0.705,0.14236817755469364,2.003659061668707,9.634134206845566,False,False
0x9d1f0296f3a016727193d2b45704e0debc3b8048fe0715f8bb1e91550d321872,2024-11-09 00:00:03+00:00,0.6935,0.13963029507947372,2.0757757077160037,9.765702298391867,False,False
0x9d1f0296f3a016727193d2b45704e0debc3b8048fe0715f8bb1e91550d321872,2024-11-10 00:00:02+00:00,0.6995,0.13689247598042945,2.0686063072248557,9.841145421080927,False,False
0x9d1f0296f3a016727193d2b45704e0debc3b8048fe0715f8bb1e91550d321872,2024-11-11 00:00:02+00:00,0.7035,0.13415462519329732,2.0710228795071557,9.928784789649228,False,False
0x9d1f0296f3a016727193d2b45704e0debc3b8048fe0715f8bb1e91550d321872,2024-11-12 00:00:02+00:00,0.703,0.13141677440616523,2.0948253895196043,10.03312110924132,False,False
0x9d1f0296f3a016727193d2b45704e0debc3b8048fe0715f8bb1e91550d321872,2024-11-13 00:00:03+00:00,0.658,0.1286788919309453,2.338220900765558,10.390430423423622,False,False
0x9d1f0296f3a016727193d2b45704e0debc3b8048fe0715f8bb1e91550d321872,2024-11-14 00:00:03+00:00,0.817,0.12594104114381321,1.6355476003205103,10.939312828624717,False,False
0x9d1f0296f3a016727193d2b45704e0debc3b8048fe0715f8bb1e91550d321872,2024-11-15 00:00:03+00:00,0.6445,0.12320319035668112,2.460998700317097,10.74110241616926,False,False
0x9d1f0296f3a016727193d2b45704e0debc3b8048fe0715f8bb1e91550d321872,2024-11-16 00:00:03+00:00,0.6205,0.12046533956954901,2.6216624505674115,11.13328195128206,False,False
0x9d1f0296f3a016727193d2b45704e0debc3b8048fe0715f8bb1e91550d321872,2024-11-17 00:00:03+00:00,0.634,0.11772748878241691,2.575637251813612,11.099779575484012,False,False
0x9d1f0296f3a016727193d2b45704e0debc3b8048fe0715f8bb1e91550d321872,2024-11-18 00:00:03+00:00,0.6345,0.11498963799528482,2.603295953334494,11.225470051752865,False,False
0x9d1f0296f3a016727193d2b45704e0debc3b8048fe0715f8bb1e91550d321872,2024-11-19 00:00:03+00:00,0.636,0.11225178720815271,2.626295601222214,11.344493404961531,False,False
0x9d1f0296f3a016727193d2b45704e0debc3b8048fe0715f8bb1e91550d321872,2024-11-20 00:00:03+00:00,0.6305,0.10951393642102061,2.690804498563639,11.550016680550323,False,False
0x9d1f0296f3a016727193d2b45704e0debc3b8048fe0715f8bb1e91550d321872,2024-11-21 00:00:03+00:00,0.5955,0.1067760856338885,2.9386439500941424,12.199630521428814,False,False
0x9d1f0296f3a016727193d2b45704e0debc3b8048fe0715f8bb1e91550d321872,2024-11-22 00:00:03+00:00,0.588,0.10403823484675641,3.025357431751165,12.488266262759911,False,False
0x9d1f0296f3a016727193d2b45704e0debc3b8048fe0715f8bb1e91550d321872,2024-11-23 00:00:04+00:00,0.573,0.10130035237153649,3.1660647764728584,12.940090065732589,False,False
0x9d1f0296f3a016727193d2b45704e0debc3b8048fe0715f8bb1e91550d321872,2024-11-24 00:00:03+00:00,0.5735,0.0985625332724922,3.20630463471076,13.108479676165297,False,False
0x9d1f0296f3a016727193d2b45704e0debc3b8048fe0715f8bb1e91550d321872,2024-11-25 00:00:03+00:00,0.572,0.09582468248536011,3.262237747351599,13.325263656589435,False,False
0x9d1f0296f3a016727193d2b45704e0debc3b8048fe0715f8bb1e91550d321872,2024-11-26 00:00:04+00:00,0.5835,0.09308680001014019,3.229373164912788,13.288084035311968,False,False
0x9d1f0296f3a016727193d2b45704e0debc3b8048fe0715f8bb1e91550d321872,2024-11-27 00:00:03+00:00,0.653,0.0903489809110959,2.821106696582158,12.450215130266242,False,False
0x9d1f0296f3a016727193d2b45704e0debc3b8048fe0715f8bb1e91550d321872,2024-11-28 00:00:03+00:00,0.6995,0.08761113012396379,2.5857586883401757,12.301435602754884,False,False
0x9d1f0296f3a016727193d2b45704e0debc3b8048fe0715f8bb1e91550d321872,2024-11-29 00:00:04+00:00,0.6955,0.08487324764874389,2.650652974490763,12.516083216127903,False,False
0x9d1f0296f3a016727193d2b45704e0debc3b8048fe0715f8bb1e91550d321872,2024-11-30 00:00:03+00:00,0.698,0.0821354285496996,2.679507202121782,12.711375937502524,False,False
0x9d1f0296f3a016727193d2b45704e0debc3b8048fe0715f8bb1e91550d321872,2024-12-01 00:00:03+00:00,0.6835,0.07939757776256749,2.814457643022901,13.010155391635612,False,False
0x9d1f0296f3a016727193d2b45704e0debc3b8048fe0715f8bb1e91550d321872,2024-12-02 00:00:03+00:00,0.691,0.0766597269754354,2.8170757579303327,13.193560095028229,False,False
0x9d1f0296f3a016727193d2b45704e0debc3b8048fe0715f8bb1e91550d321872,2024-12-03 00:00:03+00:00,0.7535,0.07392187618830329,2.4896616179487316,13.404176684323629,False,False
0x9d1f0296f3a016727193d2b45704e0debc3b8048fe0715f8bb1e91550d321872,2024-12-04 00:00:03+00:00,0.681,0.07118402540117119,2.988864521586692,13.758415945510208,False,False
0x9d1f0296f3a016727193d2b45704e0debc3b8048fe0715f8bb1e91550d321872,2024-12-05 00:00:03+00:00,0.689,0.0684461746140391,2.9945716350770164,13.97510551699894,False,False
0x9d1f0296f3a016727193d2b45704e0debc3b8048fe0715f8bb1e91550d321872,2024-12-06 00:00:03+00:00,0.6885,0.06570832382690699,3.05971207641461,14.266536933476525,False,False
0x9d1f0296f3a016727193d2b45704e0debc3b8048fe0715f8bb1e91550d321872,2024-12-07 00:00:03+00:00,0.849,0.06297047303977489,2.12647616504342,16.587306960611393,False,False
0x9d1f0296f3a016727193d2b45704e0debc3b8048fe0715f8bb1e91550d321872,2024-12-08 00:00:03+00:00,0.8455,0.06023262225264279,2.1950262768847275,16.803417880572592,False,False
0x9d1f0296f3a016727193d2b45704e0debc3b8048fe0715f8bb1e91550d321872,2024-12-09 00:00:02+00:00,0.8555,0.0574948031535985,2.1859947213656987,17.68321584023345,False,False
0x9d1f0296f3a016727193d2b45704e0debc3b8048fe0715f8bb1e91550d321872,2024-12-10 00:00:03+00:00,0.8445,0.05475692067837858,2.308385960673013,17.57836091427994,False,False
0x9d1f0296f3a016727193d2b45704e0debc3b8048fe0715f8bb1e91550d321872,2024-12-11 00:00:03+00:00,0.8375,0.05201906989124648,2.413090296180645,17.731088284220583,False,False
0x9d1f0296f3a016727193d2b45704e0debc3b8048fe0715f8bb1e91550d321872,2024-12-12 00:00:03+00:00,0.937,0.04928121910411438,1.8044665795062107,30.568118099070187,False,False
0x9d1f0296f3a016727193d2b45704e0debc3b8048fe0715f8bb1e91550d321872,2024-12-13 00:00:03+00:00,0.941,0.04654336831698228,1.8253776023418187,32.87843084965178,False,False
0x9d1f0296f3a016727193d2b45704e0debc3b8048fe0715f8bb1e91550d321872,2024-12-14 00:00:03+00:00,0.9505,0.04380551752985018,1.8015871731893267,38.29111043500395,True,False
0x9d1f0296f3a016727193d2b45704e0debc3b8048fe0715f8bb1e91550d321872,2024-12-15 00:00:03+00:00,0.962,0.04106766674271808,1.7523059607728326,47.93483862492699,True,False
0x9d1f0296f3a016727193d2b45704e0debc3b8048fe0715f8bb1e91550d321872,2024-12-16 00:00:03+00:00,0.9645,0.038329815955585975,1.7876735087390936,52.21047200225161,True,False
0x9d1f0296f3a016727193d2b45704e0debc3b8048fe0715f8bb1e91550d321872,2024-12-17 00:00:04+00:00,0.9705,0.03559193348036606,1.7863977337370323,62.39655371552438,True,False
0x9d1f0296f3a016727193d2b45704e0debc3b8048fe0715f8bb1e91550d321872,2024-12-18 00:00:03+00:00,0.9705,0.032854114381321776,1.8593410911458221,64.9443704938333,True,False
0xa0811c97f529d627b7774a5b188e605736b745a1f892c39e16c5a022fdb84b8b,2024-03-09 00:00:03+00:00,0.825,0.5284051068522321,0.7822893501935911,5.418454373635262,False,False
0xa0811c97f529d627b7774a5b188e605736b745a1f892c39e16c5a022fdb84b8b,2024-03-10 00:00:02+00:00,0.845,0.5256672877531878,0.7440235138897536,5.68065290238407,False,False
0xa0811c97f529d627b7774a5b188e605736b745a1f892c39e16c5a022fdb84b8b,2024-03-11 00:00:02+00:00,0.8445,0.5229294369660558,0.746975551939307,5.688219418170588,False,False
0xa0811c97f529d627b7774a5b188e605736b745a1f892c39e16c5a022fdb84b8b,2024-03-12 00:00:02+00:00,0.905,0.5201915861789236,0.6256048185456377,7.276589922019631,False,False
0xa0811c97f529d627b7774a5b188e605736b745a1f892c39e16c5a022fdb84b8b,2024-03-13 00:00:03+00:00,0.915,0.5174537037037037,0.6059693284541828,7.791312484142502,False,False
0xa0811c97f529d627b7774a5b188e605736b745a1f892c39e16c5a022fdb84b8b,2024-03-14 00:00:03+00:00,0.9155,0.5147158529165716,0.6064983851023822,7.8399734371217855,False,False
0xa0811c97f529d627b7774a5b188e605736b745a1f892c39e16c5a022fdb84b8b,2024-03-15 00:00:03+00:00,0.8875,0.5119780021294394,0.6671543832416743,6.681984433093449,False,False
0xa0811c97f529d627b7774a5b188e605736b745a1f892c39e16c5a022fdb84b8b,2024-03-16 00:00:02+00:00,0.885,0.5092401830303952,0.6741154112491811,6.623585470392347,False,False
0xa0811c97f529d627b7774a5b188e605736b745a1f892c39e16c5a022fdb84b8b,2024-03-17 00:00:03+00:00,0.8755,0.5065023005551753,0.695534393094095,6.381064113395625,False,False
0xa0811c97f529d627b7774a5b188e605736b745a1f892c39e16c5a022fdb84b8b,2024-03-18 00:00:03+00:00,0.8605,0.5037644497680432,0.7282483276814613,6.066726460872015,False,False
0xa0811c97f529d627b7774a5b188e605736b745a1f892c39e16c5a022fdb84b8b,2024-03-19 00:00:02+00:00,0.877,0.5010266306689989,0.6962221810999861,6.454210873172458,False,False
0xa0811c97f529d627b7774a5b188e605736b745a1f892c39e16c5a022fdb84b8b,2024-03-20 00:00:03+00:00,0.873,0.498288748193779,0.7064225574449493,6.371571984062102,False,False
0xa0811c97f529d627b7774a5b188e605736b745a1f892c39e16c5a022fdb84b8b,2024-03-21 00:00:03+00:00,0.869,0.4955508974066469,0.7166674787850849,6.2954477708437775,False,False
0xa0811c97f529d627b7774a5b188e605736b745a1f892c39e16c5a022fdb84b8b,2024-03-22 00:00:02+00:00,0.873,0.4928130783076026,0.7103362636872321,6.406871622761877,False,False
0xa0811c97f529d627b7774a5b188e605736b745a1f892c39e16c5a022fdb84b8b,2024-03-23 00:00:03+00:00,0.8795,0.4900751958323827,0.6987229613617137,6.592985559615998,False,False
0xa0811c97f529d627b7774a5b188e605736b745a1f892c39e16c5a022fdb84b8b,2024-03-24 00:00:03+00:00,0.879,0.4873373450452506,0.701733639002886,6.597783346993541,False,False
0xa0811c97f529d627b7774a5b188e605736b745a1f892c39e16c5a022fdb84b8b,2024-03-25 00:00:03+00:00,0.876,0.4845994942581185,0.7100277242023235,6.5365639656275185,False,False
0xa0811c97f529d627b7774a5b188e605736b745a1f892c39e16c5a022fdb84b8b,2024-03-26 00:00:02+00:00,0.87,0.4818616751590742,0.7246741881283613,6.407375668685775,False,False
0xa0811c97f529d627b7774a5b188e605736b745a1f892c39e16c5a022fdb84b8b,2024-03-27 00:00:03+00:00,0.8685,0.4791237926838543,0.7299033147799459,6.391013874101767,False,False
0xa0811c97f529d627b7774a5b188e605736b745a1f892c39e16c5a022fdb84b8b,2024-03-28 00:00:03+00:00,0.871,0.4763859418967222,0.7267122650818882,6.467770851305977,False,False
0xa0811c97f529d627b7774a5b188e605736b745a1f892c39e16c5a022fdb84b8b,2024-03-29 00:00:02+00:00,0.871,0.4736481227976779,0.7288095391769462,6.486436682214564,False,False
0xa0811c97f529d627b7774a5b188e605736b745a1f892c39e16c5a022fdb84b8b,2024-03-30 00:00:02+00:00,0.8705,0.4709102720105458,0.7319887677666707,6.493306050680241,False,False
0xa0811c97f529d627b7774a5b188e605736b745a1f892c39e16c5a022fdb84b8b,2024-03-31 00:00:03+00:00,0.8705,0.46817238953532586,0.7341259909297078,6.512264871781477,False,False
0xa0811c97f529d627b7774a5b188e605736b745a1f892c39e16c5a022fdb84b8b,2024-04-01 00:00:02+00:00,0.875,0.4654345704362816,0.7266435112890544,6.643597817499925,False,False
0xa0811c97f529d627b7774a5b188e605736b745a1f892c39e16c5a022fdb84b8b,2024-04-02 00:00:03+00:00,0.875,0.46269668796106167,0.7287901985552332,6.663224672504989,False,False
0xa0811c97f529d627b7774a5b188e605736b745a1f892c39e16c5a022fdb84b8b,2024-04-03 00:00:03+00:00,0.816,0.4599588371739296,0.858004997512051,5.7145473512897675,False,False
0xa0811c97f529d627b7774a5b188e605736b745a1f892c39e16c5a022fdb84b8b,2024-04-04 00:00:03+00:00,0.8175,0.4572209863867975,0.857297868508686,5.746204975132578,False,False
0xa0811c97f529d627b7774a5b188e605736b745a1f892c39e16c5a022fdb84b8b,2024-04-05 00:00:03+00:00,0.839,0.45448313559966536,0.813140983517403,6.0197438796363825,False,False
0xa0811c97f529d627b7774a5b188e605736b745a1f892c39e16c5a022fdb84b8b,2024-04-06 00:00:03+00:00,0.785,0.4517452848125333,0.9347168494737339,5.5382423313508164,False,False
0xa0811c97f529d627b7774a5b188e605736b745a1f892c39e16c5a022fdb84b8b,2024-04-07 00:00:02+00:00,0.8,0.449007465713489,0.9038607749075706,5.649129843172317,False,False
0xa0811c97f529d627b7774a5b188e605736b745a1f892c39e16c5a022fdb84b8b,2024-04-08 00:00:03+00:00,0.8,0.4462695832382691,0.9066291471254082,5.6664321695338025,False,False
0xa0811c97f529d627b7774a5b188e605736b745a1f892c39e16c5a022fdb84b8b,2024-04-09 00:00:03+00:00,0.785,0.443531732451137,0.9433319352680887,5.589287129421352,False,False
0xa0811c97f529d627b7774a5b188e605736b745a1f892c39e16c5a022fdb84b8b,2024-04-10 00:00:03+00:00,0.7555,0.44079388166400485,1.0148121649636015,5.493793516738743,False,False
0xa0811c97f529d627b7774a5b188e605736b745a1f892c39e16c5a022fdb84b8b,2024-04-11 00:00:03+00:00,0.6,0.4380560308768728,1.4368811134746358,5.987004639477649,False,False
0xa0811c97f529d627b7774a5b188e605736b745a1f892c39e16c5a022fdb84b8b,2024-04-12 00:00:03+00:00,0.585,0.43531818008974066,1.4885480672721048,6.131389423425413,False,False
0xa0811c97f529d627b7774a5b188e605736b745a1f892c39e16c5a022fdb84b8b,2024-04-13 00:00:02+00:00,0.585,0.43258036099069636,1.493251178781057,6.150761729095075,False,False
0xa0811c97f529d627b7774a5b188e605736b745a1f892c39e16c5a022fdb84b8b,2024-04-14 00:00:03+00:00,0.5695,0.42984247851547647,1.5485372576116756,6.316184021934499,False,False
0xa0811c97f529d627b7774a5b188e605736b745a1f892c39e16c5a022fdb84b8b,2024-04-15 00:00:03+00:00,0.565,0.42710462772834434,1.5685086858194621,6.381888661659901,False,False
0xa0811c97f529d627b7774a5b188e605736b745a1f892c39e16c5a022fdb84b8b,2024-04-16 00:00:03+00:00,0.5655,0.4243667769412123,1.571879684375584,6.397302851741064,False,False
0xa0811c97f529d627b7774a5b188e605736b745a1f892c39e16c5a022fdb84b8b,2024-04-17 00:00:03+00:00,0.48,0.42162892615408015,1.8921535550083473,7.580743409488571,False,False
0xa0811c97f529d627b7774a5b188e605736b745a1f892c39e16c5a022fdb84b8b,2024-04-18 00:00:03+00:00,0.48,0.41889107536694803,1.8983269938695544,7.605476738259433,False,False
0xa0811c97f529d627b7774a5b188e605736b745a1f892c39e16c5a022fdb84b8b,2024-04-19 00:00:03+00:00,0.5045,0.41615322457981596,1.8077586252228268,7.23162026213254,False,False
0xa0811c97f529d627b7774a5b188e605736b745a1f892c39e16c5a022fdb84b8b,2024-04-20 00:00:02+00:00,0.4915,0.41341540548077166,1.864633715348317,7.460691001092584,False,False
0xa0811c97f529d627b7774a5b188e605736b745a1f892c39e16c5a022fdb84b8b,2024-04-21 00:00:03+00:00,0.455,0.41067752300555177,2.0221268329845383,8.15455926196003,False,False
0xa0811c97f529d627b7774a5b188e605736b745a1f892c39e16c5a022fdb84b8b,2024-04-22 00:00:03+00:00,0.451,0.40793967221841965,2.046286857842757,8.264519880301444,False,False
0xa0811c97f529d627b7774a5b188e605736b745a1f892c39e16c5a022fdb84b8b,2024-04-23 00:00:02+00:00,0.4345,0.40520185311937534,2.1268152032652936,8.655803049188295,False,False
0xa0811c97f529d627b7774a5b188e605736b745a1f892c39e16c5a022fdb84b8b,2024-04-24 00:00:03+00:00,0.4345,0.40246397064415546,2.1340370925668544,8.685195001691444,False,False
0xa0811c97f529d627b7774a5b188e605736b745a1f892c39e16c5a022fdb84b8b,2024-04-25 00:00:03+00:00,0.395,0.39972611985702333,2.330546790201489,9.752261911084796,False,False
0xa0811c97f529d627b7774a5b188e605736b745a1f892c39e16c5a022fdb84b8b,2024-04-26 00:00:02+00:00,0.4,0.3969883007579791,2.3135608910045673,9.639837045852364,False,False
0xa0811c97f529d627b7774a5b188e605736b745a1f892c39e16c5a022fdb84b8b,2024-04-27 00:00:03+00:00,0.39,0.39425041828275914,2.3720693476219292,9.970867371256533,False,False
0xa0811c97f529d627b7774a5b188e605736b745a1f892c39e16c5a022fdb84b8b,2024-04-28 00:00:03+00:00,0.38,0.391512567495627,2.432237017340361,10.323586661037185,False,False
0xa0811c97f529d627b7774a5b188e605736b745a1f892c39e16c5a022fdb84b8b,2024-04-29 00:00:03+00:00,0.38,0.38877471670849495,2.440786209292366,10.35987355387252,False,False
0xa0811c97f529d627b7774a5b188e605736b745a1f892c39e16c5a022fdb84b8b,2024-04-30 00:00:04+00:00,0.335,0.386036834233275,2.7011981823675324,12.12523031025713,False,False
0xa0811c97f529d627b7774a5b188e605736b745a1f892c39e16c5a022fdb84b8b,2024-05-01 00:00:03+00:00,0.335,0.38329901513423076,2.710828044079786,12.168457161170624,False,False
0xa0811c97f529d627b7774a5b188e605736b745a1f892c39e16c5a022fdb84b8b,2024-05-02 00:00:03+00:00,0.345,0.38056116434709863,2.661691820410993,11.77870038902973,False,False
0xa0811c97f529d627b7774a5b188e605736b745a1f892c39e16c5a022fdb84b8b,2024-05-03 00:00:03+00:00,0.355,0.3778233135599665,2.6137320564588893,11.414923273103568,False,False
0xa0811c97f529d627b7774a5b188e605736b745a1f892c39e16c5a022fdb84b8b,2024-05-04 00:00:03+00:00,0.53,0.37508546277283444,1.8035067219104526,7.240091216019481,False,False
0xa0811c97f529d627b7774a5b188e605736b745a1f892c39e16c5a022fdb84b8b,2024-05-05 00:00:03+00:00,0.555,0.3723476119857023,1.7161519171140511,6.9486867784757615,False,False
0xa0811c97f529d627b7774a5b188e605736b745a1f892c39e16c5a022fdb84b8b,2024-05-06 00:00:02+00:00,0.54,0.3696097928866581,1.7785055090813744,7.159845044611008,False,False
0xa0811c97f529d627b7774a5b188e605736b745a1f892c39e16c5a022fdb84b8b,2024-05-07 00:00:02+00:00,0.535,0.36687194209952595,1.804256959545079,7.252565408682862,False,False
0xa0811c97f529d627b7774a5b188e605736b745a1f892c39e16c5a022fdb84b8b,2024-05-08 00:00:03+00:00,0.5445,0.364134059624306,1.7747168077188513,7.15554631322244,False,False
0xa0811c97f529d627b7774a5b188e605736b745a1f892c39e16c5a022fdb84b8b,2024-05-09 00:00:03+00:00,0.5445,0.36139620883717394,1.781426537789288,7.1825995219706815,False,False
0xa0811c97f529d627b7774a5b188e605736b745a1f892c39e16c5a022fdb84b8b,2024-05-10 00:00:03+00:00,0.485,0.3586583580500418,2.029817192108584,8.126582692857909,False,False
0xa0811c97f529d627b7774a5b188e605736b745a1f892c39e16c5a022fdb84b8b,2024-05-11 00:00:04+00:00,0.47,0.3559204755748219,2.103759492622222,8.445441560105266,False,False
0xa0811c97f529d627b7774a5b188e605736b745a1f892c39e16c5a022fdb84b8b,2024-05-12 00:00:03+00:00,0.47,0.3531826564757776,2.1118977657794145,8.478112267279865,False,False
0xa0811c97f529d627b7774a5b188e605736b745a1f892c39e16c5a022fdb84b8b,2024-05-13 00:00:04+00:00,0.466,0.35044477400055773,2.1382794726446837,8.59285123468793,False,False
0xa0811c97f529d627b7774a5b188e605736b745a1f892c39e16c5a022fdb84b8b,2024-05-14 00:00:03+00:00,0.415,0.34770695490151343,2.39377045429845,9.86003688311585,False,False
0xa0811c97f529d627b7774a5b188e605736b745a1f892c39e16c5a022fdb84b8b,2024-05-15 00:00:04+00:00,0.4195,0.3449690724262935,2.3801924546061533,9.77412491022249,False,False
0xa0811c97f529d627b7774a5b188e605736b745a1f892c39e16c5a022fdb84b8b,2024-05-16 00:00:04+00:00,0.542,0.3422312216391614,1.8404126375753007,7.413963476592037,False,False
0xa0811c97f529d627b7774a5b188e605736b745a1f892c39e16c5a022fdb84b8b,2024-05-17 00:00:03+00:00,0.5965,0.3394934025401171,1.6445067628168464,6.832532037117994,False,False
0xa0811c97f529d627b7774a5b188e605736b745a1f892c39e16c5a022fdb84b8b,2024-05-18 00:00:03+00:00,0.625,0.336755551752985,1.5528435984639068,6.625466020112669,False,False
0xa0811c97f529d627b7774a5b188e605736b745a1f892c39e16c5a022fdb84b8b,2024-05-19 00:00:03+00:00,0.635,0.3340177009658529,1.5257990567056727,6.583104548401133,False,False
0xa0811c97f529d627b7774a5b188e605736b745a1f892c39e16c5a022fdb84b8b,2024-05-20 00:00:03+00:00,0.64,0.3312798501787208,1.5155573633540114,6.577939945112897,False,False
0xa0811c97f529d627b7774a5b188e605736b745a1f892c39e16c5a022fdb84b8b,2024-05-21 00:00:03+00:00,0.6225,0.32854199939158873,1.580651911214541,6.726357238073528,False,False
0xa0811c97f529d627b7774a5b188e605736b745a1f892c39e16c5a022fdb84b8b,2024-05-22 00:00:03+00:00,0.625,0.3258041486044566,1.5787261152602299,6.73589809177698,False,False
0xa0811c97f529d627b7774a5b188e605736b745a1f892c39e16c5a022fdb84b8b,2024-05-23 00:00:03+00:00,0.5915,0.3230662978173245,1.7039894822317516,7.052126596517791,False,False
0xa0811c97f529d627b7774a5b188e605736b745a1f892c39e16c5a022fdb84b8b,2024-05-24 00:00:03+00:00,0.475,0.3203284470301924,2.194061570576896,8.798241887025148,False,False
0xa0811c97f529d627b7774a5b188e605736b745a1f892c39e16c5a022fdb84b8b,2024-05-25 00:00:03+00:00,0.46,0.3175905962430603,2.275069613419053,9.158895384134674,False,False
0xa0811c97f529d627b7774a5b188e605736b745a1f892c39e16c5a022fdb84b8b,2024-05-26 00:00:03+00:00,0.44,0.31485274545592823,2.384560712207753,9.677600293050943,False,False
0xa0811c97f529d627b7774a5b188e605736b745a1f892c39e16c5a022fdb84b8b,2024-05-27 00:00:03+00:00,0.4155,0.3121148946687961,2.5238675889948454,10.392284390455172,False,False
0xa0811c97f529d627b7774a5b188e605736b745a1f892c39e16c5a022fdb84b8b,2024-05-28 00:00:03+00:00,0.425,0.309377043881664,2.483959935390599,10.164541935102195,False,False
0xa0811c97f529d627b7774a5b188e605736b745a1f892c39e16c5a022fdb84b8b,2024-05-29 00:00:04+00:00,0.365,0.3066391614064441,2.838961899866966,12.248783949377483,False,False
0xa0811c97f529d627b7774a5b188e605736b745a1f892c39e16c5a022fdb84b8b,2024-05-30 00:00:03+00:00,0.3475,0.3039013423073998,2.9623359382444425,13.064686185371999,False,False
0xa0811c97f529d627b7774a5b188e605736b745a1f892c39e16c5a022fdb84b8b,2024-05-31 00:00:03+00:00,0.37,0.3011634915202677,2.8337874756566594,12.156960427527496,False,False
0xa0811c97f529d627b7774a5b188e605736b745a1f892c39e16c5a022fdb84b8b,2024-06-01 00:00:03+00:00,0.3855,0.2984256407331356,2.7530046009223046,11.621459353654197,False,False
0xa0811c97f529d627b7774a5b188e605736b745a1f892c39e16c5a022fdb84b8b,2024-06-02 00:00:03+00:00,0.3805,0.2956877899460035,2.7957171608099993,11.860343313659545,False,False
0xa0811c97f529d627b7774a5b188e605736b745a1f892c39e16c5a022fdb84b8b,2024-06-03 00:00:03+00:00,0.3955,0.2929499391588714,2.7194133890660335,11.374503231938435,False,False
0xa0811c97f529d627b7774a5b188e605736b745a1f892c39e16c5a022fdb84b8b,2024-06-04 00:00:02+00:00,0.435,0.2902121200598271,2.5104039943240526,10.214236575420824,False,False
0xa0811c97f529d627b7774a5b188e605736b745a1f892c39e16c5a022fdb84b8b,2024-06-05 00:00:02+00:00,0.515,0.287474269272695,2.1269562791525547,8.515489056761304,False,False
0xa0811c97f529d627b7774a5b188e605736b745a1f892c39e16c5a022fdb84b8b,2024-06-06 00:00:03+00:00,0.59,0.2847363867974751,1.8209114775569895,7.527538146163661,False,False
0xa0811c97f529d627b7774a5b188e605736b745a1f892c39e16c5a022fdb84b8b,2024-06-07 00:00:02+00:00,0.575,0.2819985676984308,1.8894846846625926,7.731906638005493,False,False
0xa0811c97f529d627b7774a5b188e605736b745a1f892c39e16c5a022fdb84b8b,2024-06-08 00:00:02+00:00,0.485,0.2792607169112987,2.3003423777604204,9.209658203424764,False,False
0xa0811c97f529d627b7774a5b188e605736b745a1f892c39e16c5a022fdb84b8b,2024-06-09 00:00:03+00:00,0.45,0.2765228344360788,2.490723939821861,10.063531069987315,False,False
0xa0811c97f529d627b7774a5b188e605736b745a1f892c39e16c5a022fdb84b8b,2024-06-10 00:00:04+00:00,0.446,0.2737849519608589,2.5246059674038763,10.217601979099724,False,False
0xa0811c97f529d627b7774a5b188e605736b745a1f892c39e16c5a022fdb84b8b,2024-06-11 00:00:02+00:00,0.4305,0.2710471645499024,2.6227488044137335,10.697685193274184,False,False
0xa0811c97f529d627b7774a5b188e605736b745a1f892c39e16c5a022fdb84b8b,2024-06-12 00:00:03+00:00,0.415,0.26830928207468246,2.725030343093797,11.224509702785697,False,False
0xa0811c97f529d627b7774a5b188e605736b745a1f892c39e16c5a022fdb84b8b,2024-06-13 00:00:03+00:00,0.555,0.2655714312875504,2.0320731576806903,8.227849611016055,False,False
0xa0811c97f529d627b7774a5b188e605736b745a1f892c39e16c5a022fdb84b8b,2024-06-14 00:00:03+00:00,0.605,0.2628335805004183,1.835168475994747,7.679332465717113,False,False
0xa0811c97f529d627b7774a5b188e605736b745a1f892c39e16c5a022fdb84b8b,2024-06-15 00:00:04+00:00,0.595,0.2600956980251984,1.8848796807979036,7.821888912949076,False,False
0xa0811c97f529d627b7774a5b188e605736b745a1f892c39e16c5a022fdb84b8b,2024-06-16 00:00:04+00:00,0.5895,0.25735784723806626,1.9173764440709071,7.923378754971676,False,False
0xa0811c97f529d627b7774a5b188e605736b745a1f892c39e16c5a022fdb84b8b,2024-06-17 00:00:04+00:00,0.584,0.25461999645093414,1.9505214380606652,8.02868742615856,False,False
0xa0811c97f529d627b7774a5b188e605736b745a1f892c39e16c5a022fdb84b8b,2024-06-18 00:00:03+00:00,0.5855,0.2518821773518899,1.954799099034875,8.05472459811292,False,False
0xa0811c97f529d627b7774a5b188e605736b745a1f892c39e16c5a022fdb84b8b,2024-06-19 00:00:03+00:00,0.5755,0.24914432656475777,2.0080597542683214,8.219655379378494,False,False
0xa0811c97f529d627b7774a5b188e605736b745a1f892c39e16c5a022fdb84b8b,2024-06-20 00:00:04+00:00,0.58,0.24640644408953785,1.9998264724801647,8.209468277833189,False,False
0xa0811c97f529d627b7774a5b188e605736b745a1f892c39e16c5a022fdb84b8b,2024-06-21 00:00:03+00:00,0.582,0.24366862499049358,2.0024337326070665,8.231119110011125,False,False
0xa0811c97f529d627b7774a5b188e605736b745a1f892c39e16c5a022fdb84b8b,2024-06-22 00:00:02+00:00,0.58,0.24093080589144927,2.0224238448702616,8.302232532308134,False,False
0xa0811c97f529d627b7774a5b188e605736b745a1f892c39e16c5a022fdb84b8b,2024-06-23 00:00:03+00:00,0.585,0.23819292341622936,2.0123422165606164,8.288918614192632,False,False
0xa0811c97f529d627b7774a5b188e605736b745a1f892c39e16c5a022fdb84b8b,2024-06-24 00:00:03+00:00,0.585,0.23545507262909726,2.024008070971262,8.336970738219593,False,False
0xa0811c97f529d627b7774a5b188e605736b745a1f892c39e16c5a022fdb84b8b,2024-06-25 00:00:03+00:00,0.5805,0.23271722184196517,2.0556020412582945,8.441212843140216,False,False
0xa0811c97f529d627b7774a5b188e605736b745a1f892c39e16c5a022fdb84b8b,2024-06-26 00:00:03+00:00,0.5855,0.22997937105483307,2.045768129833531,8.42956132194924,False,False
0xa0811c97f529d627b7774a5b188e605736b745a1f892c39e16c5a022fdb84b8b,2024-06-27 00:00:02+00:00,0.582,0.22724155195578877,2.0735479642038825,8.523438252042464,False,False
0xa0811c97f529d627b7774a5b188e605736b745a1f892c39e16c5a022fdb84b8b,2024-06-28 00:00:03+00:00,0.5775,0.22450366948056885,2.106353681307722,8.632818182054754,False,False
0xa0811c97f529d627b7774a5b188e605736b745a1f892c39e16c5a022fdb84b8b,2024-06-29 00:00:02+00:00,0.575,0.22176585038152458,2.130686195978102,8.718920495051057,False,False
0xa0811c97f529d627b7774a5b188e605736b745a1f892c39e16c5a022fdb84b8b,2024-06-30 00:00:02+00:00,0.575,0.21902799959439248,2.143961631648061,8.773244528483113,False,False
0xa0811c97f529d627b7774a5b188e605736b745a1f892c39e16c5a022fdb84b8b,2024-07-01 00:00:02+00:00,0.573,0.21629014880726039,2.1667405166385802,8.855730824816101,False,False
0xa0811c97f529d627b7774a5b188e605736b745a1f892c39e16c5a022fdb84b8b,2024-07-02 00:00:03+00:00,0.5755,0.21355226633204047,2.168952498036678,8.878242806374866,False,False
0xa0811c97f529d627b7774a5b188e605736b745a1f892c39e16c5a022fdb84b8b,2024-07-03 00:00:02+00:00,0.535,0.21081444723299617,2.3801561701883354,9.567505457495068,False,False
0xa0811c97f529d627b7774a5b188e605736b745a1f892c39e16c5a022fdb84b8b,2024-07-04 00:00:03+00:00,0.61,0.20807656475777625,2.0404709173215507,8.577011001771966,False,False
0xa0811c97f529d627b7774a5b188e605736b745a1f892c39e16c5a022fdb84b8b,2024-07-05 00:00:02+00:00,0.6,0.20533874565873197,2.098699291624581,8.744580381769087,False,False
0xa0811c97f529d627b7774a5b188e605736b745a1f892c39e16c5a022fdb84b8b,2024-07-06 00:00:02+00:00,0.6545,0.20260089487159988,1.877754580715081,8.303881204109945,False,False
0xa0811c97f529d627b7774a5b188e605736b745a1f892c39e16c5a022fdb84b8b,2024-07-07 00:00:02+00:00,0.66,0.19986304408446776,1.8679858212917364,8.324357492387417,False,False
0xa0811c97f529d627b7774a5b188e605736b745a1f892c39e16c5a022fdb84b8b,2024-07-08 00:00:02+00:00,0.6625,0.19712519329733566,1.8706493655708198,8.366286470756986,False,False
0xa0811c97f529d627b7774a5b188e605736b745a1f892c39e16c5a022fdb84b8b,2024-07-09 00:00:02+00:00,0.668,0.19438734251020356,1.8611986284085256,8.39224545671545,False,False
0xa0811c97f529d627b7774a5b188e605736b745a1f892c39e16c5a022fdb84b8b,2024-07-10 00:00:03+00:00,0.672,0.19164946003498365,1.8580461791802445,8.42972460792431,False,False
0xa0811c97f529d627b7774a5b188e605736b745a1f892c39e16c5a022fdb84b8b,2024-07-11 00:00:03+00:00,0.685,0.18891160924785155,1.8185617804228786,8.428046717288282,False,False
0xa0811c97f529d627b7774a5b188e605736b745a1f892c39e16c5a022fdb84b8b,2024-07-12 00:00:02+00:00,0.815,0.18617379014880725,1.3520429058271115,8.96728838220601,False,False
0xa0811c97f529d627b7774a5b188e605736b745a1f892c39e16c5a022fdb84b8b,2024-07-13 00:00:03+00:00,0.7975,0.18343590767358733,1.422854685795444,8.810586699457062,False,False
0xa0811c97f529d627b7774a5b188e605736b745a1f892c39e16c5a022fdb84b8b,2024-07-14 00:00:02+00:00,0.787,0.18069808857454306,1.470787772472318,8.77396049938447,False,False
0xa0811c97f529d627b7774a5b188e605736b745a1f892c39e16c5a022fdb84b8b,2024-07-15 00:00:03+00:00,0.78,0.17796020609932314,1.507269980283194,8.783624593724907,False,False
0xa0811c97f529d627b7774a5b188e605736b745a1f892c39e16c5a022fdb84b8b,2024-07-16 00:00:02+00:00,0.8045,0.17522238700027887,1.4308459153768398,9.09745797139708,False,False
0xa0811c97f529d627b7774a5b188e605736b745a1f892c39e16c5a022fdb84b8b,2024-07-17 00:00:01+00:00,0.878,0.17248456790123456,1.1830686571892255,11.044742682598542,False,False
0xa0811c97f529d627b7774a5b188e605736b745a1f892c39e16c5a022fdb84b8b,2024-07-18 00:00:02+00:00,0.834,0.16974668542601465,1.348242958846411,9.738543807217438,False,False
0xa0811c97f529d627b7774a5b188e605736b745a1f892c39e16c5a022fdb84b8b,2024-07-19 00:00:01+00:00,0.8475,0.16700886632697037,1.3110894224813145,10.144315856521608,False,False
0xa0811c97f529d627b7774a5b188e605736b745a1f892c39e16c5a022fdb84b8b,2024-07-20 00:00:01+00:00,0.8255,0.16427101553983828,1.4012311594275717,9.727411254983584,False,False
0xa0811c97f529d627b7774a5b188e605736b745a1f892c39e16c5a022fdb84b8b,2024-07-21 00:00:01+00:00,0.8355,0.16153316475270615,1.3766438045552776,10.016343922011481,False,False
0xa0811c97f529d627b7774a5b188e605736b745a1f892c39e16c5a022fdb84b8b,2024-07-22 00:00:01+00:00,0.836,0.15879531396557406,1.386628689710798,10.11369974406872,False,False
0xa0811c97f529d627b7774a5b188e605736b745a1f892c39e16c5a022fdb84b8b,2024-07-23 00:00:01+00:00,0.828,0.15605746317844196,1.4283546335699857,10.029453387049106,False,False
0xa0811c97f529d627b7774a5b188e605736b745a1f892c39e16c5a022fdb84b8b,2024-07-24 00:00:01+00:00,0.832,0.15331961239130987,1.4260987526321802,10.202744052141854,False,False
0xa0811c97f529d627b7774a5b188e605736b745a1f892c39e16c5a022fdb84b8b,2024-07-25 00:00:01+00:00,0.836,0.15058176160417774,1.423943757541885,10.385865894079565,False,False
0xa0811c97f529d627b7774a5b188e605736b745a1f892c39e16c5a022fdb84b8b,2024-07-26 00:00:02+00:00,0.842,0.14784387912895786,1.414309395120232,10.63102765507255,False,False
0xa0811c97f529d627b7774a5b188e605736b745a1f892c39e16c5a022fdb84b8b,2024-07-27 00:00:02+00:00,0.839,0.14510602834182573,1.4390702972769223,10.653545682725827,False,False
0xa0811c97f529d627b7774a5b188e605736b745a1f892c39e16c5a022fdb84b8b,2024-07-28 00:00:02+00:00,0.8435,0.14236817755469364,1.4354593060418503,10.874053273704389,False,False
0xa0811c97f529d627b7774a5b188e605736b745a1f892c39e16c5a022fdb84b8b,2024-07-29 00:00:02+00:00,0.8685,0.13963032676756154,1.3520704702574442,11.838692823012838,False,False
0xa0811c97f529d627b7774a5b188e605736b745a1f892c39e16c5a022fdb84b8b,2024-07-30 00:00:01+00:00,0.8645,0.13689250766851724,1.3812815319344591,11.791740480361785,False,False
0xa0811c97f529d627b7774a5b188e605736b745a1f892c39e16c5a022fdb84b8b,2024-07-31 00:00:02+00:00,0.852,0.13415462519329732,1.4449705760668212,11.459289557692719,False,False
0xa0811c97f529d627b7774a5b188e605736b745a1f892c39e16c5a022fdb84b8b,2024-08-01 00:00:02+00:00,0.8635,0.13141677440616523,1.4137824355078779,11.994650237303064,False,False
0xa0811c97f529d627b7774a5b188e605736b745a1f892c39e16c5a022fdb84b8b,2024-08-02 00:00:01+00:00,0.8865,0.12867895530712095,1.3348723861055967,13.266768399269475,False,False
0xa0811c97f529d627b7774a5b188e605736b745a1f892c39e16c5a022fdb84b8b,2024-08-03 00:00:02+00:00,0.9465,0.12594107283190104,1.08272580369136,21.38179132547082,False,False
0xa0811c97f529d627b7774a5b188e605736b745a1f892c39e16c5a022fdb84b8b,2024-08-04 00:00:01+00:00,0.9365,0.12320325373285675,1.1436293928371217,19.23108563611574,False,False
0xa0811c97f529d627b7774a5b188e605736b745a1f892c39e16c5a022fdb84b8b,2024-08-05 00:00:01+00:00,0.9425,0.12046540294572464,1.12719185413564,20.79929612059767,False,False
0xa0811c97f529d627b7774a5b188e605736b745a1f892c39e16c5a022fdb84b8b,2024-08-06 00:00:01+00:00,0.952,0.11772755215859254,1.09096250434582,23.874354524374542,True,False
0xa0811c97f529d627b7774a5b188e605736b745a1f892c39e16c5a022fdb84b8b,2024-08-07 00:00:01+00:00,0.953,0.11498970137146045,1.0984289319893228,24.523429528015043,True,False
0xa0811c97f529d627b7774a5b188e605736b745a1f892c39e16c5a022fdb84b8b,2024-08-08 00:00:01+00:00,0.9465,0.11225185058432834,1.1468468513770549,22.64806100936663,False,False
0xa0811c97f529d627b7774a5b188e605736b745a1f892c39e16c5a022fdb84b8b,2024-08-09 00:00:02+00:00,0.9505,0.10951396810910842,1.139422867464156,24.21740535208277,True,False
0xa0811c97f529d627b7774a5b188e605736b745a1f892c39e16c5a022fdb84b8b,2024-08-10 00:00:02+00:00,0.9535,0.10677611732197632,1.1370516422797612,25.64522652321693,True,False
0xa0811c97f529d627b7774a5b188e605736b745a1f892c39e16c5a022fdb84b8b,2024-08-11 00:00:01+00:00,0.9605,0.10403829822293204,1.1102462909319766,29.26340555570285,True,False
0xa0811c97f529d627b7774a5b188e605736b745a1f892c39e16c5a022fdb84b8b,2024-08-12 00:00:01+00:00,0.9475,0.10130044743579994,1.2016725505747403,24.157256953380887,False,False
0xa0811c97f529d627b7774a5b188e605736b745a1f892c39e16c5a022fdb84b8b,2024-08-13 00:00:02+00:00,0.946,0.09856256496058002,1.2267130855847383,24.013645869249416,False,False
0xa0811c97f529d627b7774a5b188e605736b745a1f892c39e16c5a022fdb84b8b,2024-08-14 00:00:02+00:00,0.939,0.09582471417344791,1.28316273369224,22.401975133857764,False,False
0xa0811c97f529d627b7774a5b188e605736b745a1f892c39e16c5a022fdb84b8b,2024-08-15 00:00:02+00:00,0.9485,0.09308686338631582,1.2477118782513574,25.542873075041484,False,False
0xa0811c97f529d627b7774a5b188e605736b745a1f892c39e16c5a022fdb84b8b,2024-08-16 00:00:02+00:00,0.9375,0.09034901259918371,1.3298936558300545,22.696851726166262,False,False
0xa0811c97f529d627b7774a5b188e605736b745a1f892c39e16c5a022fdb84b8b,2024-08-17 00:00:02+00:00,0.9415,0.08761116181205161,1.3275649142099921,24.10347035254694,False,False
0xa0811c97f529d627b7774a5b188e605736b745a1f892c39e16c5a022fdb84b8b,2024-08-18 00:00:02+00:00,0.9365,0.08487331102491952,1.3778781873863528,23.17017521911209,False,False
0xa0811c97f529d627b7774a5b188e605736b745a1f892c39e16c5a022fdb84b8b,2024-08-19 00:00:02+00:00,0.933,0.08213546023778741,1.420916569585878,22.730664516419175,False,False
0xa0811c97f529d627b7774a5b188e605736b745a1f892c39e16c5a022fdb84b8b,2024-08-20 00:00:01+00:00,0.9425,0.07939764113874312,1.3884339050449852,25.619816031276397,False,False
0xa0811c97f529d627b7774a5b188e605736b745a1f892c39e16c5a022fdb84b8b,2024-08-21 00:00:02+00:00,0.933,0.0766597586635232,1.4707884215893292,23.528473734052092,False,False
0xa0811c97f529d627b7774a5b188e605736b745a1f892c39e16c5a022fdb84b8b,2024-08-22 00:00:02+00:00,0.937,0.07392190787639111,1.4733400030933883,24.958750539435034,False,False
0xa0811c97f529d627b7774a5b188e605736b745a1f892c39e16c5a022fdb84b8b,2024-08-23 00:00:02+00:00,0.9455,0.07118405708925901,1.446768326222355,28.07636998476327,False,False
0xa0811c97f529d627b7774a5b188e605736b745a1f892c39e16c5a022fdb84b8b,2024-08-24 00:00:02+00:00,0.972,0.0684462063021269,1.275088862041234,46.850707746958875,True,False
0xa0811c97f529d627b7774a5b188e605736b745a1f892c39e16c5a022fdb84b8b,2024-08-25 00:00:01+00:00,0.9675,0.06570838720308261,1.340579010571829,42.634196321107694,True,False
0xa0811c97f529d627b7774a5b188e605736b745a1f892c39e16c5a022fdb84b8b,2024-08-26 00:00:02+00:00,0.9685,0.0629705047278627,1.3607462195815974,44.60329652568932,True,False
0xa0811c97f529d627b7774a5b188e605736b745a1f892c39e16c5a022fdb84b8b,2024-08-27 00:00:01+00:00,0.9615,0.060232685628818415,1.4510170304101653,39.197872112977315,True,False
0xa0811c97f529d627b7774a5b188e605736b745a1f892c39e16c5a022fdb84b8b,2024-08-28 00:00:01+00:00,0.962,0.05749483484168631,1.4809675323630107,40.5122970883852,True,False
0xa0811c97f529d627b7774a5b188e605736b745a1f892c39e16c5a022fdb84b8b,2024-08-29 00:00:02+00:00,0.964,0.054756952366466397,1.5000987049109817,43.225527458246326,True,False
0xa0811c97f529d627b7774a5b188e605736b745a1f892c39e16c5a022fdb84b8b,2024-08-30 00:00:02+00:00,0.9495,0.052019101579334294,1.6611926263080172,34.64444812137743,False,False
0xa0811c97f529d627b7774a5b188e605736b745a1f892c39e16c5a022fdb84b8b,2024-08-31 00:00:02+00:00,0.961,0.0492812507922022,1.608667733540917,42.921842459535085,True,False
0xa0811c97f529d627b7774a5b188e605736b745a1f892c39e16c5a022fdb84b8b,2024-09-01 00:00:02+00:00,0.9565,0.046543400005070096,1.6960071027928274,40.76180766306344,True,False
0xa0811c97f529d627b7774a5b188e605736b745a1f892c39e16c5a022fdb84b8b,2024-09-02 00:00:02+00:00,0.9615,0.04380554921793799,1.7014690700475006,45.963600436209695,True,False
0xa0811c97f529d627b7774a5b188e605736b745a1f892c39e16c5a022fdb84b8b,2024-09-03 00:00:02+00:00,0.9635,0.04106769843080589,1.7372439181202435,49.39877922586019,True,False
0xa0811c97f529d627b7774a5b188e605736b745a1f892c39e16c5a022fdb84b8b,2024-09-04 00:00:02+00:00,0.969,0.03832984764367379,1.7385095424382422,57.875080476655036,True,False
0xa0811c97f529d627b7774a5b188e605736b745a1f892c39e16c5a022fdb84b8b,2024-09-05 00:00:02+00:00,0.9735,0.035591996856541686,1.7495986375844546,67.81981520033555,True,False
0xa0811c97f529d627b7774a5b188e605736b745a1f892c39e16c5a022fdb84b8b,2024-09-06 00:00:02+00:00,0.958,0.03285414606940959,2.002739297056952,49.7748110412802,True,False
0xa0811c97f529d627b7774a5b188e605736b745a1f892c39e16c5a022fdb84b8b,2024-09-07 00:00:02+00:00,0.9765,0.030116295282277487,1.859759308546614,81.04320940164577,True,False
0xa0811c97f529d627b7774a5b188e605736b745a1f892c39e16c5a022fdb84b8b,2024-09-08 00:00:02+00:00,0.9815,0.027378444495145385,1.869757198021348,102.97295634213226,True,False
0xa0811c97f529d627b7774a5b188e605736b745a1f892c39e16c5a022fdb84b8b,2024-09-09 00:00:01+00:00,0.9745,0.0246406253961011,2.0874861607227144,84.00431234610879,True,False
0xa0811c97f529d627b7774a5b188e605736b745a1f892c39e16c5a022fdb84b8b,2024-09-10 00:00:02+00:00,0.973,0.021902742920881183,2.2382976086460378,85.20032007331415,True,False
0xa0811c97f529d627b7774a5b188e605736b745a1f892c39e16c5a022fdb84b8b,2024-09-11 00:00:01+00:00,0.9695,0.019164923821836894,2.450626069140481,82.87611728677054,True,False
0xa0811c97f529d627b7774a5b188e605736b745a1f892c39e16c5a022fdb84b8b,2024-09-12 00:00:02+00:00,0.983,0.016427041346616978,2.379730017597239,142.4050037458702,True,False
0xa0811c97f529d627b7774a5b188e605736b745a1f892c39e16c5a022fdb84b8b,2024-09-13 00:00:02+00:00,0.9815,0.013689190559484879,2.6442390482529,145.6259199654641,True,False
0xa0811c97f529d627b7774a5b188e605736b745a1f892c39e16c5a022fdb84b8b,2024-09-14 00:00:02+00:00,0.9845,0.010951339772352776,2.870722941001484,188.12385137380966,True,False
0xa0811c97f529d627b7774a5b188e605736b745a1f892c39e16c5a022fdb84b8b,2024-09-15 00:00:02+00:00,0.9825,0.008213488985220676,3.3817822187634308,196.68671574051257,True,False
0xa0811c97f529d627b7774a5b188e605736b745a1f892c39e16c5a022fdb84b8b,2024-09-16 00:00:02+00:00,0.983,0.005475638198088575,4.1218292009855375,246.65365334124434,True,False
0xa0811c97f529d627b7774a5b188e605736b745a1f892c39e16c5a022fdb84b8b,2024-09-17 00:00:02+00:00,0.985,0.002737787410956473,5.711232761720503,386.54705663082905,True,False
0xa0811c97f529d627b7774a5b188e605736b745a1f892c39e16c5a022fdb84b8b,2024-09-18 00:00:02+00:00,0.9865,0.0,,,True,False
0xa1d06c273030c75b85ecfee08b2ff1f0e510c07f12152f81c707eb83deaab8ba,2024-02-01 00:00:02+00:00,0.75,0.12594107283190104,1.9229780043176428,10.255882689694095,False,False
0xa1d06c273030c75b85ecfee08b2ff1f0e510c07f12152f81c707eb83deaab8ba,2024-02-02 00:00:02+00:00,0.75,0.12320322204476893,1.9442270359897083,10.369210858611778,False,False
0xa1d06c273030c75b85ecfee08b2ff1f0e510c07f12152f81c707eb83deaab8ba,2024-02-03 00:00:02+00:00,0.75,0.12046537125763683,1.9661964118857584,10.486380863390712,False,False
0xa1d06c273030c75b85ecfee08b2ff1f0e510c07f12152f81c707eb83deaab8ba,2024-02-04 00:00:03+00:00,0.75,0.11772748878241691,1.9889280412535337,10.607616220018846,False,False
0xa1d06c273030c75b85ecfee08b2ff1f0e510c07f12152f81c707eb83deaab8ba,2024-02-05 00:00:02+00:00,0.75,0.11498966968337263,2.012466212590283,10.733153133814843,False,False
0xa1d06c273030c75b85ecfee08b2ff1f0e510c07f12152f81c707eb83deaab8ba,2024-02-06 00:00:02+00:00,0.75,0.11225181889624053,2.036860646794906,10.863256782906165,False,False
0xa1d06c273030c75b85ecfee08b2ff1f0e510c07f12152f81c707eb83deaab8ba,2024-02-07 00:00:02+00:00,0.515,0.10951396810910842,3.4460636477793796,13.796671595553516,False,False
0xa1d06c273030c75b85ecfee08b2ff1f0e510c07f12152f81c707eb83deaab8ba,2024-02-08 00:00:02+00:00,0.5225,0.10677611732197632,3.434665423854007,13.766538936762972,False,False
0xa1d06c273030c75b85ecfee08b2ff1f0e510c07f12152f81c707eb83deaab8ba,2024-02-09 00:00:02+00:00,0.5225,0.10403826653484421,3.479564943937892,13.946501441169938,False,False
0xa1d06c273030c75b85ecfee08b2ff1f0e510c07f12152f81c707eb83deaab8ba,2024-02-10 00:00:03+00:00,0.5225,0.10130038405962431,3.526273184136233,14.133713506395383,False,False
0xa1d06c273030c75b85ecfee08b2ff1f0e510c07f12152f81c707eb83deaab8ba,2024-02-11 00:00:03+00:00,0.5225,0.0985625332724922,3.5749137792714825,14.328670675203215,False,False
0xa1d06c273030c75b85ecfee08b2ff1f0e510c07f12152f81c707eb83deaab8ba,2024-02-12 00:00:03+00:00,0.5225,0.09582468248536011,3.6256243589629356,14.531924583132584,False,False
0xa1d06c273030c75b85ecfee08b2ff1f0e510c07f12152f81c707eb83deaab8ba,2024-02-13 00:00:02+00:00,0.5225,0.09308686338631582,3.678555409145451,14.744078395332352,False,False
0xa1d06c273030c75b85ecfee08b2ff1f0e510c07f12152f81c707eb83deaab8ba,2024-02-14 00:00:03+00:00,0.5225,0.0903489809110959,3.7338758293334933,14.965809080722435,False,False
0xa1d06c273030c75b85ecfee08b2ff1f0e510c07f12152f81c707eb83deaab8ba,2024-02-15 00:00:03+00:00,0.5225,0.08761113012396379,3.7917688917943404,15.197851215889537,False,False
0xa1d06c273030c75b85ecfee08b2ff1f0e510c07f12152f81c707eb83deaab8ba,2024-02-16 00:00:03+00:00,0.5225,0.0848732793368317,3.852441113928129,15.44103254661942,False,False
0xa1d06c273030c75b85ecfee08b2ff1f0e510c07f12152f81c707eb83deaab8ba,2024-02-17 00:00:02+00:00,0.96,0.08213546023778741,1.2529960961658988,32.63010667098692,True,False
0xa1d06c273030c75b85ecfee08b2ff1f0e510c07f12152f81c707eb83deaab8ba,2024-02-18 00:00:02+00:00,0.965,0.07939760945065531,1.2383924049194568,36.66594833218226,True,False
0xa1d06c273030c75b85ecfee08b2ff1f0e510c07f12152f81c707eb83deaab8ba,2024-02-19 00:00:02+00:00,0.962,0.0766597586635232,1.2825556819254118,35.084683278406025,True,False
0xa1d06c273030c75b85ecfee08b2ff1f0e510c07f12152f81c707eb83deaab8ba,2024-02-20 00:00:02+00:00,0.9615,0.07392190787639111,1.3097911147979728,35.382785685190846,True,False
0xa1d06c273030c75b85ecfee08b2ff1f0e510c07f12152f81c707eb83deaab8ba,2024-02-21 00:00:03+00:00,0.9615,0.07118402540117119,1.3347420780224235,36.05681269181471,True,False
0xa1d06c273030c75b85ecfee08b2ff1f0e510c07f12152f81c707eb83deaab8ba,2024-02-22 00:00:02+00:00,0.9345,0.0684462063021269,1.5470668853000749,25.274844045271788,False,False
0xa1d06c273030c75b85ecfee08b2ff1f0e510c07f12152f81c707eb83deaab8ba,2024-02-23 00:00:02+00:00,0.9345,0.0657083555149948,1.5789685583510655,25.796030180666733,False,False
0xa1d06c273030c75b85ecfee08b2ff1f0e510c07f12152f81c707eb83deaab8ba,2024-02-24 00:00:02+00:00,0.9365,0.0629705047278627,1.5996604607637062,26.89962981218738,False,False
0xa1d06c273030c75b85ecfee08b2ff1f0e510c07f12152f81c707eb83deaab8ba,2024-02-25 00:00:02+00:00,0.9445,0.0602326539407306,1.5799418315812304,30.140201576337745,False,False
0xa1d06c273030c75b85ecfee08b2ff1f0e510c07f12152f81c707eb83deaab8ba,2024-02-26 00:00:02+00:00,0.954,0.0574948031535985,1.5456516257109543,35.22130219922872,True,False
0xa1d06c273030c75b85ecfee08b2ff1f0e510c07f12152f81c707eb83deaab8ba,2024-02-27 00:00:02+00:00,0.9535,0.054756952366466397,1.5878066551474936,35.811620011107784,True,False
0xa1d06c273030c75b85ecfee08b2ff1f0e510c07f12152f81c707eb83deaab8ba,2024-02-28 00:00:03+00:00,0.954,0.05201906989124648,1.6249672756702094,37.028695553509436,True,False
0xa1d06c273030c75b85ecfee08b2ff1f0e510c07f12152f81c707eb83deaab8ba,2024-02-29 00:00:02+00:00,0.9545,0.0492812507922022,1.6652767140925198,38.344146906038375,True,False
0xa1d06c273030c75b85ecfee08b2ff1f0e510c07f12152f81c707eb83deaab8ba,2024-03-01 00:00:02+00:00,0.9545,0.046543400005070096,1.7135556668390277,39.45580314966188,True,False
0xa1d06c273030c75b85ecfee08b2ff1f0e510c07f12152f81c707eb83deaab8ba,2024-03-02 00:00:03+00:00,0.954,0.04380551752985018,1.7707673386821936,40.35109239545603,True,False
0xa1d06c273030c75b85ecfee08b2ff1f0e510c07f12152f81c707eb83deaab8ba,2024-03-03 00:00:03+00:00,0.9545,0.04106766674271808,1.8242201799817526,42.00393002450516,True,False
0xa1d06c273030c75b85ecfee08b2ff1f0e510c07f12152f81c707eb83deaab8ba,2024-03-04 00:00:03+00:00,0.961,0.038329815955585975,1.8240588455664681,48.66882375640936,True,False
0xa1d06c273030c75b85ecfee08b2ff1f0e510c07f12152f81c707eb83deaab8ba,2024-03-05 00:00:03+00:00,0.961,0.03559196516845387,1.8929155025231221,50.506030110811935,True,False
0xa1d06c273030c75b85ecfee08b2ff1f0e510c07f12152f81c707eb83deaab8ba,2024-03-06 00:00:03+00:00,0.963,0.032854114381321776,1.9479441697097768,54.66992702168828,True,False
0xa1d06c273030c75b85ecfee08b2ff1f0e510c07f12152f81c707eb83deaab8ba,2024-03-07 00:00:02+00:00,0.9625,0.030116295282277487,2.040422878897616,56.53119664478247,True,False
0xa1d06c273030c75b85ecfee08b2ff1f0e510c07f12152f81c707eb83deaab8ba,2024-03-08 00:00:02+00:00,0.9625,0.027378444495145385,2.140013794575369,59.29042547741286,True,False
0xa1d06c273030c75b85ecfee08b2ff1f0e510c07f12152f81c707eb83deaab8ba,2024-03-09 00:00:03+00:00,0.969,0.02464056201992547,2.1683047472670762,72.18298702576898,True,False
0xa1d06c273030c75b85ecfee08b2ff1f0e510c07f12152f81c707eb83deaab8ba,2024-03-10 00:00:02+00:00,0.9715,0.021902742920881183,2.26184425410454,81.6911541784559,True,False
0xa1d06c273030c75b85ecfee08b2ff1f0e510c07f12152f81c707eb83deaab8ba,2024-03-11 00:00:02+00:00,0.9705,0.01916489213374908,2.4344494439910975,85.03215864585265,True,False
0xa1d06c273030c75b85ecfee08b2ff1f0e510c07f12152f81c707eb83deaab8ba,2024-03-12 00:00:02+00:00,0.973,0.016427041346616978,2.5845647001541754,98.3809029025988,True,False
0xa1d06c273030c75b85ecfee08b2ff1f0e510c07f12152f81c707eb83deaab8ba,2024-03-13 00:00:03+00:00,0.986,0.013689158871397064,2.526274144162395,183.01029731689312,True,False
0xa1d06c273030c75b85ecfee08b2ff1f0e510c07f12152f81c707eb83deaab8ba,2024-03-14 00:00:03+00:00,0.9875,0.010951308084264963,2.7752974457927473,224.83422345662842,True,False
0xa1d06c273030c75b85ecfee08b2ff1f0e510c07f12152f81c707eb83deaab8ba,2024-03-15 00:00:03+00:00,0.984,0.008213457297132862,3.3319974214532238,211.63601508214055,True,False
0xa1d06c273030c75b85ecfee08b2ff1f0e510c07f12152f81c707eb83deaab8ba,2024-03-16 00:00:02+00:00,0.9835,0.005475638198088575,4.101507802942509,252.74654853214517,True,False
0xa1d06c273030c75b85ecfee08b2ff1f0e510c07f12152f81c707eb83deaab8ba,2024-03-17 00:00:03+00:00,0.985,0.002737755722868659,5.711265813888031,386.5492936641642,True,False
0xa1d06c273030c75b85ecfee08b2ff1f0e510c07f12152f81c707eb83deaab8ba,2024-03-18 00:00:03+00:00,0.991,0.0,,,True,False
0xa1d06c273030c75b85ecfee08b2ff1f0e510c07f12152f81c707eb83deaab8ba,2024-03-19 00:00:02+00:00,0.9925,0.0,,,True,False
0xa1d06c273030c75b85ecfee08b2ff1f0e510c07f12152f81c707eb83deaab8ba,2024-03-20 00:00:03+00:00,0.9925,0.0,,,True,False
0xa1d06c273030c75b85ecfee08b2ff1f0e510c07f12152f81c707eb83deaab8ba,2024-03-21 00:00:03+00:00,0.996,0.0,,,True,False
0xa81f535a21c9fc890b335131ad726476605c563ad6b9a096568a0556db26987a,2023-12-19 00:00:02+00:00,0.435,0.2518822090399777,2.6946517338700473,10.963896791252356,False,False
0xa81f535a21c9fc890b335131ad726476605c563ad6b9a096568a0556db26987a,2023-12-20 00:00:02+00:00,0.42,0.2491443582528456,2.797767264469205,11.485087292566522,False,False
0xa81f535a21c9fc890b335131ad726476605c563ad6b9a096568a0556db26987a,2023-12-21 00:00:03+00:00,0.4,0.24640647577762567,2.936592800818274,12.235803336742809,False,False
0xa81f535a21c9fc890b335131ad726476605c563ad6b9a096568a0556db26987a,2023-12-22 00:00:02+00:00,0.435,0.2436686566785814,2.739690826944164,11.147150145231063,False,False
0xa81f535a21c9fc890b335131ad726476605c563ad6b9a096568a0556db26987a,2023-12-23 00:00:02+00:00,0.475,0.24093080589144927,2.529882775599656,10.144893335737969,False,False
0xa81f535a21c9fc890b335131ad726476605c563ad6b9a096568a0556db26987a,2023-12-24 00:00:02+00:00,0.535,0.23819295510431718,2.239191218681142,9.000869133478613,False,False
0xa81f535a21c9fc890b335131ad726476605c563ad6b9a096568a0556db26987a,2023-12-25 00:00:02+00:00,0.54,0.23545510431718508,2.228296071580937,8.970596101372532,False,False
0xa81f535a21c9fc890b335131ad726476605c563ad6b9a096568a0556db26987a,2023-12-26 00:00:02+00:00,0.555,0.232717253530053,2.1707795660261757,8.789470861529207,False,False
0xa81f535a21c9fc890b335131ad726476605c563ad6b9a096568a0556db26987a,2023-12-27 00:00:03+00:00,0.565,0.22997937105483307,2.137517237010898,8.69704907745254,False,False
0xa81f535a21c9fc890b335131ad726476605c563ad6b9a096568a0556db26987a,2023-12-28 00:00:03+00:00,0.545,0.22724152026770097,2.2441545087161776,9.049922406356195,False,False
0xa81f535a21c9fc890b335131ad726476605c563ad6b9a096568a0556db26987a,2023-12-29 00:00:02+00:00,0.545,0.22450370116865667,2.2577967574397673,9.104937019617974,False,False
0xa81f535a21c9fc890b335131ad726476605c563ad6b9a096568a0556db26987a,2023-12-30 00:00:02+00:00,0.555,0.22176585038152458,2.223733205615245,9.00387976764954,False,False
0xa81f535a21c9fc890b335131ad726476605c563ad6b9a096568a0556db26987a,2023-12-31 00:00:02+00:00,0.56,0.21902799959439248,2.2138261432418433,8.984684022897092,False,False
0xa81f535a21c9fc890b335131ad726476605c563ad6b9a096568a0556db26987a,2024-01-01 00:00:02+00:00,0.56,0.21629014880726039,2.227793643251855,9.041370305405257,False,False
0xa81f535a21c9fc890b335131ad726476605c563ad6b9a096568a0556db26987a,2024-01-02 00:00:02+00:00,0.555,0.21355229802012826,2.266093847358508,9.175397701623679,False,False
0xa81f535a21c9fc890b335131ad726476605c563ad6b9a096568a0556db26987a,2024-01-03 00:00:02+00:00,0.63,0.21081444723299617,1.9414974900627462,8.329032561401743,False,False
0xa81f535a21c9fc890b335131ad726476605c563ad6b9a096568a0556db26987a,2024-01-04 00:00:02+00:00,0.545,0.20807659644586407,2.3452275098482334,9.457515918331417,False,False
0xa81f535a21c9fc890b335131ad726476605c563ad6b9a096568a0556db26987a,2024-01-05 00:00:03+00:00,0.46,0.20533871397064415,2.8293917856780353,11.390466125918016,False,False
0xa81f535a21c9fc890b335131ad726476605c563ad6b9a096568a0556db26987a,2024-01-06 00:00:02+00:00,0.48,0.20260089487159988,2.7296118668258282,10.935944979270145,False,False
0xa81f535a21c9fc890b335131ad726476605c563ad6b9a096568a0556db26987a,2024-01-07 00:00:02+00:00,0.475,0.19986304408446776,2.7776678745911405,11.13851779284668,False,False
0xa81f535a21c9fc890b335131ad726476605c563ad6b9a096568a0556db26987a,2024-01-08 00:00:02+00:00,0.465,0.19712519329733566,2.8571217814562124,11.484762461888103,False,False
0xa81f535a21c9fc890b335131ad726476605c563ad6b9a096568a0556db26987a,2024-01-09 00:00:03+00:00,0.465,0.19438731082211574,2.8771722458833677,11.565359243828231,False,False
0xa81f535a21c9fc890b335131ad726476605c563ad6b9a096568a0556db26987a,2024-01-10 00:00:03+00:00,0.405,0.19164946003498365,3.2942112004264534,13.67034422834922,False,False
0xa81f535a21c9fc890b335131ad726476605c563ad6b9a096568a0556db26987a,2024-01-11 00:00:03+00:00,0.41,0.18891160924785155,3.2825837459162344,13.570003083572692,False,False
0xa81f535a21c9fc890b335131ad726476605c563ad6b9a096568a0556db26987a,2024-01-12 00:00:03+00:00,0.39,0.18617375846071946,3.451868396259829,14.509745255400711,False,False
0xa81f535a21c9fc890b335131ad726476605c563ad6b9a096568a0556db26987a,2024-01-13 00:00:02+00:00,0.515,0.18343593936167515,2.662660760485555,10.660237255472143,False,False
0xa81f535a21c9fc890b335131ad726476605c563ad6b9a096568a0556db26987a,2024-01-14 00:00:02+00:00,0.53,0.18069808857454306,2.598400566604415,10.431154422338079,False,False
0xa81f535a21c9fc890b335131ad726476605c563ad6b9a096568a0556db26987a,2024-01-15 00:00:03+00:00,0.535,0.17796020609932314,2.5905631798131568,10.413277780376472,False,False
0xa81f535a21c9fc890b335131ad726476605c563ad6b9a096568a0556db26987a,2024-01-16 00:00:02+00:00,0.535,0.17522238700027887,2.610723283440524,10.49431527862737,False,False
0xa81f535a21c9fc890b335131ad726476605c563ad6b9a096568a0556db26987a,2024-01-17 00:00:03+00:00,0.45,0.17248450452505895,3.1536685871123313,12.742095301463964,False,False
0xa81f535a21c9fc890b335131ad726476605c563ad6b9a096568a0556db26987a,2024-01-18 00:00:02+00:00,0.395,0.16974668542601465,3.5763370279185454,14.965318664791486,False,False
0xa81f535a21c9fc890b335131ad726476605c563ad6b9a096568a0556db26987a,2024-01-19 00:00:02+00:00,0.37,0.16700883463888255,3.805385994657477,16.32512224220282,False,False
0xa81f535a21c9fc890b335131ad726476605c563ad6b9a096568a0556db26987a,2024-01-20 00:00:03+00:00,0.36,0.16427095216366264,3.921075277325163,17.01855589116824,False,False
0xa81f535a21c9fc890b335131ad726476605c563ad6b9a096568a0556db26987a,2024-01-21 00:00:02+00:00,0.35,0.16153313306461836,4.041128167804464,17.76320073760204,False,False
0xa81f535a21c9fc890b335131ad726476605c563ad6b9a096568a0556db26987a,2024-01-22 00:00:02+00:00,0.35,0.15879528227748624,4.075816613217023,17.915677420734166,False,False
0xa81f535a21c9fc890b335131ad726476605c563ad6b9a096568a0556db26987a,2024-01-23 00:00:03+00:00,0.325,0.15605739980226632,4.342799955498233,19.796239113382256,False,False
0xa81f535a21c9fc890b335131ad726476605c563ad6b9a096568a0556db26987a,2024-01-24 00:00:02+00:00,0.315,0.15331958070322205,4.479187700250529,20.75860363920996,False,False
0xa81f535a21c9fc890b335131ad726476605c563ad6b9a096568a0556db26987a,2024-01-25 00:00:02+00:00,0.335,0.15058172991608995,4.324985746015581,19.41414317592001,False,False
0xa81f535a21c9fc890b335131ad726476605c563ad6b9a096568a0556db26987a,2024-01-26 00:00:02+00:00,0.38,0.14784387912895786,3.958011694894722,16.79971008019831,False,False
0xa81f535a21c9fc890b335131ad726476605c563ad6b9a096568a0556db26987a,2024-01-27 00:00:02+00:00,0.385,0.14510602834182573,3.952305500844182,16.692241583123987,False,False
0xa81f535a21c9fc890b335131ad726476605c563ad6b9a096568a0556db26987a,2024-01-28 00:00:02+00:00,0.385,0.14236817755469364,3.990127484590587,16.851979662509077,False,False
0xa81f535a21c9fc890b335131ad726476605c563ad6b9a096568a0556db26987a,2024-01-29 00:00:02+00:00,0.405,0.13963032676756154,3.8593606305328376,16.015605894938634,False,False
0xa81f535a21c9fc890b335131ad726476605c563ad6b9a096568a0556db26987a,2024-01-30 00:00:02+00:00,0.415,0.13689247598042945,3.815042687607192,15.714314437677656,False,False
0xa81f535a21c9fc890b335131ad726476605c563ad6b9a096568a0556db26987a,2024-01-31 00:00:02+00:00,0.355,0.13415462519329732,4.386343264462195,19.156428712576464,False,False
0xa81f535a21c9fc890b335131ad726476605c563ad6b9a096568a0556db26987a,2024-02-01 00:00:02+00:00,0.245,0.13141677440616523,5.669181797820206,30.648367605461313,False,False
0xa81f535a21c9fc890b335131ad726476605c563ad6b9a096568a0556db26987a,2024-02-02 00:00:02+00:00,0.245,0.12867892361903313,5.7291748396891595,30.972698146717985,False,False
0xa81f535a21c9fc890b335131ad726476605c563ad6b9a096568a0556db26987a,2024-02-03 00:00:02+00:00,0.135,0.12594107283190104,7.654540535976036,65.54948007686608,False,False
0xa81f535a21c9fc890b335131ad726476605c563ad6b9a096568a0556db26987a,2024-02-04 00:00:03+00:00,0.135,0.12320319035668112,7.739124700630793,66.27381460612968,False,False
0xa81f535a21c9fc890b335131ad726476605c563ad6b9a096568a0556db26987a,2024-02-05 00:00:02+00:00,0.125,0.12046537125763683,8.057004874612293,73.66404456788382,False,False
0xa81f535a21c9fc890b335131ad726476605c563ad6b9a096568a0556db26987a,2024-02-06 00:00:02+00:00,0.085,0.11772752047050473,9.268939887800036,119.17634056959221,False,False
0xa81f535a21c9fc890b335131ad726476605c563ad6b9a096568a0556db26987a,2024-02-07 00:00:02+00:00,0.085,0.11498966968337263,9.378635362495064,120.58676133069834,False,False
0xa81f535a21c9fc890b335131ad726476605c563ad6b9a096568a0556db26987a,2024-02-08 00:00:02+00:00,0.105,0.11225181889624053,8.874664870774174,94.43644448815294,False,False
0xa81f535a21c9fc890b335131ad726476605c563ad6b9a096568a0556db26987a,2024-02-09 00:00:02+00:00,0.135,0.10951396810910842,8.208580542673323,70.29398880473836,False,False
0xa81f535a21c9fc890b335131ad726476605c563ad6b9a096568a0556db26987a,2024-02-10 00:00:03+00:00,0.135,0.1067760856338885,8.313153958677235,71.18950082361151,False,False
0xa81f535a21c9fc890b335131ad726476605c563ad6b9a096568a0556db26987a,2024-02-11 00:00:03+00:00,0.135,0.10403823484675641,8.421827348951494,72.12012287691282,False,False
0xa81f535a21c9fc890b335131ad726476605c563ad6b9a096568a0556db26987a,2024-02-12 00:00:03+00:00,0.12,0.10130038405962431,8.917959884911484,84.45037769802542,False,False
0xa81f535a21c9fc890b335131ad726476605c563ad6b9a096568a0556db26987a,2024-02-13 00:00:02+00:00,0.115,0.09856256496058002,9.179179647992878,90.19090786531936,False,False
0xa81f535a21c9fc890b335131ad726476605c563ad6b9a096568a0556db26987a,2024-02-14 00:00:03+00:00,0.06,0.09582468248536011,11.322874818557256,200.7601918183911,False,False
0xa81f535a21c9fc890b335131ad726476605c563ad6b9a096568a0556db26987a,2024-02-15 00:00:03+00:00,0.055,0.093086831698228,11.744511769695448,225.96463241357284,False,False
0xa81f535a21c9fc890b335131ad726476605c563ad6b9a096568a0556db26987a,2024-02-16 00:00:03+00:00,0.055,0.0903489809110959,11.921131064400015,229.36279104184732,False,False
0xa81f535a21c9fc890b335131ad726476605c563ad6b9a096568a0556db26987a,2024-02-17 00:00:02+00:00,0.055,0.08761116181205161,12.105963833962514,232.91897708441584,False,False
0xa81f535a21c9fc890b335131ad726476605c563ad6b9a096568a0556db26987a,2024-02-18 00:00:02+00:00,0.05,0.08487331102491952,12.589433691136321,265.04070928708046,False,False
0xa81f535a21c9fc890b335131ad726476605c563ad6b9a096568a0556db26987a,2024-02-19 00:00:02+00:00,0.045,0.08213546023778741,13.118039216546983,305.2481493088303,True,False
0xa81f535a21c9fc890b335131ad726476605c563ad6b9a096568a0556db26987a,2024-02-20 00:00:02+00:00,0.045,0.07939760945065531,13.342295625210497,310.46644852147756,True,False
0xa81f535a21c9fc890b335131ad726476605c563ad6b9a096568a0556db26987a,2024-02-21 00:00:03+00:00,0.055,0.0766597269754354,12.941823058768056,249.00092465162206,False,False
0xa81f535a21c9fc890b335131ad726476605c563ad6b9a096568a0556db26987a,2024-02-22 00:00:02+00:00,0.055,0.07392190787639111,13.179304988432177,253.57008154751662,False,False
0xa81f535a21c9fc890b335131ad726476605c563ad6b9a096568a0556db26987a,2024-02-23 00:00:02+00:00,0.045,0.07118405708925901,14.091035338166085,327.8891294512178,True,False
0xa81f535a21c9fc890b335131ad726476605c563ad6b9a096568a0556db26987a,2024-02-24 00:00:02+00:00,0.035,0.0684462063021269,15.185139032937919,449.5970105977178,True,False
0xa81f535a21c9fc890b335131ad726476605c563ad6b9a096568a0556db26987a,2024-02-25 00:00:02+00:00,0.0345,0.0657083555149948,15.544964199903191,466.67910146137956,True,False
0xa81f535a21c9fc890b335131ad726476605c563ad6b9a096568a0556db26987a,2024-02-26 00:00:02+00:00,0.035,0.0629705047278627,15.831602476485026,468.73730500325763,True,False
0xa81f535a21c9fc890b335131ad726476605c563ad6b9a096568a0556db26987a,2024-02-27 00:00:02+00:00,0.039,0.0602326539407306,15.817296118537959,422.0309004652728,True,False
0xa81f535a21c9fc890b335131ad726476605c563ad6b9a096568a0556db26987a,2024-02-28 00:00:03+00:00,0.038,0.057494771465510686,16.281009429377658,445.3717427885343,True,False
0xa81f535a21c9fc890b335131ad726476605c563ad6b9a096568a0556db26987a,2024-02-29 00:00:02+00:00,0.041,0.054756952366466397,16.40780705167094,417.29970374808465,True,False
0xa81f535a21c9fc890b335131ad726476605c563ad6b9a096568a0556db26987a,2024-03-01 00:00:02+00:00,0.0395,0.052019101579334294,16.97297932692287,447.3666623244189,True,False
0xa81f535a21c9fc890b335131ad726476605c563ad6b9a096568a0556db26987a,2024-03-02 00:00:03+00:00,0.0335,0.04928121910411438,18.05966361355073,557.7800685208431,True,False
0xa81f535a21c9fc890b335131ad726476605c563ad6b9a096568a0556db26987a,2024-03-03 00:00:03+00:00,0.031,0.04654336831698228,18.879084336027567,628.4857796873254,True,False
0xa81f535a21c9fc890b335131ad726476605c563ad6b9a096568a0556db26987a,2024-03-04 00:00:03+00:00,0.0325,0.04380551752985018,19.274726739988754,612.990713257444,True,False
0xa81f535a21c9fc890b335131ad726476605c563ad6b9a096568a0556db26987a,2024-03-05 00:00:03+00:00,0.0335,0.04106766674271808,19.78337410043901,611.0175691775681,True,False
0xa81f535a21c9fc890b335131ad726476605c563ad6b9a096568a0556db26987a,2024-03-06 00:00:03+00:00,0.0395,0.038329815955585975,19.772935008954065,521.1667185196019,True,False
0xa81f535a21c9fc890b335131ad726476605c563ad6b9a096568a0556db26987a,2024-03-07 00:00:02+00:00,0.0395,0.035591996856541686,,,True,False
0xa81f535a21c9fc890b335131ad726476605c563ad6b9a096568a0556db26987a,2024-03-08 00:00:02+00:00,0.036,0.03285414606940959,,,True,False
0xa81f535a21c9fc890b335131ad726476605c563ad6b9a096568a0556db26987a,2024-03-09 00:00:03+00:00,0.031,0.030116263594189674,,,True,False
0xa81f535a21c9fc890b335131ad726476605c563ad6b9a096568a0556db26987a,2024-03-10 00:00:02+00:00,0.0245,0.027378444495145385,,,True,False
0xa81f535a21c9fc890b335131ad726476605c563ad6b9a096568a0556db26987a,2024-03-11 00:00:02+00:00,0.0355,0.024640593708013282,,,True,False
0xa81f535a21c9fc890b335131ad726476605c563ad6b9a096568a0556db26987a,2024-03-12 00:00:02+00:00,0.0275,0.021902742920881183,,,True,False
0xa81f535a21c9fc890b335131ad726476605c563ad6b9a096568a0556db26987a,2024-03-13 00:00:03+00:00,0.0175,0.019164860445661267,,,True,False
0xa81f535a21c9fc890b335131ad726476605c563ad6b9a096568a0556db26987a,2024-03-14 00:00:03+00:00,0.0115,0.016427009658529165,,,True,False
0xa81f535a21c9fc890b335131ad726476605c563ad6b9a096568a0556db26987a,2024-03-15 00:00:03+00:00,0.011,0.013689158871397064,,,True,False
0xa81f535a21c9fc890b335131ad726476605c563ad6b9a096568a0556db26987a,2024-03-16 00:00:02+00:00,0.0095,0.010951339772352776,,,True,False
0xa81f535a21c9fc890b335131ad726476605c563ad6b9a096568a0556db26987a,2024-03-17 00:00:03+00:00,0.0095,0.008213457297132862,,,True,False
0xa81f535a21c9fc890b335131ad726476605c563ad6b9a096568a0556db26987a,2024-03-18 00:00:03+00:00,0.0095,0.00547560651000076,,,True,False
0xa81f535a21c9fc890b335131ad726476605c563ad6b9a096568a0556db26987a,2024-03-19 00:00:02+00:00,0.0075,0.002737787410956473,,,True,False
0xa81f535a21c9fc890b335131ad726476605c563ad6b9a096568a0556db26987a,2024-03-20 00:00:03+00:00,0.011,0.0,,,True,False
0xa81f535a21c9fc890b335131ad726476605c563ad6b9a096568a0556db26987a,2024-03-21 00:00:03+00:00,0.0035,0.0,,,True,False
0xac95a5009e493902628eaaa2138780fca5b5476825924ae7de023e8c65917662,2023-10-24 00:00:02+00:00,0.8,0.13415462519329732,1.6535810839167315,10.334881774479573,False,False
0xac95a5009e493902628eaaa2138780fca5b5476825924ae7de023e8c65917662,2023-10-25 00:00:02+00:00,0.81,0.13141677440616523,1.629659717765248,10.589081986778742,False,False
0xac95a5009e493902628eaaa2138780fca5b5476825924ae7de023e8c65917662,2023-10-26 00:00:02+00:00,0.81,0.12867892361903313,1.6469052828502018,10.701138939897351,False,False
0xac95a5009e493902628eaaa2138780fca5b5476825924ae7de023e8c65917662,2023-10-27 00:00:02+00:00,0.5,0.12594107283190104,3.3177528742897473,13.27101149715899,False,False
0xac95a5009e493902628eaaa2138780fca5b5476825924ae7de023e8c65917662,2023-10-28 00:00:02+00:00,0.5,0.12320322204476893,3.3544142587410377,13.41765703496415,False,False
0xac95a5009e493902628eaaa2138780fca5b5476825924ae7de023e8c65917662,2023-10-29 00:00:03+00:00,0.5,0.12046533956954901,3.3923189138318786,13.569275655327514,False,False
0xac95a5009e493902628eaaa2138780fca5b5476825924ae7de023e8c65917662,2023-10-30 00:00:03+00:00,0.5,0.11772748878241691,3.431537807922709,13.726151231690835,False,False
0xac95a5009e493902628eaaa2138780fca5b5476825924ae7de023e8c65917662,2023-10-31 00:00:02+00:00,0.5,0.11498966968337263,3.47214869136992,13.88859476547968,False,False
0xac95a5009e493902628eaaa2138780fca5b5476825924ae7de023e8c65917662,2023-11-01 00:00:02+00:00,0.5,0.11225181889624053,3.5142369024757314,14.056947609902926,False,False
0xac95a5009e493902628eaaa2138780fca5b5476825924ae7de023e8c65917662,2023-11-02 00:00:02+00:00,0.865,0.10951396810910842,1.542118962559437,13.205899914874218,False,False
0xac95a5009e493902628eaaa2138780fca5b5476825924ae7de023e8c65917662,2023-11-03 00:00:02+00:00,0.86,0.10677611732197632,1.5840438038725337,13.15650999894131,False,False
0xac95a5009e493902628eaaa2138780fca5b5476825924ae7de023e8c65917662,2023-11-04 00:00:02+00:00,0.915,0.10403826653484421,1.3514184344804403,17.376000443335787,False,False
0xac95a5009e493902628eaaa2138780fca5b5476825924ae7de023e8c65917662,2023-11-05 00:00:02+00:00,0.92,0.10130041574771212,1.3450557967772991,18.275214630126353,False,False
0xac95a5009e493902628eaaa2138780fca5b5476825924ae7de023e8c65917662,2023-11-06 00:00:06+00:00,0.92,0.09856243820822876,1.3636100556227175,18.527310538352147,False,False
0xac95a5009e493902628eaaa2138780fca5b5476825924ae7de023e8c65917662,2023-11-07 00:00:02+00:00,0.94,0.09582471417344791,1.2776776269485859,22.653858633840155,False,False
0xac95a5009e493902628eaaa2138780fca5b5476825924ae7de023e8c65917662,2023-11-08 00:00:02+00:00,0.925,0.09308686338631582,1.3771977632183483,19.85149928963386,False,False
0xac95a5009e493902628eaaa2138780fca5b5476825924ae7de023e8c65917662,2023-11-09 00:00:03+00:00,0.935,0.0903489809110959,1.3437893199964466,22.110889674972398,False,False
0xac95a5009e493902628eaaa2138780fca5b5476825924ae7de023e8c65917662,2023-11-10 00:00:02+00:00,0.935,0.08761116181205161,1.364624281072584,22.4537109185123,False,False
0xac95a5009e493902628eaaa2138780fca5b5476825924ae7de023e8c65917662,2023-11-11 00:00:02+00:00,0.925,0.08487331102491952,1.4422977784712796,20.78987788787431,False,False
0xac95a5009e493902628eaaa2138780fca5b5476825924ae7de023e8c65917662,2023-11-12 00:00:02+00:00,0.925,0.08213546023778741,1.466139044570224,21.133535777588826,False,False
0xac95a5009e493902628eaaa2138780fca5b5476825924ae7de023e8c65917662,2023-11-13 00:00:02+00:00,0.935,0.07939760945065531,1.4334716259670985,23.586534363917725,False,False
0xac95a5009e493902628eaaa2138780fca5b5476825924ae7de023e8c65917662,2023-11-14 00:00:02+00:00,0.915,0.0766597586635232,1.5743550031921896,20.242430127832726,False,False
0xac95a5009e493902628eaaa2138780fca5b5476825924ae7de023e8c65917662,2023-11-15 00:00:02+00:00,0.97,0.07392190787639111,1.2436942066739154,42.73863253174963,True,False
0xac95a5009e493902628eaaa2138780fca5b5476825924ae7de023e8c65917662,2023-11-16 00:00:02+00:00,0.985,0.07118405708925901,1.120052430913083,75.80727112778898,True,False
0xac95a5009e493902628eaaa2138780fca5b5476825924ae7de023e8c65917662,2023-11-17 00:00:03+00:00,0.981,0.0684461746140391,1.1879469675789662,63.73447972417861,True,False
0xac95a5009e493902628eaaa2138780fca5b5476825924ae7de023e8c65917662,2023-11-18 00:00:02+00:00,0.9825,0.0657083555149948,1.1956365334709562,69.53902048540655,True,False
0xac95a5009e493902628eaaa2138780fca5b5476825924ae7de023e8c65917662,2023-11-19 00:00:03+00:00,0.99,0.06297047303977489,1.11973658109726,113.10470516133928,True,False
0xac95a5009e493902628eaaa2138780fca5b5476825924ae7de023e8c65917662,2023-11-20 00:00:02+00:00,0.99,0.0602326539407306,1.1449020811941355,115.64667486809438,True,False
0xac95a5009e493902628eaaa2138780fca5b5476825924ae7de023e8c65917662,2023-11-21 00:00:02+00:00,0.99,0.0574948031535985,1.171844669263731,118.36814841047776,True,False
0xac95a5009e493902628eaaa2138780fca5b5476825924ae7de023e8c65917662,2023-11-22 00:00:02+00:00,0.985,0.054756952366466397,1.277056427096878,86.43359912669219,True,False
0xac95a5009e493902628eaaa2138780fca5b5476825924ae7de023e8c65917662,2023-11-23 00:00:02+00:00,0.984,0.052019101579334294,1.3239946639708409,84.09518953066816,True,False
0xac95a5009e493902628eaaa2138780fca5b5476825924ae7de023e8c65917662,2023-11-24 00:00:02+00:00,0.984,0.0492812507922022,1.3602752537746068,86.39959691149679,True,False
0xac95a5009e493902628eaaa2138780fca5b5476825924ae7de023e8c65917662,2023-11-25 00:00:02+00:00,0.984,0.046543400005070096,1.399711741502718,88.90445512593475,True,False
0xac95a5009e493902628eaaa2138780fca5b5476825924ae7de023e8c65917662,2023-11-26 00:00:02+00:00,0.984,0.04380554921793799,1.4427899002852147,91.64061866648967,True,False
0xac95a5009e493902628eaaa2138780fca5b5476825924ae7de023e8c65917662,2023-11-27 00:00:02+00:00,0.984,0.04106769843080589,1.490107073444697,94.64602854704621,True,False
0xac95a5009e493902628eaaa2138780fca5b5476825924ae7de023e8c65917662,2023-11-28 00:00:02+00:00,0.984,0.03832984764367379,1.542407441685666,97.96795234283945,True,False
0xac95a5009e493902628eaaa2138780fca5b5476825924ae7de023e8c65917662,2023-11-29 00:00:02+00:00,0.9835,0.035591996856541686,1.6087358394976576,99.13486709480128,True,False
0xac95a5009e493902628eaaa2138780fca5b5476825924ae7de023e8c65917662,2023-11-30 00:00:02+00:00,0.9835,0.03285414606940959,1.6744254738329565,103.1828487518578,True,False
0xac95a5009e493902628eaaa2138780fca5b5476825924ae7de023e8c65917662,2023-12-01 00:00:02+00:00,0.5185,0.030116295282277487,6.5225953149828895,26.126147956483983,False,False
0xac95a5009e493902628eaaa2138780fca5b5476825924ae7de023e8c65917662,2023-12-02 00:00:03+00:00,0.855,0.02737841280705757,3.172207118312737,25.587474235230786,False,False
0xac95a5009e493902628eaaa2138780fca5b5476825924ae7de023e8c65917662,2023-12-03 00:00:02+00:00,0.939,0.024640593708013282,2.5304334531235604,44.17733293394714,False,False
0xac95a5009e493902628eaaa2138780fca5b5476825924ae7de023e8c65917662,2023-12-04 00:00:02+00:00,0.971,0.021902742920881183,2.269562356555334,80.59811628805468,True,False
0xac95a5009e493902628eaaa2138780fca5b5476825924ae7de023e8c65917662,2023-12-05 00:00:02+00:00,0.97,0.01916489213374908,2.4425699245028367,83.93711080765755,True,False
0xac95a5009e493902628eaaa2138780fca5b5476825924ae7de023e8c65917662,2023-12-06 00:00:03+00:00,0.9735,0.016427009658529165,2.575344622136426,99.82826495087474,True,False
0xac95a5009e493902628eaaa2138780fca5b5476825924ae7de023e8c65917662,2023-12-07 00:00:02+00:00,0.974,0.013689190559484879,2.810951924513819,110.99952316039395,True,False
0xac95a5009e493902628eaaa2138780fca5b5476825924ae7de023e8c65917662,2023-12-08 00:00:02+00:00,0.939,0.010951339772352776,3.795656281262454,66.26610592472723,False,False
0xac95a5009e493902628eaaa2138780fca5b5476825924ae7de023e8c65917662,2023-12-09 00:00:02+00:00,0.954,0.008213488985220676,4.089423338469767,93.18711463106744,True,False
0xac95a5009e493902628eaaa2138780fca5b5476825924ae7de023e8c65917662,2023-12-10 00:00:02+00:00,0.9885,0.005475638198088575,3.875798451572556,340.94684098195074,True,False
0xac95a5009e493902628eaaa2138780fca5b5476825924ae7de023e8c65917662,2023-12-11 00:00:02+00:00,0.991,0.002737787410956473,5.290381415670736,593.1585845577678,True,False
0xac95a5009e493902628eaaa2138780fca5b5476825924ae7de023e8c65917662,2023-12-12 00:00:02+00:00,0.954,0.0,,,True,False
0xac95a5009e493902628eaaa2138780fca5b5476825924ae7de023e8c65917662,2023-12-13 00:00:02+00:00,0.982,0.0,,,True,False
0xb3b8ce34ae09a3d89aa860f033a2309b28f4712b1879bc5c6f787df3788e5d1d,2023-09-20 00:00:02+00:00,0.55,0.11225181889624053,3.1591312405337333,12.764166628419124,False,False
0xb3b8ce34ae09a3d89aa860f033a2309b28f4712b1879bc5c6f787df3788e5d1d,2023-09-21 00:00:02+00:00,0.81,0.10951396810910842,1.7852028630474521,11.59975869426545,False,False
0xb3b8ce34ae09a3d89aa860f033a2309b28f4712b1879bc5c6f787df3788e5d1d,2023-09-22 00:00:02+00:00,0.805,0.10677611732197632,1.830672122370388,11.662189026089429,False,False
0xb3b8ce34ae09a3d89aa860f033a2309b28f4712b1879bc5c6f787df3788e5d1d,2023-09-23 00:00:02+00:00,0.815,0.10403826653484421,1.8086444088561806,11.995651857776027,False,False
0xb3b8ce34ae09a3d89aa860f033a2309b28f4712b1879bc5c6f787df3788e5d1d,2023-09-24 00:00:02+00:00,0.76,0.10130041574771212,2.0947392637625377,11.484316139049,False,False
0xb3b8ce34ae09a3d89aa860f033a2309b28f4712b1879bc5c6f787df3788e5d1d,2023-09-25 00:00:02+00:00,0.755,0.09856256496058002,2.1485906057199915,11.61557294618187,False,False
0xb3b8ce34ae09a3d89aa860f033a2309b28f4712b1879bc5c6f787df3788e5d1d,2023-09-26 00:00:02+00:00,0.79,0.09582471417344791,2.0050579576146035,12.08594308387344,False,False
0xb3b8ce34ae09a3d89aa860f033a2309b28f4712b1879bc5c6f787df3788e5d1d,2023-09-27 00:00:03+00:00,0.8,0.093086831698228,1.9851082589230473,12.406926618269047,False,False
0xb3b8ce34ae09a3d89aa860f033a2309b28f4712b1879bc5c6f787df3788e5d1d,2023-09-28 00:00:03+00:00,0.795,0.0903489809110959,2.0398830578547895,12.516539701517347,False,False
0xb3b8ce34ae09a3d89aa860f033a2309b28f4712b1879bc5c6f787df3788e5d1d,2023-09-29 00:00:02+00:00,0.81,0.08761116181205161,1.9959176220797255,12.968925419621351,False,False
0xb3b8ce34ae09a3d89aa860f033a2309b28f4712b1879bc5c6f787df3788e5d1d,2023-09-30 00:00:02+00:00,0.83,0.08487331102491952,1.92678225254717,13.655437650936708,False,False
0xb3b8ce34ae09a3d89aa860f033a2309b28f4712b1879bc5c6f787df3788e5d1d,2023-10-01 00:00:02+00:00,0.82,0.08213546023778741,2.0098406710812027,13.61680671464229,False,False
0xb3b8ce34ae09a3d89aa860f033a2309b28f4712b1879bc5c6f787df3788e5d1d,2023-10-02 00:00:02+00:00,0.83,0.07939760945065531,1.9921154172815598,14.118465040974908,False,False
0xb3b8ce34ae09a3d89aa860f033a2309b28f4712b1879bc5c6f787df3788e5d1d,2023-10-03 00:00:02+00:00,0.65,0.0766597586635232,3.0827499534194414,13.550549245799743,False,False
0xb3b8ce34ae09a3d89aa860f033a2309b28f4712b1879bc5c6f787df3788e5d1d,2023-10-04 00:00:03+00:00,0.73,0.07392187618830329,2.628044806032524,13.333560659728686,False,False
0xb3b8ce34ae09a3d89aa860f033a2309b28f4712b1879bc5c6f787df3788e5d1d,2023-10-05 00:00:02+00:00,0.765,0.07118405708925901,2.4696931180895616,13.737689434512928,False,False
0xb3b8ce34ae09a3d89aa860f033a2309b28f4712b1879bc5c6f787df3788e5d1d,2023-10-06 00:00:02+00:00,0.815,0.0684462063021269,2.229846937236114,14.789235199708928,False,False
0xb3b8ce34ae09a3d89aa860f033a2309b28f4712b1879bc5c6f787df3788e5d1d,2023-10-07 00:00:02+00:00,0.735,0.0657083555149948,2.7558216273808394,14.148744075886738,False,False
0xb3b8ce34ae09a3d89aa860f033a2309b28f4712b1879bc5c6f787df3788e5d1d,2023-10-08 00:00:02+00:00,0.735,0.0629705047278627,2.8150934485225743,14.45305325900436,False,False
0xb3b8ce34ae09a3d89aa860f033a2309b28f4712b1879bc5c6f787df3788e5d1d,2023-10-09 00:00:02+00:00,0.73,0.0602326539407306,2.911409241442511,14.771229028120299,False,False
0xb3b8ce34ae09a3d89aa860f033a2309b28f4712b1879bc5c6f787df3788e5d1d,2023-10-10 00:00:02+00:00,0.885,0.0574948031535985,2.0062326452049093,19.712430805255803,False,False
0xb3b8ce34ae09a3d89aa860f033a2309b28f4712b1879bc5c6f787df3788e5d1d,2023-10-11 00:00:02+00:00,0.9,0.054756952366466397,1.9604766558880535,21.78307395431171,False,False
0xb3b8ce34ae09a3d89aa860f033a2309b28f4712b1879bc5c6f787df3788e5d1d,2023-10-12 00:00:02+00:00,0.9,0.052019101579334294,2.0114066699733204,22.348962999703563,False,False
0xb3b8ce34ae09a3d89aa860f033a2309b28f4712b1879bc5c6f787df3788e5d1d,2023-10-13 00:00:02+00:00,0.955,0.0492812507922022,1.6610408887041788,38.65132958008557,True,False
0xb3b8ce34ae09a3d89aa860f033a2309b28f4712b1879bc5c6f787df3788e5d1d,2023-10-14 00:00:02+00:00,0.94,0.046543400005070096,1.8332892996814567,32.505129426976154,False,False
0xb3b8ce34ae09a3d89aa860f033a2309b28f4712b1879bc5c6f787df3788e5d1d,2023-10-15 00:00:02+00:00,0.955,0.04380554921793799,1.7618000559524962,40.99592916701559,True,False
0xb3b8ce34ae09a3d89aa860f033a2309b28f4712b1879bc5c6f787df3788e5d1d,2023-10-16 00:00:02+00:00,0.955,0.04106769843080589,1.8195793613704692,42.340415622349454,True,False
0xb3b8ce34ae09a3d89aa860f033a2309b28f4712b1879bc5c6f787df3788e5d1d,2023-10-17 00:00:02+00:00,0.955,0.03832984764367379,1.883443678455759,43.82649629914503,True,False
0xb3b8ce34ae09a3d89aa860f033a2309b28f4712b1879bc5c6f787df3788e5d1d,2023-10-18 00:00:02+00:00,0.925,0.035591996856541686,2.2272262157431526,32.104161668369784,False,False
0xb3b8ce34ae09a3d89aa860f033a2309b28f4712b1879bc5c6f787df3788e5d1d,2023-10-19 00:00:02+00:00,0.9425,0.03285414606940959,2.1584098715022817,39.827653031987666,False,False
0xb3b8ce34ae09a3d89aa860f033a2309b28f4712b1879bc5c6f787df3788e5d1d,2023-10-20 00:00:02+00:00,0.975,0.030116295282277487,1.881198387857398,77.17736975825215,True,False
0xb3b8ce34ae09a3d89aa860f033a2309b28f4712b1879bc5c6f787df3788e5d1d,2023-10-21 00:00:02+00:00,0.97,0.027378444495145385,2.043599604151919,70.22679052068445,True,False
0xb3b8ce34ae09a3d89aa860f033a2309b28f4712b1879bc5c6f787df3788e5d1d,2023-10-22 00:00:02+00:00,0.9785,0.024640593708013282,2.023226018084398,96.17121688794674,True,False
0xb3b8ce34ae09a3d89aa860f033a2309b28f4712b1879bc5c6f787df3788e5d1d,2023-10-23 00:00:02+00:00,0.975,0.021902742920881183,2.20590151183023,90.49852356226577,True,False
0xb3b8ce34ae09a3d89aa860f033a2309b28f4712b1879bc5c6f787df3788e5d1d,2023-10-24 00:00:02+00:00,0.98,0.01916489213374908,2.2650380508829624,115.56316586137554,True,False
0xb3b8ce34ae09a3d89aa860f033a2309b28f4712b1879bc5c6f787df3788e5d1d,2023-10-25 00:00:02+00:00,0.98,0.016427041346616978,2.44652138749753,124.82251977028203,True,False
0xb3b8ce34ae09a3d89aa860f033a2309b28f4712b1879bc5c6f787df3788e5d1d,2023-10-26 00:00:02+00:00,0.98,0.013689190559484879,2.680030936669378,136.73627227904979,True,False
0xb3b8ce34ae09a3d89aa860f033a2309b28f4712b1879bc5c6f787df3788e5d1d,2023-10-27 00:00:02+00:00,0.98,0.010951339772352776,2.9963674121179347,152.8758883733639,True,False
0xb3b8ce34ae09a3d89aa860f033a2309b28f4712b1879bc5c6f787df3788e5d1d,2023-10-28 00:00:02+00:00,0.9795,0.008213488985220676,3.4749061002171904,173.05524721259957,True,False
0xb3b8ce34ae09a3d89aa860f033a2309b28f4712b1879bc5c6f787df3788e5d1d,2023-10-29 00:00:03+00:00,0.9795,0.00547560651000076,4.25589394919624,211.94954863463178,True,False
0xb3b8ce34ae09a3d89aa860f033a2309b28f4712b1879bc5c6f787df3788e5d1d,2023-10-30 00:00:03+00:00,0.9795,0.002737755722868659,6.018795190594996,299.74452822345927,True,False
0xb3b8ce34ae09a3d89aa860f033a2309b28f4712b1879bc5c6f787df3788e5d1d,2023-10-31 00:00:02+00:00,0.9845,0.0,,,True,False
0xb3b8ce34ae09a3d89aa860f033a2309b28f4712b1879bc5c6f787df3788e5d1d,2023-11-01 00:00:02+00:00,0.99,0.0,,,True,False
0xb3e11395bc67c2ad811de3ea4f58d47778e7a7d209eb73bc04a21c5a7472c186,2024-03-22 00:00:02+00:00,0.145,0.774811709382209,3.0004866580323353,24.20235255521142,False,False
0xb3e11395bc67c2ad811de3ea4f58d47778e7a7d209eb73bc04a21c5a7472c186,2024-03-23 00:00:03+00:00,0.145,0.7720738269069891,3.005802023977533,24.24522705366028,False,False
0xb3e11395bc67c2ad811de3ea4f58d47778e7a7d209eb73bc04a21c5a7472c186,2024-03-24 00:00:03+00:00,0.145,0.769335976119857,3.0111456768979736,24.288329718878597,False,False
0xb3e11395bc67c2ad811de3ea4f58d47778e7a7d209eb73bc04a21c5a7472c186,2024-03-25 00:00:03+00:00,0.145,0.7665981253327249,3.0165179310351142,24.331663085582694,False,False
0xb3e11395bc67c2ad811de3ea4f58d47778e7a7d209eb73bc04a21c5a7472c186,2024-03-26 00:00:02+00:00,0.145,0.7638603062336806,3.0219189797624706,24.375228713550886,False,False
0xb3e11395bc67c2ad811de3ea4f58d47778e7a7d209eb73bc04a21c5a7472c186,2024-03-27 00:00:03+00:00,0.135,0.7611224237584607,3.113691370285428,26.664023723274912,False,False
0xb3e11395bc67c2ad811de3ea4f58d47778e7a7d209eb73bc04a21c5a7472c186,2024-03-28 00:00:03+00:00,0.135,0.7583845729713287,3.119306689112019,26.712110375611378,False,False
0xb3e11395bc67c2ad811de3ea4f58d47778e7a7d209eb73bc04a21c5a7472c186,2024-03-29 00:00:02+00:00,0.135,0.7556467538722843,3.1249524328804235,26.760457571230344,False,False
0xb3e11395bc67c2ad811de3ea4f58d47778e7a7d209eb73bc04a21c5a7472c186,2024-03-30 00:00:02+00:00,0.135,0.7529089030851522,3.1306290092128206,26.809068800794865,False,False
0xb3e11395bc67c2ad811de3ea4f58d47778e7a7d209eb73bc04a21c5a7472c186,2024-03-31 00:00:03+00:00,0.135,0.7501710206099323,3.13633669965149,26.857946475285722,False,False
0xb3e11395bc67c2ad811de3ea4f58d47778e7a7d209eb73bc04a21c5a7472c186,2024-04-01 00:00:02+00:00,0.13,0.747433201510888,3.1876107166019296,28.18400279930972,False,False
0xb3e11395bc67c2ad811de3ea4f58d47778e7a7d209eb73bc04a21c5a7472c186,2024-04-02 00:00:03+00:00,0.14,0.7446953190356681,3.103572502190372,25.777180250750597,False,False
0xb3e11395bc67c2ad811de3ea4f58d47778e7a7d209eb73bc04a21c5a7472c186,2024-04-03 00:00:03+00:00,0.21,0.741957468248536,2.592986492434554,15.629816108707377,False,False
0xb3e11395bc67c2ad811de3ea4f58d47778e7a7d209eb73bc04a21c5a7472c186,2024-04-04 00:00:03+00:00,0.205,0.7392196174614039,2.6296734083600732,16.135440456266746,False,False
0xb3e11395bc67c2ad811de3ea4f58d47778e7a7d209eb73bc04a21c5a7472c186,2024-04-05 00:00:03+00:00,0.205,0.7364817666742718,2.6345567435735933,16.16540416366678,False,False
0xb3e11395bc67c2ad811de3ea4f58d47778e7a7d209eb73bc04a21c5a7472c186,2024-04-06 00:00:03+00:00,0.205,0.7337439158871397,2.639467385457542,16.19553542235031,False,False
0xb3e11395bc67c2ad811de3ea4f58d47778e7a7d209eb73bc04a21c5a7472c186,2024-04-07 00:00:02+00:00,0.2,0.7310060967880955,2.677112589996945,16.731953687480903,False,False
0xb3e11395bc67c2ad811de3ea4f58d47778e7a7d209eb73bc04a21c5a7472c186,2024-04-08 00:00:03+00:00,0.2,0.7282682143128755,2.682140094697993,16.763375591862452,False,False
0xb3e11395bc67c2ad811de3ea4f58d47778e7a7d209eb73bc04a21c5a7472c186,2024-04-09 00:00:03+00:00,0.205,0.7255303635257434,2.6543657223966806,16.286950283151896,False,False
0xb3e11395bc67c2ad811de3ea4f58d47778e7a7d209eb73bc04a21c5a7472c186,2024-04-10 00:00:03+00:00,0.205,0.7227925127386113,2.659388179245767,16.31776762844465,False,False
0xb3e11395bc67c2ad811de3ea4f58d47778e7a7d209eb73bc04a21c5a7472c186,2024-04-11 00:00:03+00:00,0.255,0.7200546619514792,2.366414384866901,12.456451558715099,False,False
0xb3e11395bc67c2ad811de3ea4f58d47778e7a7d209eb73bc04a21c5a7472c186,2024-04-12 00:00:03+00:00,0.25,0.7173168111643471,2.398512251735501,12.79206534258934,False,False
0xb3e11395bc67c2ad811de3ea4f58d47778e7a7d209eb73bc04a21c5a7472c186,2024-04-13 00:00:02+00:00,0.25,0.7145789920653028,2.4031026573325893,12.81654750577381,False,False
0xb3e11395bc67c2ad811de3ea4f58d47778e7a7d209eb73bc04a21c5a7472c186,2024-04-14 00:00:03+00:00,0.25,0.7118411095900828,2.407719627515904,12.841171346751487,False,False
0xb3e11395bc67c2ad811de3ea4f58d47778e7a7d209eb73bc04a21c5a7472c186,2024-04-15 00:00:03+00:00,0.26,0.7091032588029508,2.3573173418378897,12.252169136371567,False,False
0xb3e11395bc67c2ad811de3ea4f58d47778e7a7d209eb73bc04a21c5a7472c186,2024-04-16 00:00:03+00:00,0.26,0.7063654080158187,2.36188136868351,12.275890689623232,False,False
0xb3e11395bc67c2ad811de3ea4f58d47778e7a7d209eb73bc04a21c5a7472c186,2024-04-17 00:00:03+00:00,0.265,0.7036275572286866,2.339497758696219,12.011283576928347,False,False
0xb3e11395bc67c2ad811de3ea4f58d47778e7a7d209eb73bc04a21c5a7472c186,2024-04-18 00:00:03+00:00,0.265,0.7008897064415545,2.3440626373309583,12.034720253271509,False,False
0xb3e11395bc67c2ad811de3ea4f58d47778e7a7d209eb73bc04a21c5a7472c186,2024-04-19 00:00:03+00:00,0.27,0.6981518556544224,2.321994851859243,11.780795798372617,False,False
0xb3e11395bc67c2ad811de3ea4f58d47778e7a7d209eb73bc04a21c5a7472c186,2024-04-20 00:00:02+00:00,0.265,0.6954140365553781,2.3532730826817976,12.082007868986253,False,False
0xb3e11395bc67c2ad811de3ea4f58d47778e7a7d209eb73bc04a21c5a7472c186,2024-04-21 00:00:03+00:00,0.28,0.6926761540801581,2.278840190438822,11.303770785906854,False,False
0xb3e11395bc67c2ad811de3ea4f58d47778e7a7d209eb73bc04a21c5a7472c186,2024-04-22 00:00:03+00:00,0.28,0.6899383032930261,2.2833572226296615,11.326176699551892,False,False
0xb3e11395bc67c2ad811de3ea4f58d47778e7a7d209eb73bc04a21c5a7472c186,2024-04-23 00:00:02+00:00,0.28,0.6872004841939818,2.2879011694752753,11.348716118428944,False,False
0xb3e11395bc67c2ad811de3ea4f58d47778e7a7d209eb73bc04a21c5a7472c186,2024-04-24 00:00:03+00:00,0.275,0.6844626017187618,2.318586576636513,11.629274365574988,False,False
0xb3e11395bc67c2ad811de3ea4f58d47778e7a7d209eb73bc04a21c5a7472c186,2024-04-25 00:00:03+00:00,0.275,0.6817247509316298,2.3232377084918,11.65260292660464,False,False
0xb3e11395bc67c2ad811de3ea4f58d47778e7a7d209eb73bc04a21c5a7472c186,2024-04-26 00:00:02+00:00,0.3,0.6789869318325855,2.2006024372079076,10.47905922479956,False,False
0xb3e11395bc67c2ad811de3ea4f58d47778e7a7d209eb73bc04a21c5a7472c186,2024-04-27 00:00:03+00:00,0.27,0.6762490493573656,2.359298366794402,11.97005767018976,False,False
0xb3e11395bc67c2ad811de3ea4f58d47778e7a7d209eb73bc04a21c5a7472c186,2024-04-28 00:00:03+00:00,0.285,0.6735111985702334,2.2851003220641717,11.213840373275287,False,False
0xb3e11395bc67c2ad811de3ea4f58d47778e7a7d209eb73bc04a21c5a7472c186,2024-04-29 00:00:03+00:00,0.29,0.6707733477831014,2.264151384422461,10.996364178836625,False,False
0xb3e11395bc67c2ad811de3ea4f58d47778e7a7d209eb73bc04a21c5a7472c186,2024-04-30 00:00:04+00:00,0.285,0.6680354653078815,2.2944464304022834,11.259705216058315,False,False
0xb3e11395bc67c2ad811de3ea4f58d47778e7a7d209eb73bc04a21c5a7472c186,2024-05-01 00:00:03+00:00,0.295,0.6652976462088371,2.248108023038899,10.80951086928188,False,False
0xb3e11395bc67c2ad811de3ea4f58d47778e7a7d209eb73bc04a21c5a7472c186,2024-05-02 00:00:03+00:00,0.295,0.6625597954217051,2.25274808647967,10.831821548165259,False,False
0xb3e11395bc67c2ad811de3ea4f58d47778e7a7d209eb73bc04a21c5a7472c186,2024-05-03 00:00:03+00:00,0.325,0.659821944634573,2.112022936239651,9.627454980009805,False,False
0xb3e11395bc67c2ad811de3ea4f58d47778e7a7d209eb73bc04a21c5a7472c186,2024-05-04 00:00:03+00:00,0.35,0.6570840938474408,2.003655052457945,8.807274955859098,False,False
0xb3e11395bc67c2ad811de3ea4f58d47778e7a7d209eb73bc04a21c5a7472c186,2024-05-05 00:00:03+00:00,0.345,0.6543462430603088,2.029860520691241,8.982677378874836,False,False
0xb3e11395bc67c2ad811de3ea4f58d47778e7a7d209eb73bc04a21c5a7472c186,2024-05-06 00:00:02+00:00,0.345,0.6516084239612645,2.034120414671798,9.001528552591207,False,False
0xb3e11395bc67c2ad811de3ea4f58d47778e7a7d209eb73bc04a21c5a7472c186,2024-05-07 00:00:02+00:00,0.345,0.6488705731741323,2.0384072911095967,9.020499130919779,False,False
0xb3e11395bc67c2ad811de3ea4f58d47778e7a7d209eb73bc04a21c5a7472c186,2024-05-08 00:00:03+00:00,0.295,0.6461326906989124,2.2812049839861155,10.968650001135305,False,False
0xb3e11395bc67c2ad811de3ea4f58d47778e7a7d209eb73bc04a21c5a7472c186,2024-05-09 00:00:03+00:00,0.295,0.6433948399117804,2.286053459850494,10.991962783269594,False,False
0xb3e11395bc67c2ad811de3ea4f58d47778e7a7d209eb73bc04a21c5a7472c186,2024-05-10 00:00:03+00:00,0.32,0.6406569891246483,2.167136904669895,9.95926886337268,False,False
0xb3e11395bc67c2ad811de3ea4f58d47778e7a7d209eb73bc04a21c5a7472c186,2024-05-11 00:00:04+00:00,0.32,0.6379191066494283,2.1717824885445483,9.980618053973108,False,False
0xb3e11395bc67c2ad811de3ea4f58d47778e7a7d209eb73bc04a21c5a7472c186,2024-05-12 00:00:03+00:00,0.32,0.635181287550384,2.176457968022611,10.002104632456852,False,False
0xb3e11395bc67c2ad811de3ea4f58d47778e7a7d209eb73bc04a21c5a7472c186,2024-05-13 00:00:04+00:00,0.32,0.6324434050751642,2.181163883931933,10.023731084246016,False,False
0xb3e11395bc67c2ad811de3ea4f58d47778e7a7d209eb73bc04a21c5a7472c186,2024-05-14 00:00:03+00:00,0.32,0.6297055859761198,2.18590034769705,10.045497921401886,False,False
0xb3e11395bc67c2ad811de3ea4f58d47778e7a7d209eb73bc04a21c5a7472c186,2024-05-15 00:00:04+00:00,0.325,0.6269677035008999,2.1666533017060607,9.876482286979194,False,False
0xb3e11395bc67c2ad811de3ea4f58d47778e7a7d209eb73bc04a21c5a7472c186,2024-05-16 00:00:04+00:00,0.3,0.6242298527137679,2.2950916364123994,10.929007792439998,False,False
0xb3e11395bc67c2ad811de3ea4f58d47778e7a7d209eb73bc04a21c5a7472c186,2024-05-17 00:00:03+00:00,0.3,0.6214920336147236,2.3001412914777903,10.953053768941858,False,False
0xb3e11395bc67c2ad811de3ea4f58d47778e7a7d209eb73bc04a21c5a7472c186,2024-05-18 00:00:03+00:00,0.3,0.6187541828275914,2.305224483631989,10.977259445866615,False,False
0xb3e11395bc67c2ad811de3ea4f58d47778e7a7d209eb73bc04a21c5a7472c186,2024-05-19 00:00:03+00:00,0.3,0.6160163320404594,2.310341526196882,11.001626315223247,False,False
0xb3e11395bc67c2ad811de3ea4f58d47778e7a7d209eb73bc04a21c5a7472c186,2024-05-20 00:00:03+00:00,0.29,0.6132784812533273,2.3679062124407473,11.500273008454336,False,False
0xb3e11395bc67c2ad811de3ea4f58d47778e7a7d209eb73bc04a21c5a7472c186,2024-05-21 00:00:03+00:00,0.295,0.6105406304661951,2.3467557118628073,11.283835614197894,False,False
0xb3e11395bc67c2ad811de3ea4f58d47778e7a7d209eb73bc04a21c5a7472c186,2024-05-22 00:00:03+00:00,0.305,0.607802779679063,2.3001313288223053,10.85095567317988,False,False
0xb3e11395bc67c2ad811de3ea4f58d47778e7a7d209eb73bc04a21c5a7472c186,2024-05-23 00:00:03+00:00,0.3,0.605064928891931,2.331155837524464,11.100742083449829,False,False
0xb3e11395bc67c2ad811de3ea4f58d47778e7a7d209eb73bc04a21c5a7472c186,2024-05-24 00:00:03+00:00,0.285,0.6023270781047988,2.4163591676643494,11.85797653129358,False,False
0xb3e11395bc67c2ad811de3ea4f58d47778e7a7d209eb73bc04a21c5a7472c186,2024-05-25 00:00:03+00:00,0.295,0.5995892273176667,2.3680902968768316,11.386418064079006,False,False
0xb3e11395bc67c2ad811de3ea4f58d47778e7a7d209eb73bc04a21c5a7472c186,2024-05-26 00:00:03+00:00,0.295,0.5968513765305347,2.373515483079085,11.412503825359225,False,False
0xb3e11395bc67c2ad811de3ea4f58d47778e7a7d209eb73bc04a21c5a7472c186,2024-05-27 00:00:03+00:00,0.3,0.5941135257434026,2.3525430397179017,11.20258590341858,False,False
0xb3e11395bc67c2ad811de3ea4f58d47778e7a7d209eb73bc04a21c5a7472c186,2024-05-28 00:00:03+00:00,0.295,0.5913756749562704,2.3844786631908916,11.465217757859797,False,False
0xb3e11395bc67c2ad811de3ea4f58d47778e7a7d209eb73bc04a21c5a7472c186,2024-05-29 00:00:04+00:00,0.295,0.5886377924810505,2.390017594561507,11.491850436646263,False,False
0xb3e11395bc67c2ad811de3ea4f58d47778e7a7d209eb73bc04a21c5a7472c186,2024-05-30 00:00:03+00:00,0.31,0.5858999733820063,2.3168489833239034,10.831458547563832,False,False
0xb3e11395bc67c2ad811de3ea4f58d47778e7a7d209eb73bc04a21c5a7472c186,2024-05-31 00:00:03+00:00,0.3,0.5831621225948741,2.3745299047159674,11.307285260552225,False,False
0xb3e11395bc67c2ad811de3ea4f58d47778e7a7d209eb73bc04a21c5a7472c186,2024-06-01 00:00:03+00:00,0.3,0.580424271807742,2.3801236234052405,11.333922016215432,False,False
0xb3e11395bc67c2ad811de3ea4f58d47778e7a7d209eb73bc04a21c5a7472c186,2024-06-02 00:00:03+00:00,0.295,0.57768642102061,2.412565368457678,11.600266226506445,False,False
0xb3e11395bc67c2ad811de3ea4f58d47778e7a7d209eb73bc04a21c5a7472c186,2024-06-03 00:00:03+00:00,0.295,0.5749485702334778,2.418302750559673,11.627853110035689,False,False
0xb3e11395bc67c2ad811de3ea4f58d47778e7a7d209eb73bc04a21c5a7472c186,2024-06-04 00:00:02+00:00,0.285,0.5722107511344335,2.479132138532764,12.166026934279296,False,False
0xb3e11395bc67c2ad811de3ea4f58d47778e7a7d209eb73bc04a21c5a7472c186,2024-06-05 00:00:02+00:00,0.295,0.5694729003473015,2.429901325771245,11.683622193875442,False,False
0xb3e11395bc67c2ad811de3ea4f58d47778e7a7d209eb73bc04a21c5a7472c186,2024-06-06 00:00:03+00:00,0.235,0.5667350178720816,2.7946734740803447,15.545395489252371,False,False
0xb3e11395bc67c2ad811de3ea4f58d47778e7a7d209eb73bc04a21c5a7472c186,2024-06-07 00:00:02+00:00,0.255,0.5639971987730372,2.673837786537713,14.07468238735472,False,False
0xb3e11395bc67c2ad811de3ea4f58d47778e7a7d209eb73bc04a21c5a7472c186,2024-06-08 00:00:02+00:00,0.275,0.5612593479859052,2.560450506690864,12.842384986537247,False,False
0xb3e11395bc67c2ad811de3ea4f58d47778e7a7d209eb73bc04a21c5a7472c186,2024-06-09 00:00:03+00:00,0.285,0.5585214655106853,2.5093298201761383,12.314218231756291,False,False
0xb3e11395bc67c2ad811de3ea4f58d47778e7a7d209eb73bc04a21c5a7472c186,2024-06-10 00:00:04+00:00,0.3,0.5557835830354653,2.4323128842547597,11.582442305975047,False,False
0xb3e11395bc67c2ad811de3ea4f58d47778e7a7d209eb73bc04a21c5a7472c186,2024-06-11 00:00:02+00:00,0.295,0.5530457956245088,2.4657249032293644,11.855871634712654,False,False
0xb3e11395bc67c2ad811de3ea4f58d47778e7a7d209eb73bc04a21c5a7472c186,2024-06-12 00:00:03+00:00,0.31,0.550307913149289,2.3905981925071815,11.176242134208424,False,False
0xb3e11395bc67c2ad811de3ea4f58d47778e7a7d209eb73bc04a21c5a7472c186,2024-06-13 00:00:03+00:00,0.335,0.5475700623621568,2.268041378912519,10.180861312591263,False,False
0xb3e11395bc67c2ad811de3ea4f58d47778e7a7d209eb73bc04a21c5a7472c186,2024-06-14 00:00:03+00:00,0.335,0.5448322115750247,2.273732835224273,10.206409315337327,False,False
0xb3e11395bc67c2ad811de3ea4f58d47778e7a7d209eb73bc04a21c5a7472c186,2024-06-15 00:00:04+00:00,0.34,0.5420943290998048,2.254645153451654,10.0474382952391,False,False
0xb3e11395bc67c2ad811de3ea4f58d47778e7a7d209eb73bc04a21c5a7472c186,2024-06-16 00:00:04+00:00,0.325,0.5393564783126727,2.3360065609757203,10.64846295601468,False,False
0xb3e11395bc67c2ad811de3ea4f58d47778e7a7d209eb73bc04a21c5a7472c186,2024-06-17 00:00:04+00:00,0.325,0.5366186275255406,2.3419581810982084,10.67559284831092,False,False
0xb3e11395bc67c2ad811de3ea4f58d47778e7a7d209eb73bc04a21c5a7472c186,2024-06-18 00:00:03+00:00,0.325,0.5338808084264963,2.3479554547493655,10.702930847860355,False,False
0xb3e11395bc67c2ad811de3ea4f58d47778e7a7d209eb73bc04a21c5a7472c186,2024-06-19 00:00:03+00:00,0.32,0.5311429576393643,2.380090211732088,10.93791457597467,False,False
0xb3e11395bc67c2ad811de3ea4f58d47778e7a7d209eb73bc04a21c5a7472c186,2024-06-20 00:00:04+00:00,0.32,0.5284050751641443,2.386248354738227,10.966214865524941,False,False
0xb3e11395bc67c2ad811de3ea4f58d47778e7a7d209eb73bc04a21c5a7472c186,2024-06-21 00:00:03+00:00,0.315,0.5256672560651,2.41903755416971,11.210925983870744,False,False
0xb3e11395bc67c2ad811de3ea4f58d47778e7a7d209eb73bc04a21c5a7472c186,2024-06-22 00:00:02+00:00,0.315,0.5229294369660558,2.425361773812697,11.240235309061276,False,False
0xb3e11395bc67c2ad811de3ea4f58d47778e7a7d209eb73bc04a21c5a7472c186,2024-06-23 00:00:03+00:00,0.315,0.5201915544908358,2.4317360035987154,11.269776404118712,False,False
0xb3e11395bc67c2ad811de3ea4f58d47778e7a7d209eb73bc04a21c5a7472c186,2024-06-24 00:00:03+00:00,0.315,0.5174537037037037,2.4381606817696335,11.299551300056232,False,False
0xb3e11395bc67c2ad811de3ea4f58d47778e7a7d209eb73bc04a21c5a7472c186,2024-06-25 00:00:03+00:00,0.315,0.5147158529165716,2.444636552754622,11.329563446898954,False,False
0xb3e11395bc67c2ad811de3ea4f58d47778e7a7d209eb73bc04a21c5a7472c186,2024-06-26 00:00:03+00:00,0.315,0.5119780021294394,2.451164300038796,11.359816012229386,False,False
0xb3e11395bc67c2ad811de3ea4f58d47778e7a7d209eb73bc04a21c5a7472c186,2024-06-27 00:00:02+00:00,0.315,0.5092401830303952,2.457744543483286,11.3903118687674,False,False
0xb3e11395bc67c2ad811de3ea4f58d47778e7a7d209eb73bc04a21c5a7472c186,2024-06-28 00:00:03+00:00,0.315,0.5065023005551753,2.4643782219775954,11.421055367756205,False,False
0xb3e11395bc67c2ad811de3ea4f58d47778e7a7d209eb73bc04a21c5a7472c186,2024-06-29 00:00:02+00:00,0.315,0.5037644814561311,2.4710657513619987,11.45204843638975,False,False
0xb3e11395bc67c2ad811de3ea4f58d47778e7a7d209eb73bc04a21c5a7472c186,2024-06-30 00:00:02+00:00,0.315,0.5010266306689989,2.477808099674164,11.483295560997167,False,False
0xb3e11395bc67c2ad811de3ea4f58d47778e7a7d209eb73bc04a21c5a7472c186,2024-07-01 00:00:02+00:00,0.315,0.4982887798818668,2.484605940745399,11.514799864420803,False,False
0xb3e11395bc67c2ad811de3ea4f58d47778e7a7d209eb73bc04a21c5a7472c186,2024-07-02 00:00:03+00:00,0.32,0.4955508974066469,2.4640811056424217,11.323902139900836,False,False
0xb3e11395bc67c2ad811de3ea4f58d47778e7a7d209eb73bc04a21c5a7472c186,2024-07-03 00:00:02+00:00,0.315,0.4928130783076026,2.4983711777110584,11.578594265837369,False,False
0xb3e11395bc67c2ad811de3ea4f58d47778e7a7d209eb73bc04a21c5a7472c186,2024-07-04 00:00:03+00:00,0.335,0.4900751958323827,2.39739425611473,10.76150490905501,False,False
0xb3e11395bc67c2ad811de3ea4f58d47778e7a7d209eb73bc04a21c5a7472c186,2024-07-05 00:00:02+00:00,0.34,0.4873373767333384,2.3779393397283624,10.596877628023005,False,False
0xb3e11395bc67c2ad811de3ea4f58d47778e7a7d209eb73bc04a21c5a7472c186,2024-07-06 00:00:02+00:00,0.355,0.4845995259462063,2.3078838503107284,10.079195765086705,False,False
0xb3e11395bc67c2ad811de3ea4f58d47778e7a7d209eb73bc04a21c5a7472c186,2024-07-07 00:00:02+00:00,0.33,0.4818616751590742,2.444414794634715,11.055697849998712,False,False
0xb3e11395bc67c2ad811de3ea4f58d47778e7a7d209eb73bc04a21c5a7472c186,2024-07-08 00:00:02+00:00,0.335,0.4791238243719421,2.424638172435098,10.88379832761799,False,False
0xb3e11395bc67c2ad811de3ea4f58d47778e7a7d209eb73bc04a21c5a7472c186,2024-07-09 00:00:02+00:00,0.325,0.47638597358481,2.4856073531071563,11.330403888807549,False,False
0xb3e11395bc67c2ad811de3ea4f58d47778e7a7d209eb73bc04a21c5a7472c186,2024-07-10 00:00:03+00:00,0.32,0.4736480911095901,2.5204102457350612,11.582767673414804,False,False
0xb3e11395bc67c2ad811de3ea4f58d47778e7a7d209eb73bc04a21c5a7472c186,2024-07-11 00:00:03+00:00,0.32,0.470910240322458,2.5277264026447366,11.616389718036475,False,False
0xb3e11395bc67c2ad811de3ea4f58d47778e7a7d209eb73bc04a21c5a7472c186,2024-07-12 00:00:02+00:00,0.23,0.4681724212234137,3.1113440562794263,17.56828941998547,False,False
0xb3e11395bc67c2ad811de3ea4f58d47778e7a7d209eb73bc04a21c5a7472c186,2024-07-13 00:00:03+00:00,0.23,0.4654345387481938,3.1204817577431365,17.619885701542273,False,False
0xb3e11395bc67c2ad811de3ea4f58d47778e7a7d209eb73bc04a21c5a7472c186,2024-07-14 00:00:02+00:00,0.205,0.4626967196491495,3.3238418092115567,20.39479557730668,False,False
0xb3e11395bc67c2ad811de3ea4f58d47778e7a7d209eb73bc04a21c5a7472c186,2024-07-15 00:00:03+00:00,0.205,0.4599588371739296,3.333719634579688,20.455405028867542,False,False
0xb3e11395bc67c2ad811de3ea4f58d47778e7a7d209eb73bc04a21c5a7472c186,2024-07-16 00:00:02+00:00,0.185,0.4572210180748853,3.5143306455848995,23.308444009848447,False,False
0xb3e11395bc67c2ad811de3ea4f58d47778e7a7d209eb73bc04a21c5a7472c186,2024-07-17 00:00:01+00:00,0.175,0.454483198975841,3.6161431895774414,25.04687923516843,False,False
0xb3e11395bc67c2ad811de3ea4f58d47778e7a7d209eb73bc04a21c5a7472c186,2024-07-18 00:00:02+00:00,0.165,0.4517453165006211,3.7229176121389793,27.021721009900048,False,False
0xb3e11395bc67c2ad811de3ea4f58d47778e7a7d209eb73bc04a21c5a7472c186,2024-07-19 00:00:01+00:00,0.175,0.4490074974015768,3.6381260269734685,25.199141312370347,False,False
0xb3e11395bc67c2ad811de3ea4f58d47778e7a7d209eb73bc04a21c5a7472c186,2024-07-20 00:00:01+00:00,0.23,0.4462696466144447,3.1867814286952587,17.994248609233534,False,False
0xb3e11395bc67c2ad811de3ea4f58d47778e7a7d209eb73bc04a21c5a7472c186,2024-07-21 00:00:01+00:00,0.215,0.4435317958273126,3.313341435530609,19.631707513142402,False,False
0xb3e11395bc67c2ad811de3ea4f58d47778e7a7d209eb73bc04a21c5a7472c186,2024-07-22 00:00:01+00:00,0.215,0.4407939450401805,3.3236153878572763,19.69258117527641,False,False
0xb3e11395bc67c2ad811de3ea4f58d47778e7a7d209eb73bc04a21c5a7472c186,2024-07-23 00:00:01+00:00,0.2,0.43805609425304837,3.458296878824976,21.614355492656095,False,False
0xb3e11395bc67c2ad811de3ea4f58d47778e7a7d209eb73bc04a21c5a7472c186,2024-07-24 00:00:01+00:00,0.17,0.4353182434659163,3.7431205385175677,26.528139890273334,False,False
0xb3e11395bc67c2ad811de3ea4f58d47778e7a7d209eb73bc04a21c5a7472c186,2024-07-25 00:00:01+00:00,0.18,0.4325803926787842,3.6592751263362104,24.79183689929682,False,False
0xb3e11395bc67c2ad811de3ea4f58d47778e7a7d209eb73bc04a21c5a7472c186,2024-07-26 00:00:02+00:00,0.1,0.4298425102035643,4.609135388543949,51.2126154282661,False,False
0xb3e11395bc67c2ad811de3ea4f58d47778e7a7d209eb73bc04a21c5a7472c186,2024-07-27 00:00:02+00:00,0.14,0.42710465941643216,4.09811416408022,34.03749305714469,False,False
0xb3e11395bc67c2ad811de3ea4f58d47778e7a7d209eb73bc04a21c5a7472c186,2024-07-28 00:00:02+00:00,0.135,0.4243668086293001,4.169962190434344,35.70937435610656,False,False
0xb3e11395bc67c2ad811de3ea4f58d47778e7a7d209eb73bc04a21c5a7472c186,2024-07-29 00:00:02+00:00,0.135,0.421628957842168,4.18347912318033,35.825126295699675,False,False
0xb3e11395bc67c2ad811de3ea4f58d47778e7a7d209eb73bc04a21c5a7472c186,2024-07-30 00:00:01+00:00,0.14,0.41889113874312367,4.138096561976442,34.36957277389072,False,False
0xb3e11395bc67c2ad811de3ea4f58d47778e7a7d209eb73bc04a21c5a7472c186,2024-07-31 00:00:02+00:00,0.13,0.4161532562679038,4.271936833649092,37.77132478911664,False,False
0xb3e11395bc67c2ad811de3ea4f58d47778e7a7d209eb73bc04a21c5a7472c186,2024-08-01 00:00:02+00:00,0.13,0.41341540548077166,4.286058979564533,37.89618903240082,False,False
0xb3e11395bc67c2ad811de3ea4f58d47778e7a7d209eb73bc04a21c5a7472c186,2024-08-02 00:00:01+00:00,0.09,0.41067758638172736,4.87657203235307,59.54300405803504,False,False
0xb3e11395bc67c2ad811de3ea4f58d47778e7a7d209eb73bc04a21c5a7472c186,2024-08-03 00:00:02+00:00,0.0325,0.40793970390650747,6.316182198995766,200.87242135546066,True,False
0xb3e11395bc67c2ad811de3ea4f58d47778e7a7d209eb73bc04a21c5a7472c186,2024-08-04 00:00:01+00:00,0.034,0.40520188480746316,6.278894103384898,191.17324635808362,True,False
0xb3e11395bc67c2ad811de3ea4f58d47778e7a7d209eb73bc04a21c5a7472c186,2024-08-05 00:00:01+00:00,0.0425,0.4024640340203311,6.003690602928358,147.53348125764663,True,False
0xb3e11395bc67c2ad811de3ea4f58d47778e7a7d209eb73bc04a21c5a7472c186,2024-08-06 00:00:01+00:00,0.0285,0.399726183233199,6.550315347672477,236.57810214526197,True,False
0xb3e11395bc67c2ad811de3ea4f58d47778e7a7d209eb73bc04a21c5a7472c186,2024-08-07 00:00:01+00:00,0.0285,0.39698833244606685,6.572863833873648,237.39248707004535,True,False
0xb3e11395bc67c2ad811de3ea4f58d47778e7a7d209eb73bc04a21c5a7472c186,2024-08-08 00:00:01+00:00,0.034,0.3942504816589348,6.3655036375641245,193.81024350152614,True,False
0xb3e11395bc67c2ad811de3ea4f58d47778e7a7d209eb73bc04a21c5a7472c186,2024-08-09 00:00:02+00:00,0.031,0.39151259918371484,6.509340054616888,216.6962966349375,True,False
0xb3e11395bc67c2ad811de3ea4f58d47778e7a7d209eb73bc04a21c5a7472c186,2024-08-10 00:00:02+00:00,0.0335,0.38877474839658277,6.42985758134867,198.58877103407954,True,False
0xb3e11395bc67c2ad811de3ea4f58d47778e7a7d209eb73bc04a21c5a7472c186,2024-08-11 00:00:01+00:00,0.035,0.38603692929753847,6.3940943063245665,189.31441321464297,True,False
0xb3e11395bc67c2ad811de3ea4f58d47778e7a7d209eb73bc04a21c5a7472c186,2024-08-12 00:00:01+00:00,0.039,0.38329907851040634,6.270170598435747,167.29823630395015,True,False
0xb3e11395bc67c2ad811de3ea4f58d47778e7a7d209eb73bc04a21c5a7472c186,2024-08-13 00:00:02+00:00,0.0355,0.38056119603518646,6.420762909405199,187.52365041816014,True,False
0xb3e11395bc67c2ad811de3ea4f58d47778e7a7d209eb73bc04a21c5a7472c186,2024-08-14 00:00:02+00:00,0.0345,0.37782334524805433,6.48269562076236,194.61856125495865,True,False
0xb3e11395bc67c2ad811de3ea4f58d47778e7a7d209eb73bc04a21c5a7472c186,2024-08-15 00:00:02+00:00,0.0375,0.37508549446092226,6.392479798669444,177.10766541768157,True,False
0xb3e11395bc67c2ad811de3ea4f58d47778e7a7d209eb73bc04a21c5a7472c186,2024-08-16 00:00:02+00:00,0.0505,0.37234764367379014,5.99625002756768,125.05279021408202,False,False
0xb3e11395bc67c2ad811de3ea4f58d47778e7a7d209eb73bc04a21c5a7472c186,2024-08-17 00:00:02+00:00,0.046,0.3696097928866581,6.152587676647022,140.2011593438844,True,False
0xb3e11395bc67c2ad811de3ea4f58d47778e7a7d209eb73bc04a21c5a7472c186,2024-08-18 00:00:02+00:00,0.0505,0.36687194209952595,6.040832433677005,125.98256369797558,False,False
0xb3e11395bc67c2ad811de3ea4f58d47778e7a7d209eb73bc04a21c5a7472c186,2024-08-19 00:00:02+00:00,0.055,0.3641340913123938,5.9381125041826905,114.2493988298738,False,False
0xb3e11395bc67c2ad811de3ea4f58d47778e7a7d209eb73bc04a21c5a7472c186,2024-08-20 00:00:01+00:00,0.068,0.3613962722133496,5.6400295355209655,88.99314465288067,False,False
0xb3e11395bc67c2ad811de3ea4f58d47778e7a7d209eb73bc04a21c5a7472c186,2024-08-21 00:00:02+00:00,0.065,0.35865838973812963,5.730890958982459,94.2968483584115,False,False
0xb3e11395bc67c2ad811de3ea4f58d47778e7a7d209eb73bc04a21c5a7472c186,2024-08-22 00:00:02+00:00,0.0505,0.35592053895099757,6.133064233437737,127.90607320033443,False,False
0xb3e11395bc67c2ad811de3ea4f58d47778e7a7d209eb73bc04a21c5a7472c186,2024-08-23 00:00:02+00:00,0.068,0.35318268816386544,5.705234617069511,90.02200544479788,False,False
0xb3e11395bc67c2ad811de3ea4f58d47778e7a7d209eb73bc04a21c5a7472c186,2024-08-24 00:00:02+00:00,0.0455,0.3504448373767333,6.334587700457668,145.85825846240581,True,False
0xb3e11395bc67c2ad811de3ea4f58d47778e7a7d209eb73bc04a21c5a7472c186,2024-08-25 00:00:01+00:00,0.0365,0.3477070182776891,6.677866709384957,189.88609477106033,True,False
0xb3e11395bc67c2ad811de3ea4f58d47778e7a7d209eb73bc04a21c5a7472c186,2024-08-26 00:00:02+00:00,0.0435,0.34496913580246913,6.450726321572548,155.036653545855,True,False
0xb3e11395bc67c2ad811de3ea4f58d47778e7a7d209eb73bc04a21c5a7472c186,2024-08-27 00:00:01+00:00,0.0395,0.3422313167034248,6.617281832085338,174.41553600340902,True,False
0xb3e11395bc67c2ad811de3ea4f58d47778e7a7d209eb73bc04a21c5a7472c186,2024-08-28 00:00:01+00:00,0.04,0.33949346591629276,6.625591885761025,172.54145535836005,True,False
0xb3e11395bc67c2ad811de3ea4f58d47778e7a7d209eb73bc04a21c5a7472c186,2024-08-29 00:00:02+00:00,0.047,0.3367555834410728,6.413522425887122,143.18774811652168,True,False
0xb3e11395bc67c2ad811de3ea4f58d47778e7a7d209eb73bc04a21c5a7472c186,2024-08-30 00:00:02+00:00,0.047,0.33401773265394075,6.439753715895457,143.77338563317312,True,False
0xb3e11395bc67c2ad811de3ea4f58d47778e7a7d209eb73bc04a21c5a7472c186,2024-08-31 00:00:02+00:00,0.047,0.3312798818668086,6.466309519055195,144.36626820243342,True,False
0xb3e11395bc67c2ad811de3ea4f58d47778e7a7d209eb73bc04a21c5a7472c186,2024-09-01 00:00:02+00:00,0.049,0.32854203107967656,6.42969966387648,137.9793485670611,True,False
0xb3e11395bc67c2ad811de3ea4f58d47778e7a7d209eb73bc04a21c5a7472c186,2024-09-02 00:00:02+00:00,0.046,0.32580418029254443,6.553166762129185,149.32929455221003,True,False
0xb3e11395bc67c2ad811de3ea4f58d47778e7a7d209eb73bc04a21c5a7472c186,2024-09-03 00:00:02+00:00,0.046,0.3230663295054123,6.580875841512194,149.96071099973096,True,False
0xb3e11395bc67c2ad811de3ea4f58d47778e7a7d209eb73bc04a21c5a7472c186,2024-09-04 00:00:02+00:00,0.045,0.32032847871828024,6.642575461157307,154.56836442483552,True,False
0xb3e11395bc67c2ad811de3ea4f58d47778e7a7d209eb73bc04a21c5a7472c186,2024-09-05 00:00:02+00:00,0.0375,0.3175906279311481,6.947053762781784,192.47248520261218,True,False
0xb3e11395bc67c2ad811de3ea4f58d47778e7a7d209eb73bc04a21c5a7472c186,2024-09-06 00:00:02+00:00,0.041,0.314852777144016,6.842525275545845,174.02592323166522,True,False
0xb3e11395bc67c2ad811de3ea4f58d47778e7a7d209eb73bc04a21c5a7472c186,2024-09-07 00:00:02+00:00,0.031,0.3121149263568839,7.2904202258235955,242.69849947813162,True,False
0xb3e11395bc67c2ad811de3ea4f58d47778e7a7d209eb73bc04a21c5a7472c186,2024-09-08 00:00:02+00:00,0.024,0.3093770755697518,7.692564597578561,328.4052509212159,True,False
0xb3e11395bc67c2ad811de3ea4f58d47778e7a7d209eb73bc04a21c5a7472c186,2024-09-09 00:00:01+00:00,0.0275,0.30663925647070756,7.530801387993976,281.59107784039173,True,False
0xb3e11395bc67c2ad811de3ea4f58d47778e7a7d209eb73bc04a21c5a7472c186,2024-09-10 00:00:02+00:00,0.025,0.3039013739954876,7.702891022804809,316.0160419612229,True,False
0xb3e11395bc67c2ad811de3ea4f58d47778e7a7d209eb73bc04a21c5a7472c186,2024-09-11 00:00:01+00:00,0.0245,0.3011635548964433,7.767030556803562,324.98375743694226,True,False
0xb3e11395bc67c2ad811de3ea4f58d47778e7a7d209eb73bc04a21c5a7472c186,2024-09-12 00:00:02+00:00,0.0255,0.2984256724212234,7.744402171183272,311.6490979258653,True,False
0xb3e11395bc67c2ad811de3ea4f58d47778e7a7d209eb73bc04a21c5a7472c186,2024-09-13 00:00:02+00:00,0.027,0.2956878216340913,7.696116872259514,292.95104382244733,True,False
0xb3e11395bc67c2ad811de3ea4f58d47778e7a7d209eb73bc04a21c5a7472c186,2024-09-14 00:00:02+00:00,0.018,0.29294997084695923,8.31743096637748,470.5493870998801,True,False
0xb3e11395bc67c2ad811de3ea4f58d47778e7a7d209eb73bc04a21c5a7472c186,2024-09-15 00:00:02+00:00,0.0195,0.2902121200598271,8.242903801531115,431.11985258861205,True,False
0xb3e11395bc67c2ad811de3ea4f58d47778e7a7d209eb73bc04a21c5a7472c186,2024-09-16 00:00:02+00:00,0.0175,0.287474269272695,8.436192702889349,490.654610128061,True,False
0xb3e11395bc67c2ad811de3ea4f58d47778e7a7d209eb73bc04a21c5a7472c186,2024-09-17 00:00:02+00:00,0.008,0.2847364184855629,9.539189195923132,1202.014767631443,True,False
0xb3e11395bc67c2ad811de3ea4f58d47778e7a7d209eb73bc04a21c5a7472c186,2024-09-18 00:00:02+00:00,0.0115,0.2819985676984308,9.102348271602565,800.7167884236163,True,False
0xd4a957e7b51fc2e74c4f1909583972011772eda01aada975251aeaffbbc73f56,2024-02-01 00:00:02+00:00,0.485,0.12594107283190104,3.4254190626601813,13.714018867621585,False,False
0xd4a957e7b51fc2e74c4f1909583972011772eda01aada975251aeaffbbc73f56,2024-02-02 00:00:02+00:00,0.025,0.12320322204476893,12.097873878001517,496.3230308923699,True,False
0xd4a957e7b51fc2e74c4f1909583972011772eda01aada975251aeaffbbc73f56,2024-02-03 00:00:02+00:00,0.025,0.12046537125763683,12.234577428486565,501.9313816815001,True,False
0xd4a957e7b51fc2e74c4f1909583972011772eda01aada975251aeaffbbc73f56,2024-02-04 00:00:03+00:00,0.025,0.11772748878241691,12.376024070284155,507.73432083217045,True,False
0xd4a957e7b51fc2e74c4f1909583972011772eda01aada975251aeaffbbc73f56,2024-02-05 00:00:02+00:00,0.025,0.11498966968337263,12.522489386772166,513.7431543291145,True,False
0xd4a957e7b51fc2e74c4f1909583972011772eda01aada975251aeaffbbc73f56,2024-02-06 00:00:02+00:00,0.025,0.11225181889624053,12.674282764252043,519.9705749436736,True,False
0xd4a957e7b51fc2e74c4f1909583972011772eda01aada975251aeaffbbc73f56,2024-02-07 00:00:02+00:00,0.025,0.10951396810910842,12.831733398157327,526.4300881295313,True,False
0xd4a957e7b51fc2e74c4f1909583972011772eda01aada975251aeaffbbc73f56,2024-02-08 00:00:02+00:00,0.025,0.10677611732197632,12.995201656648797,533.1364782214891,True,False
0xd4a957e7b51fc2e74c4f1909583972011772eda01aada975251aeaffbbc73f56,2024-02-09 00:00:02+00:00,0.025,0.10403826653484421,13.165080886726605,540.1058825323735,True,False
0xd4a957e7b51fc2e74c4f1909583972011772eda01aada975251aeaffbbc73f56,2024-02-10 00:00:03+00:00,0.025,0.10130038405962431,13.341803485728693,547.3560404401516,True,False
0xd4a957e7b51fc2e74c4f1909583972011772eda01aada975251aeaffbbc73f56,2024-02-11 00:00:03+00:00,0.025,0.0985625332724922,13.525837231226248,554.9061428195383,True,False
0xd4a957e7b51fc2e74c4f1909583972011772eda01aada975251aeaffbbc73f56,2024-02-12 00:00:03+00:00,0.025,0.09582468248536011,13.71770285069525,562.7775528490359,True,False
0xd4a957e7b51fc2e74c4f1909583972011772eda01aada975251aeaffbbc73f56,2024-02-13 00:00:02+00:00,0.025,0.09308686338631582,13.917969714025654,570.9936292933602,True,False
0xd4a957e7b51fc2e74c4f1909583972011772eda01aada975251aeaffbbc73f56,2024-02-14 00:00:03+00:00,0.025,0.0903489809110959,14.127276859682107,579.5805891151633,True,False
0xd4a957e7b51fc2e74c4f1909583972011772eda01aada975251aeaffbbc73f56,2024-02-15 00:00:03+00:00,0.025,0.08761113012396379,14.346317705958695,588.5668802444593,True,False
0xd4a957e7b51fc2e74c4f1909583972011772eda01aada975251aeaffbbc73f56,2024-02-16 00:00:03+00:00,0.025,0.0848732793368317,14.57587362022908,597.9845587786289,True,False
0xd4a957e7b51fc2e74c4f1909583972011772eda01aada975251aeaffbbc73f56,2024-02-17 00:00:02+00:00,0.025,0.08213546023778741,14.816810892279806,607.8691648114792,True,False
0xd4a957e7b51fc2e74c4f1909583972011772eda01aada975251aeaffbbc73f56,2024-02-18 00:00:02+00:00,0.01,0.07939760945065531,17.509244163822974,1768.61052159828,True,False
0xd4a957e7b51fc2e74c4f1909583972011772eda01aada975251aeaffbbc73f56,2024-02-19 00:00:02+00:00,0.01,0.0766597586635232,17.819166605003,1799.9158186871716,True,False
0xd4a957e7b51fc2e74c4f1909583972011772eda01aada975251aeaffbbc73f56,2024-02-20 00:00:02+00:00,0.01,0.07392190787639111,18.146151341936456,1832.9445799935813,True,False
0xd4a957e7b51fc2e74c4f1909583972011772eda01aada975251aeaffbbc73f56,2024-02-21 00:00:03+00:00,0.0105,0.07118402540117119,18.36163996340347,1767.2840985975088,True,False
0xd4a957e7b51fc2e74c4f1909583972011772eda01aada975251aeaffbbc73f56,2024-02-22 00:00:02+00:00,0.0105,0.0684462063021269,18.725268260574627,1802.2828519044851,True,False
0xd4a957e7b51fc2e74c4f1909583972011772eda01aada975251aeaffbbc73f56,2024-02-23 00:00:02+00:00,0.0105,0.0657083555149948,19.11139725830548,1839.4472685392313,True,False
0xd4a957e7b51fc2e74c4f1909583972011772eda01aada975251aeaffbbc73f56,2024-02-24 00:00:02+00:00,0.01,0.0629705047278627,19.66086065141699,1985.9455203451503,True,False
0xd4a957e7b51fc2e74c4f1909583972011772eda01aada975251aeaffbbc73f56,2024-02-25 00:00:02+00:00,0.01,0.0602326539407306,,,True,False
0xd4a957e7b51fc2e74c4f1909583972011772eda01aada975251aeaffbbc73f56,2024-02-26 00:00:02+00:00,0.0095,0.0574948031535985,,,True,False
0xd4a957e7b51fc2e74c4f1909583972011772eda01aada975251aeaffbbc73f56,2024-02-27 00:00:02+00:00,0.0095,0.054756952366466397,,,True,False
0xd4a957e7b51fc2e74c4f1909583972011772eda01aada975251aeaffbbc73f56,2024-02-28 00:00:03+00:00,0.0035,0.05201906989124648,,,True,False
0xd4a957e7b51fc2e74c4f1909583972011772eda01aada975251aeaffbbc73f56,2024-02-29 00:00:02+00:00,0.0035,0.0492812507922022,,,True,False
0xd4a957e7b51fc2e74c4f1909583972011772eda01aada975251aeaffbbc73f56,2024-03-01 00:00:02+00:00,0.0035,0.046543400005070096,,,True,False
0xd4a957e7b51fc2e74c4f1909583972011772eda01aada975251aeaffbbc73f56,2024-03-02 00:00:03+00:00,0.003,0.04380551752985018,,,True,False
0xd4a957e7b51fc2e74c4f1909583972011772eda01aada975251aeaffbbc73f56,2024-03-03 00:00:03+00:00,0.0025,0.04106766674271808,,,True,False
0xd4a957e7b51fc2e74c4f1909583972011772eda01aada975251aeaffbbc73f56,2024-03-04 00:00:03+00:00,0.0025,0.038329815955585975,,,True,False
0xd4a957e7b51fc2e74c4f1909583972011772eda01aada975251aeaffbbc73f56,2024-03-05 00:00:03+00:00,0.0025,0.03559196516845387,,,True,False
0xd4a957e7b51fc2e74c4f1909583972011772eda01aada975251aeaffbbc73f56,2024-03-06 00:00:03+00:00,0.0025,0.032854114381321776,,,True,False
0xd4a957e7b51fc2e74c4f1909583972011772eda01aada975251aeaffbbc73f56,2024-03-07 00:00:02+00:00,0.0025,0.030116295282277487,,,True,False
0xd4a957e7b51fc2e74c4f1909583972011772eda01aada975251aeaffbbc73f56,2024-03-08 00:00:02+00:00,0.0025,0.027378444495145385,,,True,False
0xd4a957e7b51fc2e74c4f1909583972011772eda01aada975251aeaffbbc73f56,2024-03-09 00:00:03+00:00,0.002,0.02464056201992547,,,True,False
0xd4a957e7b51fc2e74c4f1909583972011772eda01aada975251aeaffbbc73f56,2024-03-10 00:00:02+00:00,0.0015,0.021902742920881183,,,True,False
0xd4a957e7b51fc2e74c4f1909583972011772eda01aada975251aeaffbbc73f56,2024-03-11 00:00:02+00:00,0.0015,0.01916489213374908,,,True,False
0xd4a957e7b51fc2e74c4f1909583972011772eda01aada975251aeaffbbc73f56,2024-03-12 00:00:02+00:00,0.0015,0.016427041346616978,,,True,False
0xd4a957e7b51fc2e74c4f1909583972011772eda01aada975251aeaffbbc73f56,2024-03-13 00:00:03+00:00,0.0015,0.013689158871397064,,,True,False
0xd4a957e7b51fc2e74c4f1909583972011772eda01aada975251aeaffbbc73f56,2024-03-14 00:00:03+00:00,0.0015,0.010951308084264963,,,True,False
0xd4a957e7b51fc2e74c4f1909583972011772eda01aada975251aeaffbbc73f56,2024-03-15 00:00:03+00:00,0.0015,0.008213457297132862,,,True,False
0xd4a957e7b51fc2e74c4f1909583972011772eda01aada975251aeaffbbc73f56,2024-03-16 00:00:02+00:00,0.0015,0.005475638198088575,,,True,False
0xd4a957e7b51fc2e74c4f1909583972011772eda01aada975251aeaffbbc73f56,2024-03-17 00:00:03+00:00,0.0015,0.002737755722868659,,,True,False
0xd4a957e7b51fc2e74c4f1909583972011772eda01aada975251aeaffbbc73f56,2024-03-18 00:00:03+00:00,0.0015,0.0,,,True,False
0xd4a957e7b51fc2e74c4f1909583972011772eda01aada975251aeaffbbc73f56,2024-03-19 00:00:02+00:00,0.0015,0.0,,,True,False
0xd4a957e7b51fc2e74c4f1909583972011772eda01aada975251aeaffbbc73f56,2024-03-20 00:00:03+00:00,0.0015,0.0,,,True,False
0xdcb247a07c561e4d960cd5bd9346bfcd205a9ae6557263b390e93f9e90ca56ee,2023-05-04 00:00:54+00:00,0.85,0.10951232032854209,1.608094617467166,12.612506803664047,False,False
0xdcb247a07c561e4d960cd5bd9346bfcd205a9ae6557263b390e93f9e90ca56ee,2023-05-05 00:00:04+00:00,0.845,0.1067760539458007,1.65084083693199,12.604243839908303,False,False
0xdcb247a07c561e4d960cd5bd9346bfcd205a9ae6557263b390e93f9e90ca56ee,2023-05-06 00:00:12+00:00,0.81,0.10403794965396608,1.8315823087888878,11.901119615262433,False,False
0xdcb247a07c561e4d960cd5bd9346bfcd205a9ae6557263b390e93f9e90ca56ee,2023-05-07 00:00:24+00:00,0.81,0.10129971860978021,1.856171981822048,12.0608965680445,False,False
0xdcb247a07c561e4d960cd5bd9346bfcd205a9ae6557263b390e93f9e90ca56ee,2023-05-08 00:00:41+00:00,0.81,0.09856132912515528,1.8817809022016276,12.227296310601872,False,False
0xdcb247a07c561e4d960cd5bd9346bfcd205a9ae6557263b390e93f9e90ca56ee,2023-05-09 00:00:08+00:00,0.82,0.09582452404492103,1.8607526340603424,12.606725163010447,False,False
0xdcb247a07c561e4d960cd5bd9346bfcd205a9ae6557263b390e93f9e90ca56ee,2023-05-10 00:00:45+00:00,0.805,0.09308550079853982,1.9606795116253972,12.490393448800111,False,False
0xdcb247a07c561e4d960cd5bd9346bfcd205a9ae6557263b390e93f9e90ca56ee,2023-05-11 00:00:36+00:00,0.855,0.09034793520419804,1.746250539032294,14.085505457005798,False,False
0xdcb247a07c561e4d960cd5bd9346bfcd205a9ae6557263b390e93f9e90ca56ee,2023-05-12 00:00:54+00:00,0.865,0.08760951403148529,1.7241577535147146,14.76478487274429,False,False
0xdcb247a07c561e4d960cd5bd9346bfcd205a9ae6557263b390e93f9e90ca56ee,2023-05-13 00:00:42+00:00,0.825,0.08487204350140695,1.9519495629173067,13.519996972587403,False,False
0xdcb247a07c561e4d960cd5bd9346bfcd205a9ae6557263b390e93f9e90ca56ee,2023-05-15 00:00:02+00:00,0.825,0.07939760945065531,2.0181210288331313,13.97832747243727,False,False
0xdcb247a07c561e4d960cd5bd9346bfcd205a9ae6557263b390e93f9e90ca56ee,2023-05-16 00:00:23+00:00,0.825,0.07665909321367911,2.0538517018912046,14.22581265379189,False,False
0xdcb247a07c561e4d960cd5bd9346bfcd205a9ae6557263b390e93f9e90ca56ee,2023-05-17 00:00:23+00:00,0.805,0.07392124242654702,2.200204262001096,14.016271775767457,False,False
0xdcb247a07c561e4d960cd5bd9346bfcd205a9ae6557263b390e93f9e90ca56ee,2023-05-18 00:00:02+00:00,0.805,0.07118405708925901,2.2421066257639928,14.283208318292678,False,False
0xdcb247a07c561e4d960cd5bd9346bfcd205a9ae6557263b390e93f9e90ca56ee,2023-05-19 00:00:02+00:00,0.685,0.0684462063021269,3.021222374832469,14.001725755219416,False,False
0xdcb247a07c561e4d960cd5bd9346bfcd205a9ae6557263b390e93f9e90ca56ee,2023-05-20 00:00:02+00:00,0.765,0.0657083555149948,2.5705381918791055,14.29864103395414,False,False
0xdcb247a07c561e4d960cd5bd9346bfcd205a9ae6557263b390e93f9e90ca56ee,2023-05-21 00:00:02+00:00,0.775,0.0629705047278627,2.564341475056642,14.705900932224472,False,False
0xdcb247a07c561e4d960cd5bd9346bfcd205a9ae6557263b390e93f9e90ca56ee,2023-05-22 00:00:02+00:00,0.805,0.0602326539407306,2.4374270740677635,15.527485740199165,False,False
0xdcb247a07c561e4d960cd5bd9346bfcd205a9ae6557263b390e93f9e90ca56ee,2023-05-23 00:00:02+00:00,0.805,0.0574948031535985,2.4947862095581015,15.892888737430177,False,False
0xdcb247a07c561e4d960cd5bd9346bfcd205a9ae6557263b390e93f9e90ca56ee,2023-05-24 00:00:02+00:00,0.785,0.054756952366466397,2.6847710204913606,15.907397544016359,False,False
0xdcb247a07c561e4d960cd5bd9346bfcd205a9ae6557263b390e93f9e90ca56ee,2023-05-25 00:00:02+00:00,0.705,0.052019101579334294,3.3147353823818055,15.938143442153168,False,False
0xdcb247a07c561e4d960cd5bd9346bfcd205a9ae6557263b390e93f9e90ca56ee,2023-05-26 00:00:02+00:00,0.4,0.0492812507922022,6.566424080434906,27.360100335145443,False,False
0xdcb247a07c561e4d960cd5bd9346bfcd205a9ae6557263b390e93f9e90ca56ee,2023-05-27 00:00:02+00:00,0.385,0.046543400005070096,6.9785337269536605,29.47327094057084,False,False
0xdcb247a07c561e4d960cd5bd9346bfcd205a9ae6557263b390e93f9e90ca56ee,2023-05-28 00:00:02+00:00,0.33,0.04380554921793799,8.107212037261554,36.6676256773476,False,False
0xdcb247a07c561e4d960cd5bd9346bfcd205a9ae6557263b390e93f9e90ca56ee,2023-05-29 00:00:02+00:00,0.385,0.04106769843080589,7.4292171455636264,31.376695789520117,False,False
0xdcb247a07c561e4d960cd5bd9346bfcd205a9ae6557263b390e93f9e90ca56ee,2023-05-30 00:00:02+00:00,0.37,0.03832984764367379,7.943280367738932,34.07670685430687,False,False
0xdcb247a07c561e4d960cd5bd9346bfcd205a9ae6557263b390e93f9e90ca56ee,2023-05-31 00:00:02+00:00,0.36,0.035591996856541686,8.423826047337153,36.56174499712306,False,False
0xdcb247a07c561e4d960cd5bd9346bfcd205a9ae6557263b390e93f9e90ca56ee,2023-06-01 00:00:02+00:00,0.71,0.03285414606940959,4.12445913249676,20.031370240392228,False,False
0xdcb247a07c561e4d960cd5bd9346bfcd205a9ae6557263b390e93f9e90ca56ee,2023-06-02 00:00:02+00:00,0.73,0.030116295282277487,4.117356600986948,20.889683414444182,False,False
0xdcb247a07c561e4d960cd5bd9346bfcd205a9ae6557263b390e93f9e90ca56ee,2023-06-03 00:00:02+00:00,0.81,0.027378444495145385,3.570408825396061,23.199537526939974,False,False
0xdcb247a07c561e4d960cd5bd9346bfcd205a9ae6557263b390e93f9e90ca56ee,2023-06-04 00:00:02+00:00,0.81,0.024640593708013282,3.763541839401638,24.45446289409772,False,False
0xdcb247a07c561e4d960cd5bd9346bfcd205a9ae6557263b390e93f9e90ca56ee,2023-06-05 00:00:02+00:00,0.805,0.021902742920881183,4.042019250608513,25.749445775496188,False,False
0xdcb247a07c561e4d960cd5bd9346bfcd205a9ae6557263b390e93f9e90ca56ee,2023-06-06 00:00:02+00:00,0.8,0.01916489213374908,4.374970521066578,27.343565756666116,False,False
0xdcb247a07c561e4d960cd5bd9346bfcd205a9ae6557263b390e93f9e90ca56ee,2023-06-07 00:00:02+00:00,0.815,0.016427041346616978,4.551662673569485,30.188444195453386,False,False
0xdcb247a07c561e4d960cd5bd9346bfcd205a9ae6557263b390e93f9e90ca56ee,2023-06-08 00:00:02+00:00,0.795,0.013689190559484879,5.240563836146586,32.155630226394145,False,False
0xdcb247a07c561e4d960cd5bd9346bfcd205a9ae6557263b390e93f9e90ca56ee,2023-06-09 00:00:02+00:00,0.79,0.010951339772352776,5.931056623777253,35.75079339226795,False,False
0xdcb247a07c561e4d960cd5bd9346bfcd205a9ae6557263b390e93f9e90ca56ee,2023-06-10 00:00:02+00:00,0.785,0.008213488985220676,6.932071699703379,41.07285853771815,False,False
0xdcb247a07c561e4d960cd5bd9346bfcd205a9ae6557263b390e93f9e90ca56ee,2023-06-11 00:00:02+00:00,0.81,0.005475638198088575,7.983713802835647,51.8759831243382,False,False
0xdcb247a07c561e4d960cd5bd9346bfcd205a9ae6557263b390e93f9e90ca56ee,2023-06-12 00:00:02+00:00,0.815,0.002737787410956473,11.149358568745846,73.9469976371802,False,False
0xdcb247a07c561e4d960cd5bd9346bfcd205a9ae6557263b390e93f9e90ca56ee,2023-06-13 00:00:02+00:00,0.795,0.0,,,False,False
0xdcb247a07c561e4d960cd5bd9346bfcd205a9ae6557263b390e93f9e90ca56ee,2023-06-14 00:00:02+00:00,0.94,0.0,,,False,False
0xdf3b361f2617570e0abc10ece5e350a979c5e1e58ad5a2b5147e023ade4d9311,2024-02-01 00:00:02+00:00,0.3,0.12594107283190104,5.109620001495836,24.33152381664684,False,False
0xdf3b361f2617570e0abc10ece5e350a979c5e1e58ad5a2b5147e023ade4d9311,2024-02-02 00:00:02+00:00,0.025,0.12320322204476893,12.097873878001517,496.3230308923699,True,False
0xdf3b361f2617570e0abc10ece5e350a979c5e1e58ad5a2b5147e023ade4d9311,2024-02-03 00:00:02+00:00,0.025,0.12046537125763683,12.234577428486565,501.9313816815001,True,False
0xdf3b361f2617570e0abc10ece5e350a979c5e1e58ad5a2b5147e023ade4d9311,2024-02-04 00:00:03+00:00,0.025,0.11772748878241691,12.376024070284155,507.73432083217045,True,False
0xdf3b361f2617570e0abc10ece5e350a979c5e1e58ad5a2b5147e023ade4d9311,2024-02-05 00:00:02+00:00,0.025,0.11498966968337263,12.522489386772166,513.7431543291145,True,False
0xdf3b361f2617570e0abc10ece5e350a979c5e1e58ad5a2b5147e023ade4d9311,2024-02-06 00:00:02+00:00,0.025,0.11225181889624053,12.674282764252043,519.9705749436736,True,False
0xdf3b361f2617570e0abc10ece5e350a979c5e1e58ad5a2b5147e023ade4d9311,2024-02-07 00:00:02+00:00,0.025,0.10951396810910842,12.831733398157327,526.4300881295313,True,False
0xdf3b361f2617570e0abc10ece5e350a979c5e1e58ad5a2b5147e023ade4d9311,2024-02-08 00:00:02+00:00,0.025,0.10677611732197632,12.995201656648797,533.1364782214891,True,False
0xdf3b361f2617570e0abc10ece5e350a979c5e1e58ad5a2b5147e023ade4d9311,2024-02-09 00:00:02+00:00,0.025,0.10403826653484421,13.165080886726605,540.1058825323735,True,False
0xdf3b361f2617570e0abc10ece5e350a979c5e1e58ad5a2b5147e023ade4d9311,2024-02-10 00:00:03+00:00,0.1,0.10130038405962431,9.494423535349615,105.49359483721793,False,False
0xdf3b361f2617570e0abc10ece5e350a979c5e1e58ad5a2b5147e023ade4d9311,2024-02-11 00:00:03+00:00,0.025,0.0985625332724922,13.525837231226248,554.9061428195383,True,False
0xdf3b361f2617570e0abc10ece5e350a979c5e1e58ad5a2b5147e023ade4d9311,2024-02-12 00:00:03+00:00,0.025,0.09582468248536011,13.71770285069525,562.7775528490359,True,False
0xdf3b361f2617570e0abc10ece5e350a979c5e1e58ad5a2b5147e023ade4d9311,2024-02-13 00:00:02+00:00,0.025,0.09308686338631582,13.917969714025654,570.9936292933602,True,False
0xdf3b361f2617570e0abc10ece5e350a979c5e1e58ad5a2b5147e023ade4d9311,2024-02-14 00:00:03+00:00,0.025,0.0903489809110959,14.127276859682107,579.5805891151633,True,False
0xdf3b361f2617570e0abc10ece5e350a979c5e1e58ad5a2b5147e023ade4d9311,2024-02-15 00:00:03+00:00,0.025,0.08761113012396379,14.346317705958695,588.5668802444593,True,False
0xdf3b361f2617570e0abc10ece5e350a979c5e1e58ad5a2b5147e023ade4d9311,2024-02-16 00:00:03+00:00,0.025,0.0848732793368317,14.57587362022908,597.9845587786289,True,False
0xdf3b361f2617570e0abc10ece5e350a979c5e1e58ad5a2b5147e023ade4d9311,2024-02-17 00:00:02+00:00,0.025,0.08213546023778741,14.816810892279806,607.8691648114792,True,False
0xdf3b361f2617570e0abc10ece5e350a979c5e1e58ad5a2b5147e023ade4d9311,2024-02-18 00:00:02+00:00,0.0105,0.07939760945065531,17.38597400031141,1673.377511519662,True,False
0xdf3b361f2617570e0abc10ece5e350a979c5e1e58ad5a2b5147e023ade4d9311,2024-02-19 00:00:02+00:00,0.016,0.0766597586635232,16.58074630713582,1053.1469961341347,True,False
0xdf3b361f2617570e0abc10ece5e350a979c5e1e58ad5a2b5147e023ade4d9311,2024-02-20 00:00:02+00:00,0.016,0.07392190787639111,16.885005821015955,1072.4724225746922,True,False
0xdf3b361f2617570e0abc10ece5e350a979c5e1e58ad5a2b5147e023ade4d9311,2024-02-21 00:00:03+00:00,0.026,0.07118402540117119,15.798719284213147,623.8635004032992,True,False
0xdf3b361f2617570e0abc10ece5e350a979c5e1e58ad5a2b5147e023ade4d9311,2024-02-22 00:00:02+00:00,0.0415,0.0684462063021269,14.636052855429705,367.9457197913332,True,False
0xdf3b361f2617570e0abc10ece5e350a979c5e1e58ad5a2b5147e023ade4d9311,2024-02-23 00:00:02+00:00,0.0415,0.0657083555149948,14.937859181573206,375.5330349648536,True,False
0xdf3b361f2617570e0abc10ece5e350a979c5e1e58ad5a2b5147e023ade4d9311,2024-02-24 00:00:02+00:00,0.0415,0.0629705047278627,15.259140540592533,383.609946278825,True,False
0xdf3b361f2617570e0abc10ece5e350a979c5e1e58ad5a2b5147e023ade4d9311,2024-02-25 00:00:02+00:00,0.0415,0.0602326539407306,15.602085751962052,392.2314799595767,True,False
0xdf3b361f2617570e0abc10ece5e350a979c5e1e58ad5a2b5147e023ade4d9311,2024-02-26 00:00:02+00:00,0.0405,0.0574948031535985,16.055964096474778,413.17723599546514,True,False
0xdf3b361f2617570e0abc10ece5e350a979c5e1e58ad5a2b5147e023ade4d9311,2024-02-27 00:00:02+00:00,0.0405,0.054756952366466397,16.452467813041988,423.38069115323657,True,False
0xdf3b361f2617570e0abc10ece5e350a979c5e1e58ad5a2b5147e023ade4d9311,2024-02-28 00:00:03+00:00,0.041,0.05201906989124648,16.83406048027855,428.14060582106737,True,False
0xdf3b361f2617570e0abc10ece5e350a979c5e1e58ad5a2b5147e023ade4d9311,2024-02-29 00:00:02+00:00,0.039,0.0492812507922022,17.486680852079267,466.57277014005894,True,False
0xdf3b361f2617570e0abc10ece5e350a979c5e1e58ad5a2b5147e023ade4d9311,2024-03-01 00:00:02+00:00,0.025,0.046543400005070096,19.68298823064056,807.5072094621768,True,False
0xdf3b361f2617570e0abc10ece5e350a979c5e1e58ad5a2b5147e023ade4d9311,2024-03-02 00:00:03+00:00,0.0225,0.04380551752985018,,,True,False
0xdf3b361f2617570e0abc10ece5e350a979c5e1e58ad5a2b5147e023ade4d9311,2024-03-03 00:00:03+00:00,0.0205,0.04106766674271808,,,True,False
0xdf3b361f2617570e0abc10ece5e350a979c5e1e58ad5a2b5147e023ade4d9311,2024-03-04 00:00:03+00:00,0.0185,0.038329815955585975,,,True,False
0xdf3b361f2617570e0abc10ece5e350a979c5e1e58ad5a2b5147e023ade4d9311,2024-03-05 00:00:03+00:00,0.0185,0.03559196516845387,,,True,False
0xdf3b361f2617570e0abc10ece5e350a979c5e1e58ad5a2b5147e023ade4d9311,2024-03-06 00:00:03+00:00,0.0185,0.032854114381321776,,,True,False
0xdf3b361f2617570e0abc10ece5e350a979c5e1e58ad5a2b5147e023ade4d9311,2024-03-07 00:00:02+00:00,0.0185,0.030116295282277487,,,True,False
0xdf3b361f2617570e0abc10ece5e350a979c5e1e58ad5a2b5147e023ade4d9311,2024-03-08 00:00:02+00:00,0.0185,0.027378444495145385,,,True,False
0xdf3b361f2617570e0abc10ece5e350a979c5e1e58ad5a2b5147e023ade4d9311,2024-03-09 00:00:03+00:00,0.018,0.02464056201992547,,,True,False
0xdf3b361f2617570e0abc10ece5e350a979c5e1e58ad5a2b5147e023ade4d9311,2024-03-10 00:00:02+00:00,0.0075,0.021902742920881183,,,True,False
0xdf3b361f2617570e0abc10ece5e350a979c5e1e58ad5a2b5147e023ade4d9311,2024-03-11 00:00:02+00:00,0.0055,0.01916489213374908,,,True,False
0xdf3b361f2617570e0abc10ece5e350a979c5e1e58ad5a2b5147e023ade4d9311,2024-03-12 00:00:02+00:00,0.0055,0.016427041346616978,,,True,False
0xdf3b361f2617570e0abc10ece5e350a979c5e1e58ad5a2b5147e023ade4d9311,2024-03-13 00:00:03+00:00,0.0045,0.013689158871397064,,,True,False
0xdf3b361f2617570e0abc10ece5e350a979c5e1e58ad5a2b5147e023ade4d9311,2024-03-14 00:00:03+00:00,0.0045,0.010951308084264963,,,True,False
0xdf3b361f2617570e0abc10ece5e350a979c5e1e58ad5a2b5147e023ade4d9311,2024-03-15 00:00:03+00:00,0.004,0.008213457297132862,,,True,False
0xdf3b361f2617570e0abc10ece5e350a979c5e1e58ad5a2b5147e023ade4d9311,2024-03-16 00:00:02+00:00,0.0045,0.005475638198088575,,,True,False
0xdf3b361f2617570e0abc10ece5e350a979c5e1e58ad5a2b5147e023ade4d9311,2024-03-17 00:00:03+00:00,0.004,0.002737755722868659,,,True,False
0xdf3b361f2617570e0abc10ece5e350a979c5e1e58ad5a2b5147e023ade4d9311,2024-03-18 00:00:03+00:00,0.0035,0.0,,,True,False
0xdf3b361f2617570e0abc10ece5e350a979c5e1e58ad5a2b5147e023ade4d9311,2024-03-19 00:00:02+00:00,0.0035,0.0,,,True,False
0xdf3b361f2617570e0abc10ece5e350a979c5e1e58ad5a2b5147e023ade4d9311,2024-03-20 00:00:03+00:00,0.0015,0.0,,,True,False
0xe83e0658c0c1cdfc4e2e4a82128307cc9b4c2cd0239c321f5a8f8a5ec38ae6b9,2023-03-23 00:00:39+00:00,0.5,0.1095127956498593,3.5579127638797927,14.23165105551917,False,False
0xe83e0658c0c1cdfc4e2e4a82128307cc9b4c2cd0239c321f5a8f8a5ec38ae6b9,2023-03-24 00:00:48+00:00,0.55,0.10677465966993688,3.2391440618745677,13.087450755048758,False,False
0xe83e0658c0c1cdfc4e2e4a82128307cc9b4c2cd0239c321f5a8f8a5ec38ae6b9,2023-03-25 00:00:22+00:00,0.61,0.10403763277308795,2.8856706538537886,12.129763151970527,False,False
0xe83e0658c0c1cdfc4e2e4a82128307cc9b4c2cd0239c321f5a8f8a5ec38ae6b9,2023-03-26 00:00:06+00:00,0.61,0.10130028899536087,2.9243991677982533,12.292556401001486,False,False
0xe83e0658c0c1cdfc4e2e4a82128307cc9b4c2cd0239c321f5a8f8a5ec38ae6b9,2023-03-27 00:00:45+00:00,0.68,0.09856120237280401,2.5456771723890346,11.698884064287844,False,False
0xe83e0658c0c1cdfc4e2e4a82128307cc9b4c2cd0239c321f5a8f8a5ec38ae6b9,2023-03-28 00:00:19+00:00,0.54,0.09582417547595508,3.4929261533871054,14.061699490286253,False,False
0xe83e0658c0c1cdfc4e2e4a82128307cc9b4c2cd0239c321f5a8f8a5ec38ae6b9,2023-03-29 00:00:49+00:00,0.49,0.09308537404618855,3.9421497452751546,15.774908944678488,False,False
0xe83e0658c0c1cdfc4e2e4a82128307cc9b4c2cd0239c321f5a8f8a5ec38ae6b9,2023-03-30 00:00:16+00:00,0.49,0.09034856896595432,4.001411373854592,16.012050315544585,False,False
0xe83e0658c0c1cdfc4e2e4a82128307cc9b4c2cd0239c321f5a8f8a5ec38ae6b9,2023-03-31 00:00:17+00:00,0.46,0.0876106864907344,4.3316161626299134,17.438068287560036,False,False
0xe83e0658c0c1cdfc4e2e4a82128307cc9b4c2cd0239c321f5a8f8a5ec38ae6b9,2023-04-01 00:00:48+00:00,0.46,0.08487185337288007,4.400952327325963,17.71719938537022,False,False
0xe83e0658c0c1cdfc4e2e4a82128307cc9b4c2cd0239c321f5a8f8a5ec38ae6b9,2023-04-02 00:00:52+00:00,0.46,0.08213387583339671,4.473705057639902,18.01008477310749,False,False
0xe83e0658c0c1cdfc4e2e4a82128307cc9b4c2cd0239c321f5a8f8a5ec38ae6b9,2023-04-03 00:00:00+00:00,0.46,0.07939767282683094,4.550138545799979,18.31778802656996,False,False
0xe83e0658c0c1cdfc4e2e4a82128307cc9b4c2cd0239c321f5a8f8a5ec38ae6b9,2023-04-04 00:00:35+00:00,0.47,0.07665871295662535,4.53306361077052,18.197766402129748,False,False
0xe83e0658c0c1cdfc4e2e4a82128307cc9b4c2cd0239c321f5a8f8a5ec38ae6b9,2023-04-05 00:00:24+00:00,0.49,0.0739212107384592,4.423737063285641,17.70202906476847,False,False
0xe83e0658c0c1cdfc4e2e4a82128307cc9b4c2cd0239c321f5a8f8a5ec38ae6b9,2023-04-08 00:00:08+00:00,0.34,0.06570816538646791,6.475986900014912,28.859121657820467,False,False
0xe83e0658c0c1cdfc4e2e4a82128307cc9b4c2cd0239c321f5a8f8a5ec38ae6b9,2023-04-09 00:00:48+00:00,0.34,0.06296904707582325,6.615338505026476,29.48011811509125,False,False
0xe83e0658c0c1cdfc4e2e4a82128307cc9b4c2cd0239c321f5a8f8a5ec38ae6b9,2023-04-10 00:00:31+00:00,0.34,0.06023173498618399,6.7639898265037495,30.142557159107618,False,False
0xe83e0658c0c1cdfc4e2e4a82128307cc9b4c2cd0239c321f5a8f8a5ec38ae6b9,2023-04-11 00:00:29+00:00,0.32,0.05749394757522752,7.2341592972601925,33.2452173587325,False,False
0xe83e0658c0c1cdfc4e2e4a82128307cc9b4c2cd0239c321f5a8f8a5ec38ae6b9,2023-04-12 00:00:03+00:00,0.33,0.05475692067837858,7.25131193840795,32.796526180045,False,False
0xe83e0658c0c1cdfc4e2e4a82128307cc9b4c2cd0239c321f5a8f8a5ec38ae6b9,2023-04-13 00:00:22+00:00,0.25,0.05201846781757802,8.906737803491962,47.5026016186238,False,False
0xe83e0658c0c1cdfc4e2e4a82128307cc9b4c2cd0239c321f5a8f8a5ec38ae6b9,2023-04-14 00:00:30+00:00,0.31,0.0492803635257434,7.988633814532617,37.34751666448162,False,False
0xe83e0658c0c1cdfc4e2e4a82128307cc9b4c2cd0239c321f5a8f8a5ec38ae6b9,2023-04-15 00:00:26+00:00,0.2,0.04654263949096256,10.609664028690586,66.31040017931615,False,False
0xe83e0658c0c1cdfc4e2e4a82128307cc9b4c2cd0239c321f5a8f8a5ec38ae6b9,2023-04-16 00:00:45+00:00,0.2,0.04380418663016199,10.936272567267402,68.35170354542124,False,False
0xe83e0658c0c1cdfc4e2e4a82128307cc9b4c2cd0239c321f5a8f8a5ec38ae6b9,2023-04-17 00:00:23+00:00,0.18,0.041067032980961794,11.876317934925202,80.46285863770461,False,False
0xe83e0658c0c1cdfc4e2e4a82128307cc9b4c2cd0239c321f5a8f8a5ec38ae6b9,2023-04-18 00:00:27+00:00,0.11,0.03832905544147844,14.94919101868984,152.69858037476854,False,False
0xe83e0658c0c1cdfc4e2e4a82128307cc9b4c2cd0239c321f5a8f8a5ec38ae6b9,2023-04-19 00:00:23+00:00,0.11,0.035591331406697596,15.513494372671929,158.46265957785423,False,False
0xe83e0658c0c1cdfc4e2e4a82128307cc9b4c2cd0239c321f5a8f8a5ec38ae6b9,2023-04-20 00:00:46+00:00,0.095,0.03285275179354577,16.95070764948082,197.15856527456606,False,False
0xe83e0658c0c1cdfc4e2e4a82128307cc9b4c2cd0239c321f5a8f8a5ec38ae6b9,2023-04-21 00:00:40+00:00,0.075,0.030115091134940552,19.011783444059695,274.04372531977936,False,False
0xe83e0658c0c1cdfc4e2e4a82128307cc9b4c2cd0239c321f5a8f8a5ec38ae6b9,2023-04-22 00:00:24+00:00,0.06,0.027377747357213475,,,False,False
0xe83e0658c0c1cdfc4e2e4a82128307cc9b4c2cd0239c321f5a8f8a5ec38ae6b9,2023-04-23 00:00:24+00:00,0.06,0.024639896570081376,,,False,False
0xe83e0658c0c1cdfc4e2e4a82128307cc9b4c2cd0239c321f5a8f8a5ec38ae6b9,2023-04-24 00:00:06+00:00,0.06,0.021902616168529926,,,False,False
0xe83e0658c0c1cdfc4e2e4a82128307cc9b4c2cd0239c321f5a8f8a5ec38ae6b9,2023-04-25 00:00:30+00:00,0.045,0.019164004867290287,,,True,False
0xe83e0658c0c1cdfc4e2e4a82128307cc9b4c2cd0239c321f5a8f8a5ec38ae6b9,2023-04-26 00:00:54+00:00,0.11,0.01642539356605065,,,False,False
0xe83e0658c0c1cdfc4e2e4a82128307cc9b4c2cd0239c321f5a8f8a5ec38ae6b9,2023-04-27 00:00:53+00:00,0.115,0.013687574467006363,,,False,False
0xe83e0658c0c1cdfc4e2e4a82128307cc9b4c2cd0239c321f5a8f8a5ec38ae6b9,2023-04-28 00:00:34+00:00,0.08,0.010950325753542729,,,False,False
0xe83e0658c0c1cdfc4e2e4a82128307cc9b4c2cd0239c321f5a8f8a5ec38ae6b9,2023-04-30 00:00:13+00:00,0.065,0.00547528962912262,,,False,False
0xe83e0658c0c1cdfc4e2e4a82128307cc9b4c2cd0239c321f5a8f8a5ec38ae6b9,2023-05-01 00:00:19+00:00,0.055,0.002737248713463635,,,False,False
0xe83e0658c0c1cdfc4e2e4a82128307cc9b4c2cd0239c321f5a8f8a5ec38ae6b9,2023-05-02 00:00:47+00:00,0.04,0.0,,,True,False
0xe83e0658c0c1cdfc4e2e4a82128307cc9b4c2cd0239c321f5a8f8a5ec38ae6b9,2023-05-04 00:00:54+00:00,0.5,0.0,,,False,False
0xe83e0658c0c1cdfc4e2e4a82128307cc9b4c2cd0239c321f5a8f8a5ec38ae6b9,2023-05-05 00:00:04+00:00,0.5,0.0,,,False,False
0xe83e0658c0c1cdfc4e2e4a82128307cc9b4c2cd0239c321f5a8f8a5ec38ae6b9,2023-05-06 00:00:12+00:00,0.5,0.0,,,False,False
0xe83e0658c0c1cdfc4e2e4a82128307cc9b4c2cd0239c321f5a8f8a5ec38ae6b9,2023-05-07 00:00:24+00:00,0.5,0.0,,,False,False
0xe83e0658c0c1cdfc4e2e4a82128307cc9b4c2cd0239c321f5a8f8a5ec38ae6b9,2023-05-08 00:00:41+00:00,0.5,0.0,,,False,False
0xe83e0658c0c1cdfc4e2e4a82128307cc9b4c2cd0239c321f5a8f8a5ec38ae6b9,2023-05-09 00:00:08+00:00,0.5,0.0,,,False,False
0xe83e0658c0c1cdfc4e2e4a82128307cc9b4c2cd0239c321f5a8f8a5ec38ae6b9,2023-05-10 00:00:45+00:00,0.5,0.0,,,False,False
0xe83e0658c0c1cdfc4e2e4a82128307cc9b4c2cd0239c321f5a8f8a5ec38ae6b9,2023-05-11 00:00:36+00:00,0.5,0.0,,,False,False
0xe83e0658c0c1cdfc4e2e4a82128307cc9b4c2cd0239c321f5a8f8a5ec38ae6b9,2023-05-12 00:00:54+00:00,0.5,0.0,,,False,False
0xe83e0658c0c1cdfc4e2e4a82128307cc9b4c2cd0239c321f5a8f8a5ec38ae6b9,2023-05-13 00:00:42+00:00,0.5,0.0,,,False,False
0xe83e0658c0c1cdfc4e2e4a82128307cc9b4c2cd0239c321f5a8f8a5ec38ae6b9,2023-05-15 00:00:02+00:00,0.5,0.0,,,False,False
0xe83e0658c0c1cdfc4e2e4a82128307cc9b4c2cd0239c321f5a8f8a5ec38ae6b9,2023-05-16 00:00:23+00:00,0.5,0.0,,,False,False
0xe83e0658c0c1cdfc4e2e4a82128307cc9b4c2cd0239c321f5a8f8a5ec38ae6b9,2023-05-17 00:00:23+00:00,0.5,0.0,,,False,False
